MFEM mesh v1.0

#
# MFEM Geometry Types (see fem/geom.hpp):
#
# POINT       = 0
# SEGMENT     = 1
# TRIANGLE    = 2
# SQUARE      = 3
# TETRAHEDRON = 4
# CUBE        = 5
# PRISM       = 6
#

dimension
2

elements
17152
1 2 190 2225 2227
1 2 2226 2227 2225
1 2 2225 577 2226
1 2 2227 2226 579
1 2 578 2228 2229
1 2 2226 2229 2228
1 2 2228 579 2226
1 2 2229 2226 577
1 2 577 2230 2229
1 2 2231 2229 2230
1 2 2230 135 2231
1 2 2229 2231 578
1 2 579 2228 2233
1 2 2232 2233 2228
1 2 2228 578 2232
1 2 2233 2232 315
1 2 193 2234 2236
1 2 2235 2236 2234
1 2 2234 580 2235
1 2 2236 2235 582
1 2 581 2237 2238
1 2 2235 2238 2237
1 2 2237 582 2235
1 2 2238 2235 580
1 2 580 2239 2238
1 2 2240 2238 2239
1 2 2239 156 2240
1 2 2238 2240 581
1 2 582 2237 2242
1 2 2241 2242 2237
1 2 2237 581 2241
1 2 2242 2241 397
1 2 212 2243 2245
1 2 2244 2245 2243
1 2 2243 583 2244
1 2 2245 2244 585
1 2 584 2246 2247
1 2 2244 2247 2246
1 2 2246 585 2244
1 2 2247 2244 583
1 2 583 2248 2247
1 2 2249 2247 2248
1 2 2248 37 2249
1 2 2247 2249 584
1 2 585 2246 2251
1 2 2250 2251 2246
1 2 2246 584 2250
1 2 2251 2250 38
1 2 156 2239 2253
1 2 2252 2253 2239
1 2 2239 580 2252
1 2 2253 2252 587
1 2 586 2254 2255
1 2 2252 2255 2254
1 2 2254 587 2252
1 2 2255 2252 580
1 2 580 2234 2255
1 2 2256 2255 2234
1 2 2234 193 2256
1 2 2255 2256 586
1 2 587 2254 2258
1 2 2257 2258 2254
1 2 2254 586 2257
1 2 2258 2257 512
1 2 81 2259 2261
1 2 2260 2261 2259
1 2 2259 588 2260
1 2 2261 2260 590
1 2 589 2262 2263
1 2 2260 2263 2262
1 2 2262 590 2260
1 2 2263 2260 588
1 2 588 2264 2263
1 2 2265 2263 2264
1 2 2264 364 2265
1 2 2263 2265 589
1 2 590 2262 2267
1 2 2266 2267 2262
1 2 2262 589 2266
1 2 2267 2266 220
1 2 317 2268 2270
1 2 2269 2270 2268
1 2 2268 591 2269
1 2 2270 2269 593
1 2 592 2271 2272
1 2 2269 2272 2271
1 2 2271 593 2269
1 2 2272 2269 591
1 2 591 2273 2272
1 2 2274 2272 2273
1 2 2273 192 2274
1 2 2272 2274 592
1 2 593 2271 2276
1 2 2275 2276 2271
1 2 2271 592 2275
1 2 2276 2275 91
1 2 225 2277 2279
1 2 2278 2279 2277
1 2 2277 594 2278
1 2 2279 2278 596
1 2 595 2280 2281
1 2 2278 2281 2280
1 2 2280 596 2278
1 2 2281 2278 594
1 2 594 2282 2281
1 2 2283 2281 2282
1 2 2282 2 2283
1 2 2281 2283 595
1 2 596 2280 2285
1 2 2284 2285 2280
1 2 2280 595 2284
1 2 2285 2284 3
1 2 1 2286 2288
1 2 2287 2288 2286
1 2 2286 597 2287
1 2 2288 2287 599
1 2 598 2289 2290
1 2 2287 2290 2289
1 2 2289 599 2287
1 2 2290 2287 597
1 2 597 2291 2290
1 2 2292 2290 2291
1 2 2291 241 2292
1 2 2290 2292 598
1 2 599 2289 2294
1 2 2293 2294 2289
1 2 2289 598 2293
1 2 2294 2293 0
1 2 104 2295 2297
1 2 2296 2297 2295
1 2 2295 600 2296
1 2 2297 2296 602
1 2 601 2298 2299
1 2 2296 2299 2298
1 2 2298 602 2296
1 2 2299 2296 600
1 2 600 2300 2299
1 2 2301 2299 2300
1 2 2300 198 2301
1 2 2299 2301 601
1 2 602 2298 2303
1 2 2302 2303 2298
1 2 2298 601 2302
1 2 2303 2302 345
1 2 138 2304 2306
1 2 2305 2306 2304
1 2 2304 603 2305
1 2 2306 2305 605
1 2 604 2307 2308
1 2 2305 2308 2307
1 2 2307 605 2305
1 2 2308 2305 603
1 2 603 2309 2308
1 2 2310 2308 2309
1 2 2309 270 2310
1 2 2308 2310 604
1 2 605 2307 2312
1 2 2311 2312 2307
1 2 2307 604 2311
1 2 2312 2311 250
1 2 11 2313 2315
1 2 2314 2315 2313
1 2 2313 606 2314
1 2 2315 2314 608
1 2 607 2316 2317
1 2 2314 2317 2316
1 2 2316 608 2314
1 2 2317 2314 606
1 2 606 2318 2317
1 2 2319 2317 2318
1 2 2318 209 2319
1 2 2317 2319 607
1 2 608 2316 2321
1 2 2320 2321 2316
1 2 2316 607 2320
1 2 2321 2320 330
1 2 327 2322 2324
1 2 2323 2324 2322
1 2 2322 609 2323
1 2 2324 2323 611
1 2 610 2325 2326
1 2 2323 2326 2325
1 2 2325 611 2323
1 2 2326 2323 609
1 2 609 2327 2326
1 2 2328 2326 2327
1 2 2327 284 2328
1 2 2326 2328 610
1 2 611 2325 2330
1 2 2329 2330 2325
1 2 2325 610 2329
1 2 2330 2329 120
1 2 205 2331 2333
1 2 2332 2333 2331
1 2 2331 612 2332
1 2 2333 2332 614
1 2 613 2334 2335
1 2 2332 2335 2334
1 2 2334 614 2332
1 2 2335 2332 612
1 2 612 2336 2335
1 2 2337 2335 2336
1 2 2336 137 2337
1 2 2335 2337 613
1 2 614 2334 2339
1 2 2338 2339 2334
1 2 2334 613 2338
1 2 2339 2338 463
1 2 124 2340 2342
1 2 2341 2342 2340
1 2 2340 615 2341
1 2 2342 2341 617
1 2 616 2343 2344
1 2 2341 2344 2343
1 2 2343 617 2341
1 2 2344 2341 615
1 2 615 2345 2344
1 2 2346 2344 2345
1 2 2345 535 2346
1 2 2344 2346 616
1 2 617 2343 2348
1 2 2347 2348 2343
1 2 2343 616 2347
1 2 2348 2347 211
1 2 251 2349 2351
1 2 2350 2351 2349
1 2 2349 618 2350
1 2 2351 2350 620
1 2 619 2352 2353
1 2 2350 2353 2352
1 2 2352 620 2350
1 2 2353 2350 618
1 2 618 2354 2353
1 2 2355 2353 2354
1 2 2354 64 2355
1 2 2353 2355 619
1 2 620 2352 2357
1 2 2356 2357 2352
1 2 2352 619 2356
1 2 2357 2356 65
1 2 403 2358 2360
1 2 2359 2360 2358
1 2 2358 621 2359
1 2 2360 2359 623
1 2 622 2361 2362
1 2 2359 2362 2361
1 2 2361 623 2359
1 2 2362 2359 621
1 2 621 2363 2362
1 2 2364 2362 2363
1 2 2363 101 2364
1 2 2362 2364 622
1 2 623 2361 2366
1 2 2365 2366 2361
1 2 2361 622 2365
1 2 2366 2365 334
1 2 80 2367 2369
1 2 2368 2369 2367
1 2 2367 624 2368
1 2 2369 2368 626
1 2 625 2370 2371
1 2 2368 2371 2370
1 2 2370 626 2368
1 2 2371 2368 624
1 2 624 2372 2371
1 2 2373 2371 2372
1 2 2372 254 2373
1 2 2371 2373 625
1 2 626 2370 2375
1 2 2374 2375 2370
1 2 2370 625 2374
1 2 2375 2374 232
1 2 0 2293 2377
1 2 2376 2377 2293
1 2 2293 598 2376
1 2 2377 2376 628
1 2 627 2378 2379
1 2 2376 2379 2378
1 2 2378 628 2376
1 2 2379 2376 598
1 2 598 2292 2379
1 2 2380 2379 2292
1 2 2292 241 2380
1 2 2379 2380 627
1 2 628 2378 2382
1 2 2381 2382 2378
1 2 2378 627 2381
1 2 2382 2381 430
1 2 270 2383 2310
1 2 2384 2310 2383
1 2 2383 629 2384
1 2 2310 2384 604
1 2 630 2385 2386
1 2 2384 2386 2385
1 2 2385 604 2384
1 2 2386 2384 629
1 2 629 2387 2386
1 2 2388 2386 2387
1 2 2387 93 2388
1 2 2386 2388 630
1 2 604 2385 2311
1 2 2389 2311 2385
1 2 2385 630 2389
1 2 2311 2389 250
1 2 37 2248 2391
1 2 2390 2391 2248
1 2 2248 583 2390
1 2 2391 2390 632
1 2 631 2392 2393
1 2 2390 2393 2392
1 2 2392 632 2390
1 2 2393 2390 583
1 2 583 2243 2393
1 2 2394 2393 2243
1 2 2243 212 2394
1 2 2393 2394 631
1 2 632 2392 2396
1 2 2395 2396 2392
1 2 2392 631 2395
1 2 2396 2395 376
1 2 130 2397 2399
1 2 2398 2399 2397
1 2 2397 633 2398
1 2 2399 2398 635
1 2 634 2400 2401
1 2 2398 2401 2400
1 2 2400 635 2398
1 2 2401 2398 633
1 2 633 2402 2401
1 2 2403 2401 2402
1 2 2402 212 2403
1 2 2401 2403 634
1 2 635 2400 2405
1 2 2404 2405 2400
1 2 2400 634 2404
1 2 2405 2404 299
1 2 218 2406 2408
1 2 2407 2408 2406
1 2 2406 636 2407
1 2 2408 2407 638
1 2 637 2409 2410
1 2 2407 2410 2409
1 2 2409 638 2407
1 2 2410 2407 636
1 2 636 2411 2410
1 2 2412 2410 2411
1 2 2411 133 2412
1 2 2410 2412 637
1 2 638 2409 2414
1 2 2413 2414 2409
1 2 2409 637 2413
1 2 2414 2413 270
1 2 226 2415 2417
1 2 2416 2417 2415
1 2 2415 639 2416
1 2 2417 2416 641
1 2 640 2418 2419
1 2 2416 2419 2418
1 2 2418 641 2416
1 2 2419 2416 639
1 2 639 2420 2419
1 2 2421 2419 2420
1 2 2420 479 2421
1 2 2419 2421 640
1 2 641 2418 2423
1 2 2422 2423 2418
1 2 2418 640 2422
1 2 2423 2422 113
1 2 91 2275 2425
1 2 2424 2425 2275
1 2 2275 592 2424
1 2 2425 2424 643
1 2 642 2426 2427
1 2 2424 2427 2426
1 2 2426 643 2424
1 2 2427 2424 592
1 2 592 2274 2427
1 2 2428 2427 2274
1 2 2274 192 2428
1 2 2427 2428 642
1 2 643 2426 2430
1 2 2429 2430 2426
1 2 2426 642 2429
1 2 2430 2429 413
1 2 281 2431 2433
1 2 2432 2433 2431
1 2 2431 644 2432
1 2 2433 2432 646
1 2 645 2434 2435
1 2 2432 2435 2434
1 2 2434 646 2432
1 2 2435 2432 644
1 2 644 2436 2435
1 2 2437 2435 2436
1 2 2436 71 2437
1 2 2435 2437 645
1 2 646 2434 2439
1 2 2438 2439 2434
1 2 2434 645 2438
1 2 2439 2438 72
1 2 241 2440 2442
1 2 2441 2442 2440
1 2 2440 647 2441
1 2 2442 2441 649
1 2 648 2443 2444
1 2 2441 2444 2443
1 2 2443 649 2441
1 2 2444 2441 647
1 2 647 2445 2444
1 2 2446 2444 2445
1 2 2445 266 2446
1 2 2444 2446 648
1 2 649 2443 2448
1 2 2447 2448 2443
1 2 2443 648 2447
1 2 2448 2447 169
1 2 135 2230 2450
1 2 2449 2450 2230
1 2 2230 577 2449
1 2 2450 2449 651
1 2 650 2451 2452
1 2 2449 2452 2451
1 2 2451 651 2449
1 2 2452 2449 577
1 2 577 2225 2452
1 2 2453 2452 2225
1 2 2225 190 2453
1 2 2452 2453 650
1 2 651 2451 2455
1 2 2454 2455 2451
1 2 2451 650 2454
1 2 2455 2454 469
1 2 347 2456 2458
1 2 2457 2458 2456
1 2 2456 652 2457
1 2 2458 2457 654
1 2 653 2459 2460
1 2 2457 2460 2459
1 2 2459 654 2457
1 2 2460 2457 652
1 2 652 2461 2460
1 2 2462 2460 2461
1 2 2461 382 2462
1 2 2460 2462 653
1 2 654 2459 2464
1 2 2463 2464 2459
1 2 2459 653 2463
1 2 2464 2463 260
1 2 531 2465 2467
1 2 2466 2467 2465
1 2 2465 655 2466
1 2 2467 2466 657
1 2 656 2468 2469
1 2 2466 2469 2468
1 2 2468 657 2466
1 2 2469 2466 655
1 2 655 2470 2469
1 2 2471 2469 2470
1 2 2470 128 2471
1 2 2469 2471 656
1 2 657 2468 2473
1 2 2472 2473 2468
1 2 2468 656 2472
1 2 2473 2472 210
1 2 71 2436 2475
1 2 2474 2475 2436
1 2 2436 644 2474
1 2 2475 2474 659
1 2 658 2476 2477
1 2 2474 2477 2476
1 2 2476 659 2474
1 2 2477 2474 644
1 2 644 2431 2477
1 2 2478 2477 2431
1 2 2431 281 2478
1 2 2477 2478 658
1 2 659 2476 2480
1 2 2479 2480 2476
1 2 2476 658 2479
1 2 2480 2479 443
1 2 302 2481 2483
1 2 2482 2483 2481
1 2 2481 660 2482
1 2 2483 2482 662
1 2 661 2484 2485
1 2 2482 2485 2484
1 2 2484 662 2482
1 2 2485 2482 660
1 2 660 2486 2485
1 2 2487 2485 2486
1 2 2486 92 2487
1 2 2485 2487 661
1 2 662 2484 2489
1 2 2488 2489 2484
1 2 2484 661 2488
1 2 2489 2488 221
1 2 226 2490 2415
1 2 2491 2415 2490
1 2 2490 663 2491
1 2 2415 2491 639
1 2 664 2492 2493
1 2 2491 2493 2492
1 2 2492 639 2491
1 2 2493 2491 663
1 2 663 2494 2493
1 2 2495 2493 2494
1 2 2494 195 2495
1 2 2493 2495 664
1 2 639 2492 2420
1 2 2496 2420 2492
1 2 2492 664 2496
1 2 2420 2496 479
1 2 241 2497 2440
1 2 2498 2440 2497
1 2 2497 665 2498
1 2 2440 2498 647
1 2 666 2499 2500
1 2 2498 2500 2499
1 2 2499 647 2498
1 2 2500 2498 665
1 2 665 2501 2500
1 2 2502 2500 2501
1 2 2501 122 2502
1 2 2500 2502 666
1 2 647 2499 2445
1 2 2503 2445 2499
1 2 2499 666 2503
1 2 2445 2503 266
1 2 254 2372 2505
1 2 2504 2505 2372
1 2 2372 624 2504
1 2 2505 2504 668
1 2 667 2506 2507
1 2 2504 2507 2506
1 2 2506 668 2504
1 2 2507 2504 624
1 2 624 2367 2507
1 2 2508 2507 2367
1 2 2367 80 2508
1 2 2507 2508 667
1 2 668 2506 2510
1 2 2509 2510 2506
1 2 2506 667 2509
1 2 2510 2509 516
1 2 125 2511 2513
1 2 2512 2513 2511
1 2 2511 669 2512
1 2 2513 2512 671
1 2 670 2514 2515
1 2 2512 2515 2514
1 2 2514 671 2512
1 2 2515 2512 669
1 2 669 2516 2515
1 2 2517 2515 2516
1 2 2516 238 2517
1 2 2515 2517 670
1 2 671 2514 2519
1 2 2518 2519 2514
1 2 2514 670 2518
1 2 2519 2518 432
1 2 208 2520 2522
1 2 2521 2522 2520
1 2 2520 672 2521
1 2 2522 2521 674
1 2 673 2523 2524
1 2 2521 2524 2523
1 2 2523 674 2521
1 2 2524 2521 672
1 2 672 2525 2524
1 2 2526 2524 2525
1 2 2525 110 2526
1 2 2524 2526 673
1 2 674 2523 2528
1 2 2527 2528 2523
1 2 2523 673 2527
1 2 2528 2527 429
1 2 364 2264 2530
1 2 2529 2530 2264
1 2 2264 588 2529
1 2 2530 2529 676
1 2 675 2531 2532
1 2 2529 2532 2531
1 2 2531 676 2529
1 2 2532 2529 588
1 2 588 2259 2532
1 2 2533 2532 2259
1 2 2259 81 2533
1 2 2532 2533 675
1 2 676 2531 2535
1 2 2534 2535 2531
1 2 2531 675 2534
1 2 2535 2534 459
1 2 237 2536 2538
1 2 2537 2538 2536
1 2 2536 677 2537
1 2 2538 2537 679
1 2 678 2539 2540
1 2 2537 2540 2539
1 2 2539 679 2537
1 2 2540 2537 677
1 2 677 2541 2540
1 2 2542 2540 2541
1 2 2541 384 2542
1 2 2540 2542 678
1 2 679 2539 2544
1 2 2543 2544 2539
1 2 2539 678 2543
1 2 2544 2543 87
1 2 122 2545 2547
1 2 2546 2547 2545
1 2 2545 680 2546
1 2 2547 2546 682
1 2 681 2548 2549
1 2 2546 2549 2548
1 2 2548 682 2546
1 2 2549 2546 680
1 2 680 2550 2549
1 2 2551 2549 2550
1 2 2550 383 2551
1 2 2549 2551 681
1 2 682 2548 2553
1 2 2552 2553 2548
1 2 2548 681 2552
1 2 2553 2552 225
1 2 535 2345 2555
1 2 2554 2555 2345
1 2 2345 615 2554
1 2 2555 2554 684
1 2 683 2556 2557
1 2 2554 2557 2556
1 2 2556 684 2554
1 2 2557 2554 615
1 2 615 2340 2557
1 2 2558 2557 2340
1 2 2340 124 2558
1 2 2557 2558 683
1 2 684 2556 2560
1 2 2559 2560 2556
1 2 2556 683 2559
1 2 2560 2559 243
1 2 236 2561 2563
1 2 2562 2563 2561
1 2 2561 685 2562
1 2 2563 2562 687
1 2 686 2564 2565
1 2 2562 2565 2564
1 2 2564 687 2562
1 2 2565 2562 685
1 2 685 2566 2565
1 2 2567 2565 2566
1 2 2566 127 2567
1 2 2565 2567 686
1 2 687 2564 2569
1 2 2568 2569 2564
1 2 2564 686 2568
1 2 2569 2568 222
1 2 463 2338 2571
1 2 2570 2571 2338
1 2 2338 613 2570
1 2 2571 2570 689
1 2 688 2572 2573
1 2 2570 2573 2572
1 2 2572 689 2570
1 2 2573 2570 613
1 2 613 2337 2573
1 2 2574 2573 2337
1 2 2337 137 2574
1 2 2573 2574 688
1 2 689 2572 2576
1 2 2575 2576 2572
1 2 2572 688 2575
1 2 2576 2575 316
1 2 129 2577 2579
1 2 2578 2579 2577
1 2 2577 690 2578
1 2 2579 2578 692
1 2 691 2580 2581
1 2 2578 2581 2580
1 2 2580 692 2578
1 2 2581 2578 690
1 2 690 2582 2581
1 2 2583 2581 2582
1 2 2582 335 2583
1 2 2581 2583 691
1 2 692 2580 2585
1 2 2584 2585 2580
1 2 2580 691 2584
1 2 2585 2584 256
1 2 221 2488 2587
1 2 2586 2587 2488
1 2 2488 661 2586
1 2 2587 2586 694
1 2 693 2588 2589
1 2 2586 2589 2588
1 2 2588 694 2586
1 2 2589 2586 661
1 2 661 2487 2589
1 2 2590 2589 2487
1 2 2487 92 2590
1 2 2589 2590 693
1 2 694 2588 2592
1 2 2591 2592 2588
1 2 2588 693 2591
1 2 2592 2591 569
1 2 229 2593 2595
1 2 2594 2595 2593
1 2 2593 695 2594
1 2 2595 2594 696
1 2 655 2596 2597
1 2 2594 2597 2596
1 2 2596 696 2594
1 2 2597 2594 695
1 2 695 2598 2597
1 2 2470 2597 2598
1 2 2598 128 2470
1 2 2597 2470 655
1 2 696 2596 2599
1 2 2465 2599 2596
1 2 2596 655 2465
1 2 2599 2465 531
1 2 165 2600 2602
1 2 2601 2602 2600
1 2 2600 697 2601
1 2 2602 2601 698
1 2 674 2603 2604
1 2 2601 2604 2603
1 2 2603 698 2601
1 2 2604 2601 697
1 2 697 2605 2604
1 2 2522 2604 2605
1 2 2605 208 2522
1 2 2604 2522 674
1 2 698 2603 2606
1 2 2528 2606 2603
1 2 2603 674 2528
1 2 2606 2528 429
1 2 335 2582 2608
1 2 2607 2608 2582
1 2 2582 690 2607
1 2 2608 2607 700
1 2 699 2609 2610
1 2 2607 2610 2609
1 2 2609 700 2607
1 2 2610 2607 690
1 2 690 2577 2610
1 2 2611 2610 2577
1 2 2577 129 2611
1 2 2610 2611 699
1 2 700 2609 2613
1 2 2612 2613 2609
1 2 2609 699 2612
1 2 2613 2612 300
1 2 125 2513 2615
1 2 2614 2615 2513
1 2 2513 671 2614
1 2 2615 2614 702
1 2 701 2616 2617
1 2 2614 2617 2616
1 2 2616 702 2614
1 2 2617 2614 671
1 2 671 2519 2617
1 2 2618 2617 2519
1 2 2519 432 2618
1 2 2617 2618 701
1 2 702 2616 2620
1 2 2619 2620 2616
1 2 2616 701 2619
1 2 2620 2619 466
1 2 237 2538 2622
1 2 2621 2622 2538
1 2 2538 679 2621
1 2 2622 2621 704
1 2 703 2623 2624
1 2 2621 2624 2623
1 2 2623 704 2621
1 2 2624 2621 679
1 2 679 2544 2624
1 2 2625 2624 2544
1 2 2544 87 2625
1 2 2624 2625 703
1 2 704 2623 2627
1 2 2626 2627 2623
1 2 2623 703 2626
1 2 2627 2626 265
1 2 198 2300 2629
1 2 2628 2629 2300
1 2 2300 600 2628
1 2 2629 2628 706
1 2 705 2630 2631
1 2 2628 2631 2630
1 2 2630 706 2628
1 2 2631 2628 600
1 2 600 2295 2631
1 2 2632 2631 2295
1 2 2295 104 2632
1 2 2631 2632 705
1 2 706 2630 2634
1 2 2633 2634 2630
1 2 2630 705 2633
1 2 2634 2633 356
1 2 347 2458 2636
1 2 2635 2636 2458
1 2 2458 654 2635
1 2 2636 2635 708
1 2 707 2637 2638
1 2 2635 2638 2637
1 2 2637 708 2635
1 2 2638 2635 654
1 2 654 2464 2638
1 2 2639 2638 2464
1 2 2464 260 2639
1 2 2638 2639 707
1 2 708 2637 2641
1 2 2640 2641 2637
1 2 2637 707 2640
1 2 2641 2640 117
1 2 344 2642 2644
1 2 2643 2644 2642
1 2 2642 709 2643
1 2 2644 2643 711
1 2 710 2645 2646
1 2 2643 2646 2645
1 2 2645 711 2643
1 2 2646 2643 709
1 2 709 2647 2646
1 2 2648 2646 2647
1 2 2647 283 2648
1 2 2646 2648 710
1 2 711 2645 2650
1 2 2649 2650 2645
1 2 2645 710 2649
1 2 2650 2649 420
1 2 64 2354 2652
1 2 2651 2652 2354
1 2 2354 618 2651
1 2 2652 2651 713
1 2 712 2653 2654
1 2 2651 2654 2653
1 2 2653 713 2651
1 2 2654 2651 618
1 2 618 2349 2654
1 2 2655 2654 2349
1 2 2349 251 2655
1 2 2654 2655 712
1 2 713 2653 2657
1 2 2656 2657 2653
1 2 2653 712 2656
1 2 2657 2656 404
1 2 336 2658 2660
1 2 2659 2660 2658
1 2 2658 714 2659
1 2 2660 2659 716
1 2 715 2661 2662
1 2 2659 2662 2661
1 2 2661 716 2659
1 2 2662 2659 714
1 2 714 2663 2662
1 2 2664 2662 2663
1 2 2663 215 2664
1 2 2662 2664 715
1 2 716 2661 2666
1 2 2665 2666 2661
1 2 2661 715 2665
1 2 2666 2665 98
1 2 200 2667 2669
1 2 2668 2669 2667
1 2 2667 717 2668
1 2 2669 2668 719
1 2 718 2670 2671
1 2 2668 2671 2670
1 2 2670 719 2668
1 2 2671 2668 717
1 2 717 2672 2671
1 2 2673 2671 2672
1 2 2672 109 2673
1 2 2671 2673 718
1 2 719 2670 2675
1 2 2674 2675 2670
1 2 2670 718 2674
1 2 2675 2674 320
1 2 138 2676 2678
1 2 2677 2678 2676
1 2 2676 720 2677
1 2 2678 2677 722
1 2 721 2679 2680
1 2 2677 2680 2679
1 2 2679 722 2677
1 2 2680 2677 720
1 2 720 2681 2680
1 2 2682 2680 2681
1 2 2681 209 2682
1 2 2680 2682 721
1 2 722 2679 2684
1 2 2683 2684 2679
1 2 2679 721 2683
1 2 2684 2683 462
1 2 133 2411 2686
1 2 2685 2686 2411
1 2 2411 636 2685
1 2 2686 2685 724
1 2 723 2687 2688
1 2 2685 2688 2687
1 2 2687 724 2685
1 2 2688 2685 636
1 2 636 2406 2688
1 2 2689 2688 2406
1 2 2406 218 2689
1 2 2688 2689 723
1 2 724 2687 2691
1 2 2690 2691 2687
1 2 2687 723 2690
1 2 2691 2690 400
1 2 384 2541 2693
1 2 2692 2693 2541
1 2 2541 677 2692
1 2 2693 2692 726
1 2 725 2694 2695
1 2 2692 2695 2694
1 2 2694 726 2692
1 2 2695 2692 677
1 2 677 2536 2695
1 2 2696 2695 2536
1 2 2536 237 2696
1 2 2695 2696 725
1 2 726 2694 2698
1 2 2697 2698 2694
1 2 2694 725 2697
1 2 2698 2697 180
1 2 270 2309 2414
1 2 2699 2414 2309
1 2 2309 603 2699
1 2 2414 2699 638
1 2 727 2700 2701
1 2 2699 2701 2700
1 2 2700 638 2699
1 2 2701 2699 603
1 2 603 2304 2701
1 2 2702 2701 2304
1 2 2304 138 2702
1 2 2701 2702 727
1 2 638 2700 2408
1 2 2703 2408 2700
1 2 2700 727 2703
1 2 2408 2703 218
1 2 224 2704 2706
1 2 2705 2706 2704
1 2 2704 728 2705
1 2 2706 2705 730
1 2 729 2707 2708
1 2 2705 2708 2707
1 2 2707 730 2705
1 2 2708 2705 728
1 2 728 2709 2708
1 2 2710 2708 2709
1 2 2709 141 2710
1 2 2708 2710 729
1 2 730 2707 2712
1 2 2711 2712 2707
1 2 2707 729 2711
1 2 2712 2711 285
1 2 154 2713 2715
1 2 2714 2715 2713
1 2 2713 731 2714
1 2 2715 2714 732
1 2 625 2716 2717
1 2 2714 2717 2716
1 2 2716 732 2714
1 2 2717 2714 731
1 2 731 2718 2717
1 2 2374 2717 2718
1 2 2718 232 2374
1 2 2717 2374 625
1 2 732 2716 2719
1 2 2373 2719 2716
1 2 2716 625 2373
1 2 2719 2373 254
1 2 55 2720 2722
1 2 2721 2722 2720
1 2 2720 733 2721
1 2 2722 2721 735
1 2 734 2723 2724
1 2 2721 2724 2723
1 2 2723 735 2721
1 2 2724 2721 733
1 2 733 2725 2724
1 2 2726 2724 2725
1 2 2725 279 2726
1 2 2724 2726 734
1 2 735 2723 2728
1 2 2727 2728 2723
1 2 2723 734 2727
1 2 2728 2727 54
1 2 122 2501 2545
1 2 2729 2545 2501
1 2 2501 665 2729
1 2 2545 2729 680
1 2 736 2730 2731
1 2 2729 2731 2730
1 2 2730 680 2729
1 2 2731 2729 665
1 2 665 2497 2731
1 2 2732 2731 2497
1 2 2497 241 2732
1 2 2731 2732 736
1 2 680 2730 2550
1 2 2733 2550 2730
1 2 2730 736 2733
1 2 2550 2733 383
1 2 139 2734 2736
1 2 2735 2736 2734
1 2 2734 737 2735
1 2 2736 2735 738
1 2 662 2737 2738
1 2 2735 2738 2737
1 2 2737 738 2735
1 2 2738 2735 737
1 2 737 2739 2738
1 2 2483 2738 2739
1 2 2739 302 2483
1 2 2738 2483 662
1 2 738 2737 2740
1 2 2489 2740 2737
1 2 2737 662 2489
1 2 2740 2489 221
1 2 277 2741 2743
1 2 2742 2743 2741
1 2 2741 739 2742
1 2 2743 2742 741
1 2 740 2744 2745
1 2 2742 2745 2744
1 2 2744 741 2742
1 2 2745 2742 739
1 2 739 2746 2745
1 2 2747 2745 2746
1 2 2746 227 2747
1 2 2745 2747 740
1 2 741 2744 2749
1 2 2748 2749 2744
1 2 2744 740 2748
1 2 2749 2748 105
1 2 279 2725 2751
1 2 2750 2751 2725
1 2 2725 733 2750
1 2 2751 2750 743
1 2 742 2752 2753
1 2 2750 2753 2752
1 2 2752 743 2750
1 2 2753 2750 733
1 2 733 2720 2753
1 2 2754 2753 2720
1 2 2720 55 2754
1 2 2753 2754 742
1 2 743 2752 2756
1 2 2755 2756 2752
1 2 2752 742 2755
1 2 2756 2755 444
1 2 215 2757 2759
1 2 2758 2759 2757
1 2 2757 744 2758
1 2 2759 2758 746
1 2 745 2760 2761
1 2 2758 2761 2760
1 2 2760 746 2758
1 2 2761 2758 744
1 2 744 2762 2761
1 2 2763 2761 2762
1 2 2762 117 2763
1 2 2761 2763 745
1 2 746 2760 2765
1 2 2764 2765 2760
1 2 2760 745 2764
1 2 2765 2764 346
1 2 225 2279 2767
1 2 2766 2767 2279
1 2 2279 596 2766
1 2 2767 2766 748
1 2 747 2768 2769
1 2 2766 2769 2768
1 2 2768 748 2766
1 2 2769 2766 596
1 2 596 2285 2769
1 2 2770 2769 2285
1 2 2285 3 2770
1 2 2769 2770 747
1 2 748 2768 2772
1 2 2771 2772 2768
1 2 2768 747 2771
1 2 2772 2771 318
1 2 471 2773 2775
1 2 2774 2775 2773
1 2 2773 749 2774
1 2 2775 2774 751
1 2 750 2776 2777
1 2 2774 2777 2776
1 2 2776 751 2774
1 2 2777 2774 749
1 2 749 2778 2777
1 2 2779 2777 2778
1 2 2778 211 2779
1 2 2777 2779 750
1 2 751 2776 2781
1 2 2780 2781 2776
1 2 2776 750 2780
1 2 2781 2780 163
1 2 246 2782 2784
1 2 2783 2784 2782
1 2 2782 752 2783
1 2 2784 2783 754
1 2 753 2785 2786
1 2 2783 2786 2785
1 2 2785 754 2783
1 2 2786 2783 752
1 2 752 2787 2786
1 2 2788 2786 2787
1 2 2787 349 2788
1 2 2786 2788 753
1 2 754 2785 2790
1 2 2789 2790 2785
1 2 2785 753 2789
1 2 2790 2789 166
1 2 569 2591 2792
1 2 2791 2792 2591
1 2 2591 693 2791
1 2 2792 2791 756
1 2 755 2793 2794
1 2 2791 2794 2793
1 2 2793 756 2791
1 2 2794 2791 693
1 2 693 2590 2794
1 2 2795 2794 2590
1 2 2590 92 2795
1 2 2794 2795 755
1 2 756 2793 2797
1 2 2796 2797 2793
1 2 2793 755 2796
1 2 2797 2796 248
1 2 163 2780 2799
1 2 2798 2799 2780
1 2 2780 750 2798
1 2 2799 2798 758
1 2 757 2800 2801
1 2 2798 2801 2800
1 2 2800 758 2798
1 2 2801 2798 750
1 2 750 2779 2801
1 2 2802 2801 2779
1 2 2779 211 2802
1 2 2801 2802 757
1 2 758 2800 2804
1 2 2803 2804 2800
1 2 2800 757 2803
1 2 2804 2803 426
1 2 81 2805 2807
1 2 2806 2807 2805
1 2 2805 759 2806
1 2 2807 2806 761
1 2 760 2808 2809
1 2 2806 2809 2808
1 2 2808 761 2806
1 2 2809 2806 759
1 2 759 2810 2809
1 2 2811 2809 2810
1 2 2810 262 2811
1 2 2809 2811 760
1 2 761 2808 2813
1 2 2812 2813 2808
1 2 2808 760 2812
1 2 2813 2812 521
1 2 134 2814 2816
1 2 2815 2816 2814
1 2 2814 762 2815
1 2 2816 2815 764
1 2 763 2817 2818
1 2 2815 2818 2817
1 2 2817 764 2815
1 2 2818 2815 762
1 2 762 2819 2818
1 2 2820 2818 2819
1 2 2819 427 2820
1 2 2818 2820 763
1 2 764 2817 2822
1 2 2821 2822 2817
1 2 2817 763 2821
1 2 2822 2821 233
1 2 109 2823 2673
1 2 2824 2673 2823
1 2 2823 765 2824
1 2 2673 2824 718
1 2 766 2825 2826
1 2 2824 2826 2825
1 2 2825 718 2824
1 2 2826 2824 765
1 2 765 2827 2826
1 2 2828 2826 2827
1 2 2827 214 2828
1 2 2826 2828 766
1 2 718 2825 2674
1 2 2829 2674 2825
1 2 2825 766 2829
1 2 2674 2829 320
1 2 283 2647 2831
1 2 2830 2831 2647
1 2 2647 709 2830
1 2 2831 2830 768
1 2 767 2832 2833
1 2 2830 2833 2832
1 2 2832 768 2830
1 2 2833 2830 709
1 2 709 2642 2833
1 2 2834 2833 2642
1 2 2642 344 2834
1 2 2833 2834 767
1 2 768 2832 2836
1 2 2835 2836 2832
1 2 2832 767 2835
1 2 2836 2835 95
1 2 199 2837 2839
1 2 2838 2839 2837
1 2 2837 769 2838
1 2 2839 2838 771
1 2 770 2840 2841
1 2 2838 2841 2840
1 2 2840 771 2838
1 2 2841 2838 769
1 2 769 2842 2841
1 2 2843 2841 2842
1 2 2842 136 2843
1 2 2841 2843 770
1 2 771 2840 2845
1 2 2844 2845 2840
1 2 2840 770 2844
1 2 2845 2844 395
1 2 227 2746 2847
1 2 2846 2847 2746
1 2 2746 739 2846
1 2 2847 2846 773
1 2 772 2848 2849
1 2 2846 2849 2848
1 2 2848 773 2846
1 2 2849 2846 739
1 2 739 2741 2849
1 2 2850 2849 2741
1 2 2741 277 2850
1 2 2849 2850 772
1 2 773 2848 2852
1 2 2851 2852 2848
1 2 2848 772 2851
1 2 2852 2851 158
1 2 288 2853 2855
1 2 2854 2855 2853
1 2 2853 774 2854
1 2 2855 2854 776
1 2 775 2856 2857
1 2 2854 2857 2856
1 2 2856 776 2854
1 2 2857 2854 774
1 2 774 2858 2857
1 2 2859 2857 2858
1 2 2858 280 2859
1 2 2857 2859 775
1 2 776 2856 2861
1 2 2860 2861 2856
1 2 2856 775 2860
1 2 2861 2860 142
1 2 384 2862 2542
1 2 2863 2542 2862
1 2 2862 777 2863
1 2 2542 2863 678
1 2 778 2864 2865
1 2 2863 2865 2864
1 2 2864 678 2863
1 2 2865 2863 777
1 2 777 2866 2865
1 2 2867 2865 2866
1 2 2866 275 2867
1 2 2865 2867 778
1 2 678 2864 2543
1 2 2868 2543 2864
1 2 2864 778 2868
1 2 2543 2868 87
1 2 345 2302 2870
1 2 2869 2870 2302
1 2 2302 601 2869
1 2 2870 2869 780
1 2 779 2871 2872
1 2 2869 2872 2871
1 2 2871 780 2869
1 2 2872 2869 601
1 2 601 2301 2872
1 2 2873 2872 2301
1 2 2301 198 2873
1 2 2872 2873 779
1 2 780 2871 2875
1 2 2874 2875 2871
1 2 2871 779 2874
1 2 2875 2874 575
1 2 228 2876 2878
1 2 2877 2878 2876
1 2 2876 781 2877
1 2 2878 2877 783
1 2 782 2879 2880
1 2 2877 2880 2879
1 2 2879 783 2877
1 2 2880 2877 781
1 2 781 2881 2880
1 2 2882 2880 2881
1 2 2881 263 2882
1 2 2880 2882 782
1 2 783 2879 2884
1 2 2883 2884 2879
1 2 2879 782 2883
1 2 2884 2883 119
1 2 161 2885 2887
1 2 2886 2887 2885
1 2 2885 784 2886
1 2 2887 2886 786
1 2 785 2888 2889
1 2 2886 2889 2888
1 2 2888 786 2886
1 2 2889 2886 784
1 2 784 2890 2889
1 2 2891 2889 2890
1 2 2890 231 2891
1 2 2889 2891 785
1 2 786 2888 2893
1 2 2892 2893 2888
1 2 2888 785 2892
1 2 2893 2892 303
1 2 547 2894 2896
1 2 2895 2896 2894
1 2 2894 787 2895
1 2 2896 2895 789
1 2 788 2897 2898
1 2 2895 2898 2897
1 2 2897 789 2895
1 2 2898 2895 787
1 2 787 2899 2898
1 2 2900 2898 2899
1 2 2899 169 2900
1 2 2898 2900 788
1 2 789 2897 2902
1 2 2901 2902 2897
1 2 2897 788 2901
1 2 2902 2901 233
1 2 346 2903 2765
1 2 2904 2765 2903
1 2 2903 790 2904
1 2 2765 2904 746
1 2 715 2905 2906
1 2 2904 2906 2905
1 2 2905 746 2904
1 2 2906 2904 790
1 2 790 2907 2906
1 2 2665 2906 2907
1 2 2907 98 2665
1 2 2906 2665 715
1 2 746 2905 2759
1 2 2664 2759 2905
1 2 2905 715 2664
1 2 2759 2664 215
1 2 133 2686 2909
1 2 2908 2909 2686
1 2 2686 724 2908
1 2 2909 2908 792
1 2 791 2910 2911
1 2 2908 2911 2910
1 2 2910 792 2908
1 2 2911 2908 724
1 2 724 2691 2911
1 2 2912 2911 2691
1 2 2691 400 2912
1 2 2911 2912 791
1 2 792 2910 2914
1 2 2913 2914 2910
1 2 2910 791 2913
1 2 2914 2913 272
1 2 92 2915 2795
1 2 2916 2795 2915
1 2 2915 793 2916
1 2 2795 2916 755
1 2 794 2917 2918
1 2 2916 2918 2917
1 2 2917 755 2916
1 2 2918 2916 793
1 2 793 2919 2918
1 2 2920 2918 2919
1 2 2919 327 2920
1 2 2918 2920 794
1 2 755 2917 2796
1 2 2921 2796 2917
1 2 2917 794 2921
1 2 2796 2921 248
1 2 156 2922 2924
1 2 2923 2924 2922
1 2 2922 795 2923
1 2 2924 2923 797
1 2 796 2925 2926
1 2 2923 2926 2925
1 2 2925 797 2923
1 2 2926 2923 795
1 2 795 2927 2926
1 2 2928 2926 2927
1 2 2927 292 2928
1 2 2926 2928 796
1 2 797 2925 2930
1 2 2929 2930 2925
1 2 2925 796 2929
1 2 2930 2929 473
1 2 215 2663 2932
1 2 2931 2932 2663
1 2 2663 714 2931
1 2 2932 2931 799
1 2 798 2933 2934
1 2 2931 2934 2933
1 2 2933 799 2931
1 2 2934 2931 714
1 2 714 2658 2934
1 2 2935 2934 2658
1 2 2658 336 2935
1 2 2934 2935 798
1 2 799 2933 2937
1 2 2936 2937 2933
1 2 2933 798 2936
1 2 2937 2936 529
1 2 360 2938 2940
1 2 2939 2940 2938
1 2 2938 800 2939
1 2 2940 2939 802
1 2 801 2941 2942
1 2 2939 2942 2941
1 2 2941 802 2939
1 2 2942 2939 800
1 2 800 2943 2942
1 2 2944 2942 2943
1 2 2943 451 2944
1 2 2942 2944 801
1 2 802 2941 2946
1 2 2945 2946 2941
1 2 2941 801 2945
1 2 2946 2945 121
1 2 284 2327 2948
1 2 2947 2948 2327
1 2 2327 609 2947
1 2 2948 2947 804
1 2 803 2949 2950
1 2 2947 2950 2949
1 2 2949 804 2947
1 2 2950 2947 609
1 2 609 2322 2950
1 2 2951 2950 2322
1 2 2322 327 2951
1 2 2950 2951 803
1 2 804 2949 2953
1 2 2952 2953 2949
1 2 2949 803 2952
1 2 2953 2952 176
1 2 236 2954 2956
1 2 2955 2956 2954
1 2 2954 805 2955
1 2 2956 2955 807
1 2 806 2957 2958
1 2 2955 2958 2957
1 2 2957 807 2955
1 2 2958 2955 805
1 2 805 2959 2958
1 2 2960 2958 2959
1 2 2959 60 2960
1 2 2958 2960 806
1 2 807 2957 2962
1 2 2961 2962 2957
1 2 2957 806 2961
1 2 2962 2961 61
1 2 148 2963 2965
1 2 2964 2965 2963
1 2 2963 808 2964
1 2 2965 2964 810
1 2 809 2966 2967
1 2 2964 2967 2966
1 2 2966 810 2964
1 2 2967 2964 808
1 2 808 2968 2967
1 2 2969 2967 2968
1 2 2968 240 2969
1 2 2967 2969 809
1 2 810 2966 2971
1 2 2970 2971 2966
1 2 2966 809 2970
1 2 2971 2970 337
1 2 301 2972 2974
1 2 2973 2974 2972
1 2 2972 811 2973
1 2 2974 2973 812
1 2 666 2975 2976
1 2 2973 2976 2975
1 2 2975 812 2973
1 2 2976 2973 811
1 2 811 2977 2976
1 2 2503 2976 2977
1 2 2977 266 2503
1 2 2976 2503 666
1 2 812 2975 2978
1 2 2502 2978 2975
1 2 2975 666 2502
1 2 2978 2502 122
1 2 169 2899 2980
1 2 2979 2980 2899
1 2 2899 787 2979
1 2 2980 2979 814
1 2 813 2981 2982
1 2 2979 2982 2981
1 2 2981 814 2979
1 2 2982 2979 787
1 2 787 2894 2982
1 2 2983 2982 2894
1 2 2894 547 2983
1 2 2982 2983 813
1 2 814 2981 2985
1 2 2984 2985 2981
1 2 2981 813 2984
1 2 2985 2984 430
1 2 124 2342 2987
1 2 2986 2987 2342
1 2 2342 617 2986
1 2 2987 2986 815
1 2 749 2988 2989
1 2 2986 2989 2988
1 2 2988 815 2986
1 2 2989 2986 617
1 2 617 2348 2989
1 2 2778 2989 2348
1 2 2348 211 2778
1 2 2989 2778 749
1 2 815 2988 2990
1 2 2773 2990 2988
1 2 2988 749 2773
1 2 2990 2773 471
1 2 211 2991 2802
1 2 2992 2802 2991
1 2 2991 816 2992
1 2 2802 2992 757
1 2 817 2993 2994
1 2 2992 2994 2993
1 2 2993 757 2992
1 2 2994 2992 816
1 2 816 2995 2994
1 2 2996 2994 2995
1 2 2995 118 2996
1 2 2994 2996 817
1 2 757 2993 2803
1 2 2997 2803 2993
1 2 2993 817 2997
1 2 2803 2997 426
1 2 120 2329 2999
1 2 2998 2999 2329
1 2 2329 610 2998
1 2 2999 2998 819
1 2 818 3000 3001
1 2 2998 3001 3000
1 2 3000 819 2998
1 2 3001 2998 610
1 2 610 2328 3001
1 2 3002 3001 2328
1 2 2328 284 3002
1 2 3001 3002 818
1 2 819 3000 3004
1 2 3003 3004 3000
1 2 3000 818 3003
1 2 3004 3003 249
1 2 109 2672 3006
1 2 3005 3006 2672
1 2 2672 717 3005
1 2 3006 3005 821
1 2 820 3007 3008
1 2 3005 3008 3007
1 2 3007 821 3005
1 2 3008 3005 717
1 2 717 2667 3008
1 2 3009 3008 2667
1 2 2667 200 3009
1 2 3008 3009 820
1 2 821 3007 3011
1 2 3010 3011 3007
1 2 3007 820 3010
1 2 3011 3010 396
1 2 101 2363 3013
1 2 3012 3013 2363
1 2 2363 621 3012
1 2 3013 3012 823
1 2 822 3014 3015
1 2 3012 3015 3014
1 2 3014 823 3012
1 2 3015 3012 621
1 2 621 2358 3015
1 2 3016 3015 2358
1 2 2358 403 3016
1 2 3015 3016 822
1 2 823 3014 3018
1 2 3017 3018 3014
1 2 3014 822 3017
1 2 3018 3017 304
1 2 156 2924 2240
1 2 3019 2240 2924
1 2 2924 797 3019
1 2 2240 3019 581
1 2 824 3020 3021
1 2 3019 3021 3020
1 2 3020 581 3019
1 2 3021 3019 797
1 2 797 2930 3021
1 2 3022 3021 2930
1 2 2930 473 3022
1 2 3021 3022 824
1 2 581 3020 2241
1 2 3023 2241 3020
1 2 3020 824 3023
1 2 2241 3023 397
1 2 337 2970 3025
1 2 3024 3025 2970
1 2 2970 809 3024
1 2 3025 3024 826
1 2 825 3026 3027
1 2 3024 3027 3026
1 2 3026 826 3024
1 2 3027 3024 809
1 2 809 2969 3027
1 2 3028 3027 2969
1 2 2969 240 3028
1 2 3027 3028 825
1 2 826 3026 3030
1 2 3029 3030 3026
1 2 3026 825 3029
1 2 3030 3029 84
1 2 137 2336 3032
1 2 3031 3032 2336
1 2 2336 612 3031
1 2 3032 3031 828
1 2 827 3033 3034
1 2 3031 3034 3033
1 2 3033 828 3031
1 2 3034 3031 612
1 2 612 2331 3034
1 2 3035 3034 2331
1 2 2331 205 3035
1 2 3034 3035 827
1 2 828 3033 3037
1 2 3036 3037 3033
1 2 3033 827 3036
1 2 3037 3036 361
1 2 137 3038 2574
1 2 3039 2574 3038
1 2 3038 829 3039
1 2 2574 3039 688
1 2 830 3040 3041
1 2 3039 3041 3040
1 2 3040 688 3039
1 2 3041 3039 829
1 2 829 3042 3041
1 2 3043 3041 3042
1 2 3042 217 3043
1 2 3041 3043 830
1 2 688 3040 2575
1 2 3044 2575 3040
1 2 3040 830 3044
1 2 2575 3044 316
1 2 275 2866 3046
1 2 3045 3046 2866
1 2 2866 777 3045
1 2 3046 3045 832
1 2 831 3047 3048
1 2 3045 3048 3047
1 2 3047 832 3045
1 2 3048 3045 777
1 2 777 2862 3048
1 2 3049 3048 2862
1 2 2862 384 3049
1 2 3048 3049 831
1 2 832 3047 3051
1 2 3050 3051 3047
1 2 3047 831 3050
1 2 3051 3050 197
1 2 239 3052 3054
1 2 3053 3054 3052
1 2 3052 833 3053
1 2 3054 3053 835
1 2 834 3055 3056
1 2 3053 3056 3055
1 2 3055 835 3053
1 2 3056 3053 833
1 2 833 3057 3056
1 2 3058 3056 3057
1 2 3057 20 3058
1 2 3056 3058 834
1 2 835 3055 3060
1 2 3059 3060 3055
1 2 3055 834 3059
1 2 3060 3059 21
1 2 137 3061 3063
1 2 3062 3063 3061
1 2 3061 836 3062
1 2 3063 3062 837
1 2 704 3064 3065
1 2 3062 3065 3064
1 2 3064 837 3062
1 2 3065 3062 836
1 2 836 3066 3065
1 2 2622 3065 3066
1 2 3066 237 2622
1 2 3065 2622 704
1 2 837 3064 3067
1 2 2627 3067 3064
1 2 3064 704 2627
1 2 3067 2627 265
1 2 273 3068 3070
1 2 3069 3070 3068
1 2 3068 838 3069
1 2 3070 3069 840
1 2 839 3071 3072
1 2 3069 3072 3071
1 2 3071 840 3069
1 2 3072 3069 838
1 2 838 3073 3072
1 2 3074 3072 3073
1 2 3073 279 3074
1 2 3072 3074 839
1 2 840 3071 3076
1 2 3075 3076 3071
1 2 3071 839 3075
1 2 3076 3075 129
1 2 209 2318 2682
1 2 3077 2682 2318
1 2 2318 606 3077
1 2 2682 3077 721
1 2 841 3078 3079
1 2 3077 3079 3078
1 2 3078 721 3077
1 2 3079 3077 606
1 2 606 2313 3079
1 2 3080 3079 2313
1 2 2313 11 3080
1 2 3079 3080 841
1 2 721 3078 2683
1 2 3081 2683 3078
1 2 3078 841 3081
1 2 2683 3081 462
1 2 267 3082 3084
1 2 3083 3084 3082
1 2 3082 842 3083
1 2 3084 3083 844
1 2 843 3085 3086
1 2 3083 3086 3085
1 2 3085 844 3083
1 2 3086 3083 842
1 2 842 3087 3086
1 2 3088 3086 3087
1 2 3087 379 3088
1 2 3086 3088 843
1 2 844 3085 3090
1 2 3089 3090 3085
1 2 3085 843 3089
1 2 3090 3089 150
1 2 262 2810 3092
1 2 3091 3092 2810
1 2 2810 759 3091
1 2 3092 3091 846
1 2 845 3093 3094
1 2 3091 3094 3093
1 2 3093 846 3091
1 2 3094 3091 759
1 2 759 2805 3094
1 2 3095 3094 2805
1 2 2805 81 3095
1 2 3094 3095 845
1 2 846 3093 3097
1 2 3096 3097 3093
1 2 3093 845 3096
1 2 3097 3096 333
1 2 233 2901 3099
1 2 3098 3099 2901
1 2 2901 788 3098
1 2 3099 3098 848
1 2 847 3100 3101
1 2 3098 3101 3100
1 2 3100 848 3098
1 2 3101 3098 788
1 2 788 2900 3101
1 2 3102 3101 2900
1 2 2900 169 3102
1 2 3101 3102 847
1 2 848 3100 3104
1 2 3103 3104 3100
1 2 3100 847 3103
1 2 3104 3103 498
1 2 110 2525 3106
1 2 3105 3106 2525
1 2 2525 672 3105
1 2 3106 3105 850
1 2 849 3107 3108
1 2 3105 3108 3107
1 2 3107 850 3105
1 2 3108 3105 672
1 2 672 2520 3108
1 2 3109 3108 2520
1 2 2520 208 3109
1 2 3108 3109 849
1 2 850 3107 3111
1 2 3110 3111 3107
1 2 3107 849 3110
1 2 3111 3110 331
1 2 301 3112 3114
1 2 3113 3114 3112
1 2 3112 851 3113
1 2 3114 3113 853
1 2 852 3115 3116
1 2 3113 3116 3115
1 2 3115 853 3113
1 2 3116 3113 851
1 2 851 3117 3116
1 2 3118 3116 3117
1 2 3117 224 3118
1 2 3116 3118 852
1 2 853 3115 3120
1 2 3119 3120 3115
1 2 3115 852 3119
1 2 3120 3119 89
1 2 427 2819 3122
1 2 3121 3122 2819
1 2 2819 762 3121
1 2 3122 3121 855
1 2 854 3123 3124
1 2 3121 3124 3123
1 2 3123 855 3121
1 2 3124 3121 762
1 2 762 2814 3124
1 2 3125 3124 2814
1 2 2814 134 3125
1 2 3124 3125 854
1 2 855 3123 3127
1 2 3126 3127 3123
1 2 3123 854 3126
1 2 3127 3126 291
1 2 492 3128 3130
1 2 3129 3130 3128
1 2 3128 856 3129
1 2 3130 3129 858
1 2 857 3131 3132
1 2 3129 3132 3131
1 2 3131 858 3129
1 2 3132 3129 856
1 2 856 3133 3132
1 2 3134 3132 3133
1 2 3133 262 3134
1 2 3132 3134 857
1 2 858 3131 3136
1 2 3135 3136 3131
1 2 3131 857 3135
1 2 3136 3135 112
1 2 212 2402 2394
1 2 3137 2394 2402
1 2 2402 633 3137
1 2 2394 3137 631
1 2 859 3138 3139
1 2 3137 3139 3138
1 2 3138 631 3137
1 2 3139 3137 633
1 2 633 2397 3139
1 2 3140 3139 2397
1 2 2397 130 3140
1 2 3139 3140 859
1 2 631 3138 2395
1 2 3141 2395 3138
1 2 3138 859 3141
1 2 2395 3141 376
1 2 442 3142 3144
1 2 3143 3144 3142
1 2 3142 860 3143
1 2 3144 3143 862
1 2 861 3145 3146
1 2 3143 3146 3145
1 2 3145 862 3143
1 2 3146 3143 860
1 2 860 3147 3146
1 2 3148 3146 3147
1 2 3147 232 3148
1 2 3146 3148 861
1 2 862 3145 3150
1 2 3149 3150 3145
1 2 3145 861 3149
1 2 3150 3149 171
1 2 138 2678 3152
1 2 3151 3152 2678
1 2 2678 722 3151
1 2 3152 3151 864
1 2 863 3153 3154
1 2 3151 3154 3153
1 2 3153 864 3151
1 2 3154 3151 722
1 2 722 2684 3154
1 2 3155 3154 2684
1 2 2684 462 3155
1 2 3154 3155 863
1 2 864 3153 3157
1 2 3156 3157 3153
1 2 3153 863 3156
1 2 3157 3156 321
1 2 35 3158 3160
1 2 3159 3160 3158
1 2 3158 865 3159
1 2 3160 3159 867
1 2 866 3161 3162
1 2 3159 3162 3161
1 2 3161 867 3159
1 2 3162 3159 865
1 2 865 3163 3162
1 2 3164 3162 3163
1 2 3163 295 3164
1 2 3162 3164 866
1 2 867 3161 3166
1 2 3165 3166 3161
1 2 3161 866 3165
1 2 3166 3165 34
1 2 317 3167 2268
1 2 3168 2268 3167
1 2 3167 868 3168
1 2 2268 3168 591
1 2 869 3169 3170
1 2 3168 3170 3169
1 2 3169 591 3168
1 2 3170 3168 868
1 2 868 3171 3170
1 2 3172 3170 3171
1 2 3171 367 3172
1 2 3170 3172 869
1 2 591 3169 2273
1 2 3173 2273 3169
1 2 3169 869 3173
1 2 2273 3173 192
1 2 367 3171 3175
1 2 3174 3175 3171
1 2 3171 868 3174
1 2 3175 3174 871
1 2 870 3176 3177
1 2 3174 3177 3176
1 2 3176 871 3174
1 2 3177 3174 868
1 2 868 3167 3177
1 2 3178 3177 3167
1 2 3167 317 3178
1 2 3177 3178 870
1 2 871 3176 3180
1 2 3179 3180 3176
1 2 3176 870 3179
1 2 3180 3179 132
1 2 379 3087 3182
1 2 3181 3182 3087
1 2 3087 842 3181
1 2 3182 3181 873
1 2 872 3183 3184
1 2 3181 3184 3183
1 2 3183 873 3181
1 2 3184 3181 842
1 2 842 3082 3184
1 2 3185 3184 3082
1 2 3082 267 3185
1 2 3184 3185 872
1 2 873 3183 3187
1 2 3186 3187 3183
1 2 3183 872 3186
1 2 3187 3186 97
1 2 279 3073 3189
1 2 3188 3189 3073
1 2 3073 838 3188
1 2 3189 3188 875
1 2 874 3190 3191
1 2 3188 3191 3190
1 2 3190 875 3188
1 2 3191 3188 838
1 2 838 3068 3191
1 2 3192 3191 3068
1 2 3068 273 3192
1 2 3191 3192 874
1 2 875 3190 3194
1 2 3193 3194 3190
1 2 3190 874 3193
1 2 3194 3193 497
1 2 16 3195 3197
1 2 3196 3197 3195
1 2 3195 876 3196
1 2 3197 3196 878
1 2 877 3198 3199
1 2 3196 3199 3198
1 2 3198 878 3196
1 2 3199 3196 876
1 2 876 3200 3199
1 2 3201 3199 3200
1 2 3200 272 3201
1 2 3199 3201 877
1 2 878 3198 3203
1 2 3202 3203 3198
1 2 3198 877 3202
1 2 3203 3202 15
1 2 110 3204 2526
1 2 3205 2526 3204
1 2 3204 879 3205
1 2 2526 3205 673
1 2 880 3206 3207
1 2 3205 3207 3206
1 2 3206 673 3205
1 2 3207 3205 879
1 2 879 3208 3207
1 2 3209 3207 3208
1 2 3208 205 3209
1 2 3207 3209 880
1 2 673 3206 2527
1 2 3210 2527 3206
1 2 3206 880 3210
1 2 2527 3210 429
1 2 296 3211 3213
1 2 3212 3213 3211
1 2 3211 881 3212
1 2 3213 3212 883
1 2 882 3214 3215
1 2 3212 3215 3214
1 2 3214 883 3212
1 2 3215 3212 881
1 2 881 3216 3215
1 2 3217 3215 3216
1 2 3216 358 3217
1 2 3215 3217 882
1 2 883 3214 3219
1 2 3218 3219 3214
1 2 3214 882 3218
1 2 3219 3218 175
1 2 521 2812 3221
1 2 3220 3221 2812
1 2 2812 760 3220
1 2 3221 3220 885
1 2 884 3222 3223
1 2 3220 3223 3222
1 2 3222 885 3220
1 2 3223 3220 760
1 2 760 2811 3223
1 2 3224 3223 2811
1 2 2811 262 3224
1 2 3223 3224 884
1 2 885 3222 3226
1 2 3225 3226 3222
1 2 3222 884 3225
1 2 3226 3225 203
1 2 268 3227 3229
1 2 3228 3229 3227
1 2 3227 886 3228
1 2 3229 3228 888
1 2 887 3230 3231
1 2 3228 3231 3230
1 2 3230 888 3228
1 2 3231 3228 886
1 2 886 3232 3231
1 2 3233 3231 3232
1 2 3232 40 3233
1 2 3231 3233 887
1 2 888 3230 3235
1 2 3234 3235 3230
1 2 3230 887 3234
1 2 3235 3234 41
1 2 398 3236 3238
1 2 3237 3238 3236
1 2 3236 889 3237
1 2 3238 3237 891
1 2 890 3239 3240
1 2 3237 3240 3239
1 2 3239 891 3237
1 2 3240 3237 889
1 2 889 3241 3240
1 2 3242 3240 3241
1 2 3241 303 3242
1 2 3240 3242 890
1 2 891 3239 3244
1 2 3243 3244 3239
1 2 3239 890 3243
1 2 3244 3243 171
1 2 180 3245 3247
1 2 3246 3247 3245
1 2 3245 892 3246
1 2 3247 3246 894
1 2 893 3248 3249
1 2 3246 3249 3248
1 2 3248 894 3246
1 2 3249 3246 892
1 2 892 3250 3249
1 2 3251 3249 3250
1 2 3250 226 3251
1 2 3249 3251 893
1 2 894 3248 3253
1 2 3252 3253 3248
1 2 3248 893 3252
1 2 3253 3252 482
1 2 228 2878 3255
1 2 3254 3255 2878
1 2 2878 783 3254
1 2 3255 3254 896
1 2 895 3256 3257
1 2 3254 3257 3256
1 2 3256 896 3254
1 2 3257 3254 783
1 2 783 2884 3257
1 2 3258 3257 2884
1 2 2884 119 3258
1 2 3257 3258 895
1 2 896 3256 3260
1 2 3259 3260 3256
1 2 3256 895 3259
1 2 3260 3259 532
1 2 11 2315 3262
1 2 3261 3262 2315
1 2 2315 608 3261
1 2 3262 3261 898
1 2 897 3263 3264
1 2 3261 3264 3263
1 2 3263 898 3261
1 2 3264 3261 608
1 2 608 2321 3264
1 2 3265 3264 2321
1 2 2321 330 3265
1 2 3264 3265 897
1 2 898 3263 3267
1 2 3266 3267 3263
1 2 3263 897 3266
1 2 3267 3266 10
1 2 214 3268 2828
1 2 3269 2828 3268
1 2 3268 899 3269
1 2 2828 3269 766
1 2 900 3270 3271
1 2 3269 3271 3270
1 2 3270 766 3269
1 2 3271 3269 899
1 2 899 3272 3271
1 2 3273 3271 3272
1 2 3272 125 3273
1 2 3271 3273 900
1 2 766 3270 2829
1 2 3274 2829 3270
1 2 3270 900 3274
1 2 2829 3274 320
1 2 195 2494 3276
1 2 3275 3276 2494
1 2 2494 663 3275
1 2 3276 3275 902
1 2 901 3277 3278
1 2 3275 3278 3277
1 2 3277 902 3275
1 2 3278 3275 663
1 2 663 2490 3278
1 2 3279 3278 2490
1 2 2490 226 3279
1 2 3278 3279 901
1 2 902 3277 3281
1 2 3280 3281 3277
1 2 3277 901 3280
1 2 3281 3280 525
1 2 136 2842 3283
1 2 3282 3283 2842
1 2 2842 769 3282
1 2 3283 3282 904
1 2 903 3284 3285
1 2 3282 3285 3284
1 2 3284 904 3282
1 2 3285 3282 769
1 2 769 2837 3285
1 2 3286 3285 2837
1 2 2837 199 3286
1 2 3285 3286 903
1 2 904 3284 3288
1 2 3287 3288 3284
1 2 3284 903 3287
1 2 3288 3287 368
1 2 208 2605 3290
1 2 3289 3290 2605
1 2 2605 697 3289
1 2 3290 3289 906
1 2 905 3291 3292
1 2 3289 3292 3291
1 2 3291 906 3289
1 2 3292 3289 697
1 2 697 2600 3292
1 2 3293 3292 2600
1 2 2600 165 3293
1 2 3292 3293 905
1 2 906 3291 3295
1 2 3294 3295 3291
1 2 3291 905 3294
1 2 3295 3294 390
1 2 211 3296 2991
1 2 3297 2991 3296
1 2 3296 907 3297
1 2 2991 3297 816
1 2 908 3298 3299
1 2 3297 3299 3298
1 2 3298 816 3297
1 2 3299 3297 907
1 2 907 3300 3299
1 2 3301 3299 3300
1 2 3300 339 3301
1 2 3299 3301 908
1 2 816 3298 2995
1 2 3302 2995 3298
1 2 3298 908 3302
1 2 2995 3302 118
1 2 529 2936 3304
1 2 3303 3304 2936
1 2 2936 798 3303
1 2 3304 3303 910
1 2 909 3305 3306
1 2 3303 3306 3305
1 2 3305 910 3303
1 2 3306 3303 798
1 2 798 2935 3306
1 2 3307 3306 2935
1 2 2935 336 3307
1 2 3306 3307 909
1 2 910 3305 3309
1 2 3308 3309 3305
1 2 3305 909 3308
1 2 3309 3308 143
1 2 147 3310 3312
1 2 3311 3312 3310
1 2 3310 911 3311
1 2 3312 3311 913
1 2 912 3313 3314
1 2 3311 3314 3313
1 2 3313 913 3311
1 2 3314 3311 911
1 2 911 3315 3314
1 2 3316 3314 3315
1 2 3315 219 3316
1 2 3314 3316 912
1 2 913 3313 3318
1 2 3317 3318 3313
1 2 3313 912 3317
1 2 3318 3317 396
1 2 272 3200 3320
1 2 3319 3320 3200
1 2 3200 876 3319
1 2 3320 3319 915
1 2 914 3321 3322
1 2 3319 3322 3321
1 2 3321 915 3319
1 2 3322 3319 876
1 2 876 3195 3322
1 2 3323 3322 3195
1 2 3195 16 3323
1 2 3322 3323 914
1 2 915 3321 3325
1 2 3324 3325 3321
1 2 3321 914 3324
1 2 3325 3324 453
1 2 193 2236 3327
1 2 3326 3327 2236
1 2 2236 582 3326
1 2 3327 3326 917
1 2 916 3328 3329
1 2 3326 3329 3328
1 2 3328 917 3326
1 2 3329 3326 582
1 2 582 2242 3329
1 2 3330 3329 2242
1 2 2242 397 3330
1 2 3329 3330 916
1 2 917 3328 3332
1 2 3331 3332 3328
1 2 3328 916 3331
1 2 3332 3331 247
1 2 358 3216 3334
1 2 3333 3334 3216
1 2 3216 881 3333
1 2 3334 3333 919
1 2 918 3335 3336
1 2 3333 3336 3335
1 2 3335 919 3333
1 2 3336 3333 881
1 2 881 3211 3336
1 2 3337 3336 3211
1 2 3211 296 3337
1 2 3336 3337 918
1 2 919 3335 3339
1 2 3338 3339 3335
1 2 3335 918 3338
1 2 3339 3338 103
1 2 346 2764 3341
1 2 3340 3341 2764
1 2 2764 745 3340
1 2 3341 3340 920
1 2 707 3342 3343
1 2 3340 3343 3342
1 2 3342 920 3340
1 2 3343 3340 745
1 2 745 2763 3343
1 2 2640 3343 2763
1 2 2763 117 2640
1 2 3343 2640 707
1 2 920 3342 3344
1 2 2639 3344 3342
1 2 3342 707 2639
1 2 3344 2639 260
1 2 280 2858 3346
1 2 3345 3346 2858
1 2 2858 774 3345
1 2 3346 3345 922
1 2 921 3347 3348
1 2 3345 3348 3347
1 2 3347 922 3345
1 2 3348 3345 774
1 2 774 2853 3348
1 2 3349 3348 2853
1 2 2853 288 3349
1 2 3348 3349 921
1 2 922 3347 3351
1 2 3350 3351 3347
1 2 3347 921 3350
1 2 3351 3350 494
1 2 339 3352 3354
1 2 3353 3354 3352
1 2 3352 923 3353
1 2 3354 3353 925
1 2 924 3355 3356
1 2 3353 3356 3355
1 2 3355 925 3353
1 2 3356 3353 923
1 2 923 3357 3356
1 2 3358 3356 3357
1 2 3357 201 3358
1 2 3356 3358 924
1 2 925 3355 3360
1 2 3359 3360 3355
1 2 3355 924 3359
1 2 3360 3359 269
1 2 92 3361 2915
1 2 3362 2915 3361
1 2 3361 926 3362
1 2 2915 3362 793
1 2 927 3363 3364
1 2 3362 3364 3363
1 2 3363 793 3362
1 2 3364 3362 926
1 2 926 3365 3364
1 2 3366 3364 3365
1 2 3365 290 3366
1 2 3364 3366 927
1 2 793 3363 2919
1 2 3367 2919 3363
1 2 3363 927 3367
1 2 2919 3367 327
1 2 115 3368 3370
1 2 3369 3370 3368
1 2 3368 928 3369
1 2 3370 3369 929
1 2 589 3371 3372
1 2 3369 3372 3371
1 2 3371 929 3369
1 2 3372 3369 928
1 2 928 3373 3372
1 2 2266 3372 3373
1 2 3373 220 2266
1 2 3372 2266 589
1 2 929 3371 3374
1 2 2265 3374 3371
1 2 3371 589 2265
1 2 3374 2265 364
1 2 205 3208 3035
1 2 3375 3035 3208
1 2 3208 879 3375
1 2 3035 3375 827
1 2 930 3376 3377
1 2 3375 3377 3376
1 2 3376 827 3375
1 2 3377 3375 879
1 2 879 3204 3377
1 2 3378 3377 3204
1 2 3204 110 3378
1 2 3377 3378 930
1 2 827 3376 3036
1 2 3379 3036 3376
1 2 3376 930 3379
1 2 3036 3379 361
1 2 131 3380 3382
1 2 3381 3382 3380
1 2 3380 931 3381
1 2 3382 3381 933
1 2 932 3383 3384
1 2 3381 3384 3383
1 2 3383 933 3381
1 2 3384 3381 931
1 2 931 3385 3384
1 2 3386 3384 3385
1 2 3385 570 3386
1 2 3384 3386 932
1 2 933 3383 3388
1 2 3387 3388 3383
1 2 3383 932 3387
1 2 3388 3387 242
1 2 131 3389 3380
1 2 3390 3380 3389
1 2 3389 934 3390
1 2 3380 3390 931
1 2 935 3391 3392
1 2 3390 3392 3391
1 2 3391 931 3390
1 2 3392 3390 934
1 2 934 3393 3392
1 2 3394 3392 3393
1 2 3393 234 3394
1 2 3392 3394 935
1 2 931 3391 3385
1 2 3395 3385 3391
1 2 3391 935 3395
1 2 3385 3395 570
1 2 262 3133 3224
1 2 3396 3224 3133
1 2 3133 856 3396
1 2 3224 3396 884
1 2 936 3397 3398
1 2 3396 3398 3397
1 2 3397 884 3396
1 2 3398 3396 856
1 2 856 3128 3398
1 2 3399 3398 3128
1 2 3128 492 3399
1 2 3398 3399 936
1 2 884 3397 3225
1 2 3400 3225 3397
1 2 3397 936 3400
1 2 3225 3400 203
1 2 223 3401 3403
1 2 3402 3403 3401
1 2 3401 937 3402
1 2 3403 3402 939
1 2 938 3404 3405
1 2 3402 3405 3404
1 2 3404 939 3402
1 2 3405 3402 937
1 2 937 3406 3405
1 2 3407 3405 3406
1 2 3406 140 3407
1 2 3405 3407 938
1 2 939 3404 3409
1 2 3408 3409 3404
1 2 3404 938 3408
1 2 3409 3408 290
1 2 430 2381 2985
1 2 3410 2985 2381
1 2 2381 627 3410
1 2 2985 3410 814
1 2 649 3411 3412
1 2 3410 3412 3411
1 2 3411 814 3410
1 2 3412 3410 627
1 2 627 2380 3412
1 2 2442 3412 2380
1 2 2380 241 2442
1 2 3412 2442 649
1 2 814 3411 2980
1 2 2448 2980 3411
1 2 3411 649 2448
1 2 2980 2448 169
1 2 500 3413 3415
1 2 3414 3415 3413
1 2 3413 940 3414
1 2 3415 3414 942
1 2 941 3416 3417
1 2 3414 3417 3416
1 2 3416 942 3414
1 2 3417 3414 940
1 2 940 3418 3417
1 2 3419 3417 3418
1 2 3418 354 3419
1 2 3417 3419 941
1 2 942 3416 3421
1 2 3420 3421 3416
1 2 3416 941 3420
1 2 3421 3420 86
1 2 214 3422 3424
1 2 3423 3424 3422
1 2 3422 943 3423
1 2 3424 3423 945
1 2 944 3425 3426
1 2 3423 3426 3425
1 2 3425 945 3423
1 2 3426 3423 943
1 2 943 3427 3426
1 2 3428 3426 3427
1 2 3427 90 3428
1 2 3426 3428 944
1 2 945 3425 3430
1 2 3429 3430 3425
1 2 3425 944 3429
1 2 3430 3429 319
1 2 125 3272 3432
1 2 3431 3432 3272
1 2 3272 899 3431
1 2 3432 3431 946
1 2 945 3433 3434
1 2 3431 3434 3433
1 2 3433 946 3431
1 2 3434 3431 899
1 2 899 3268 3434
1 2 3424 3434 3268
1 2 3268 214 3424
1 2 3434 3424 945
1 2 946 3433 3435
1 2 3430 3435 3433
1 2 3433 945 3430
1 2 3435 3430 319
1 2 482 3252 3437
1 2 3436 3437 3252
1 2 3252 893 3436
1 2 3437 3436 947
1 2 641 3438 3439
1 2 3436 3439 3438
1 2 3438 947 3436
1 2 3439 3436 893
1 2 893 3251 3439
1 2 2417 3439 3251
1 2 3251 226 2417
1 2 3439 2417 641
1 2 947 3438 3440
1 2 2423 3440 3438
1 2 3438 641 2423
1 2 3440 2423 113
1 2 218 2703 3442
1 2 3441 3442 2703
1 2 2703 727 3441
1 2 3442 3441 948
1 2 864 3443 3444
1 2 3441 3444 3443
1 2 3443 948 3441
1 2 3444 3441 727
1 2 727 2702 3444
1 2 3152 3444 2702
1 2 2702 138 3152
1 2 3444 3152 864
1 2 948 3443 3445
1 2 3157 3445 3443
1 2 3443 864 3157
1 2 3445 3157 321
1 2 8 3446 3448
1 2 3447 3448 3446
1 2 3446 949 3447
1 2 3448 3447 951
1 2 950 3449 3450
1 2 3447 3450 3449
1 2 3449 951 3447
1 2 3450 3447 949
1 2 949 3451 3450
1 2 3452 3450 3451
1 2 3451 245 3452
1 2 3450 3452 950
1 2 951 3449 3454
1 2 3453 3454 3449
1 2 3449 950 3453
1 2 3454 3453 7
1 2 306 3455 3457
1 2 3456 3457 3455
1 2 3455 952 3456
1 2 3457 3456 954
1 2 953 3458 3459
1 2 3456 3459 3458
1 2 3458 954 3456
1 2 3459 3456 952
1 2 952 3460 3459
1 2 3461 3459 3460
1 2 3460 46 3461
1 2 3459 3461 953
1 2 954 3458 3463
1 2 3462 3463 3458
1 2 3458 953 3462
1 2 3463 3462 461
1 2 209 2681 3465
1 2 3464 3465 2681
1 2 2681 720 3464
1 2 3465 3464 956
1 2 955 3466 3467
1 2 3464 3467 3466
1 2 3466 956 3464
1 2 3467 3464 720
1 2 720 2676 3467
1 2 3468 3467 2676
1 2 2676 138 3468
1 2 3467 3468 955
1 2 956 3466 3470
1 2 3469 3470 3466
1 2 3466 955 3469
1 2 3470 3469 377
1 2 273 3471 3473
1 2 3472 3473 3471
1 2 3471 957 3472
1 2 3473 3472 959
1 2 958 3474 3475
1 2 3472 3475 3474
1 2 3474 959 3472
1 2 3475 3472 957
1 2 957 3476 3475
1 2 3477 3475 3476
1 2 3476 52 3477
1 2 3475 3477 958
1 2 959 3474 3479
1 2 3478 3479 3474
1 2 3474 958 3478
1 2 3479 3478 53
1 2 40 3232 3481
1 2 3480 3481 3232
1 2 3232 886 3480
1 2 3481 3480 961
1 2 960 3482 3483
1 2 3480 3483 3482
1 2 3482 961 3480
1 2 3483 3480 886
1 2 886 3227 3483
1 2 3484 3483 3227
1 2 3227 268 3484
1 2 3483 3484 960
1 2 961 3482 3486
1 2 3485 3486 3482
1 2 3482 960 3485
1 2 3486 3485 311
1 2 232 3147 2375
1 2 3487 2375 3147
1 2 3147 860 3487
1 2 2375 3487 626
1 2 962 3488 3489
1 2 3487 3489 3488
1 2 3488 626 3487
1 2 3489 3487 860
1 2 860 3142 3489
1 2 3490 3489 3142
1 2 3142 442 3490
1 2 3489 3490 962
1 2 626 3488 2369
1 2 3491 2369 3488
1 2 3488 962 3491
1 2 2369 3491 80
1 2 214 2827 3493
1 2 3492 3493 2827
1 2 2827 765 3492
1 2 3493 3492 964
1 2 963 3494 3495
1 2 3492 3495 3494
1 2 3494 964 3492
1 2 3495 3492 765
1 2 765 2823 3495
1 2 3496 3495 2823
1 2 2823 109 3496
1 2 3495 3496 963
1 2 964 3494 3498
1 2 3497 3498 3494
1 2 3494 963 3497
1 2 3498 3497 307
1 2 349 2787 3500
1 2 3499 3500 2787
1 2 2787 752 3499
1 2 3500 3499 966
1 2 965 3501 3502
1 2 3499 3502 3501
1 2 3501 966 3499
1 2 3502 3499 752
1 2 752 2782 3502
1 2 3503 3502 2782
1 2 2782 246 3503
1 2 3502 3503 965
1 2 966 3501 3505
1 2 3504 3505 3501
1 2 3501 965 3504
1 2 3505 3504 458
1 2 201 3357 3507
1 2 3506 3507 3357
1 2 3357 923 3506
1 2 3507 3506 968
1 2 967 3508 3509
1 2 3506 3509 3508
1 2 3508 968 3506
1 2 3509 3506 923
1 2 923 3352 3509
1 2 3510 3509 3352
1 2 3352 339 3510
1 2 3509 3510 967
1 2 968 3508 3512
1 2 3511 3512 3508
1 2 3508 967 3511
1 2 3512 3511 499
1 2 252 3513 3515
1 2 3514 3515 3513
1 2 3513 969 3514
1 2 3515 3514 971
1 2 970 3516 3517
1 2 3514 3517 3516
1 2 3516 971 3514
1 2 3517 3514 969
1 2 969 3518 3517
1 2 3519 3517 3518
1 2 3518 501 3519
1 2 3517 3519 970
1 2 971 3516 3521
1 2 3520 3521 3516
1 2 3516 970 3520
1 2 3521 3520 106
1 2 420 3522 3524
1 2 3523 3524 3522
1 2 3522 972 3523
1 2 3524 3523 974
1 2 973 3525 3526
1 2 3523 3526 3525
1 2 3525 974 3523
1 2 3526 3523 972
1 2 972 3527 3526
1 2 3528 3526 3527
1 2 3527 236 3528
1 2 3526 3528 973
1 2 974 3525 3530
1 2 3529 3530 3525
1 2 3525 973 3529
1 2 3530 3529 178
1 2 378 3531 3533
1 2 3532 3533 3531
1 2 3531 975 3532
1 2 3533 3532 977
1 2 976 3534 3535
1 2 3532 3535 3534
1 2 3534 977 3532
1 2 3535 3532 975
1 2 975 3536 3535
1 2 3537 3535 3536
1 2 3536 287 3537
1 2 3535 3537 976
1 2 977 3534 3539
1 2 3538 3539 3534
1 2 3534 976 3538
1 2 3539 3538 100
1 2 360 2940 3541
1 2 3540 3541 2940
1 2 2940 802 3540
1 2 3541 3540 979
1 2 978 3542 3543
1 2 3540 3543 3542
1 2 3542 979 3540
1 2 3543 3540 802
1 2 802 2946 3543
1 2 3544 3543 2946
1 2 2946 121 3544
1 2 3543 3544 978
1 2 979 3542 3546
1 2 3545 3546 3542
1 2 3542 978 3545
1 2 3546 3545 481
1 2 233 3099 3548
1 2 3547 3548 3099
1 2 3099 848 3547
1 2 3548 3547 981
1 2 980 3549 3550
1 2 3547 3550 3549
1 2 3549 981 3547
1 2 3550 3547 848
1 2 848 3104 3550
1 2 3551 3550 3104
1 2 3104 498 3551
1 2 3550 3551 980
1 2 981 3549 3553
1 2 3552 3553 3549
1 2 3549 980 3552
1 2 3553 3552 304
1 2 141 3554 3556
1 2 3555 3556 3554
1 2 3554 982 3555
1 2 3556 3555 983
1 2 748 3557 3558
1 2 3555 3558 3557
1 2 3557 983 3555
1 2 3558 3555 982
1 2 982 3559 3558
1 2 2767 3558 3559
1 2 3559 225 2767
1 2 3558 2767 748
1 2 983 3557 3560
1 2 2772 3560 3557
1 2 3557 748 2772
1 2 3560 2772 318
1 2 127 2566 3562
1 2 3561 3562 2566
1 2 2566 685 3561
1 2 3562 3561 984
1 2 972 3563 3564
1 2 3561 3564 3563
1 2 3563 984 3561
1 2 3564 3561 685
1 2 685 2561 3564
1 2 3527 3564 2561
1 2 2561 236 3527
1 2 3564 3527 972
1 2 984 3563 3565
1 2 3522 3565 3563
1 2 3563 972 3522
1 2 3565 3522 420
1 2 46 3460 3567
1 2 3566 3567 3460
1 2 3460 952 3566
1 2 3567 3566 986
1 2 985 3568 3569
1 2 3566 3569 3568
1 2 3568 986 3566
1 2 3569 3566 952
1 2 952 3455 3569
1 2 3570 3569 3455
1 2 3455 306 3570
1 2 3569 3570 985
1 2 986 3568 3572
1 2 3571 3572 3568
1 2 3568 985 3571
1 2 3572 3571 45
1 2 287 3536 3574
1 2 3573 3574 3536
1 2 3536 975 3573
1 2 3574 3573 988
1 2 987 3575 3576
1 2 3573 3576 3575
1 2 3575 988 3573
1 2 3576 3573 975
1 2 975 3531 3576
1 2 3577 3576 3531
1 2 3531 378 3577
1 2 3576 3577 987
1 2 988 3575 3579
1 2 3578 3579 3575
1 2 3575 987 3578
1 2 3579 3578 185
1 2 242 3580 3388
1 2 3581 3388 3580
1 2 3580 989 3581
1 2 3388 3581 933
1 2 990 3582 3583
1 2 3581 3583 3582
1 2 3582 933 3581
1 2 3583 3581 989
1 2 989 3584 3583
1 2 3585 3583 3584
1 2 3584 298 3585
1 2 3583 3585 990
1 2 933 3582 3382
1 2 3586 3382 3582
1 2 3582 990 3586
1 2 3382 3586 131
1 2 389 3587 3589
1 2 3588 3589 3587
1 2 3587 991 3588
1 2 3589 3588 992
1 2 808 3590 3591
1 2 3588 3591 3590
1 2 3590 992 3588
1 2 3591 3588 991
1 2 991 3592 3591
1 2 2968 3591 3592
1 2 3592 240 2968
1 2 3591 2968 808
1 2 992 3590 3593
1 2 2963 3593 3590
1 2 3590 808 2963
1 2 3593 2963 148
1 2 290 3365 3595
1 2 3594 3595 3365
1 2 3365 926 3594
1 2 3595 3594 994
1 2 993 3596 3597
1 2 3594 3597 3596
1 2 3596 994 3594
1 2 3597 3594 926
1 2 926 3361 3597
1 2 3598 3597 3361
1 2 3361 92 3598
1 2 3597 3598 993
1 2 994 3596 3600
1 2 3599 3600 3596
1 2 3596 993 3599
1 2 3600 3599 534
1 2 142 3601 3603
1 2 3602 3603 3601
1 2 3601 995 3602
1 2 3603 3602 997
1 2 996 3604 3605
1 2 3602 3605 3604
1 2 3604 997 3602
1 2 3605 3602 995
1 2 995 3606 3605
1 2 3607 3605 3606
1 2 3606 227 3607
1 2 3605 3607 996
1 2 997 3604 3609
1 2 3608 3609 3604
1 2 3604 996 3608
1 2 3609 3608 363
1 2 292 3610 3612
1 2 3611 3612 3610
1 2 3610 998 3611
1 2 3612 3611 1000
1 2 999 3613 3614
1 2 3611 3614 3613
1 2 3613 1000 3611
1 2 3614 3611 998
1 2 998 3615 3614
1 2 3616 3614 3615
1 2 3615 324 3616
1 2 3614 3616 999
1 2 1000 3613 3618
1 2 3617 3618 3613
1 2 3613 999 3617
1 2 3618 3617 157
1 2 259 3619 3621
1 2 3620 3621 3619
1 2 3619 1001 3620
1 2 3621 3620 1003
1 2 1002 3622 3623
1 2 3620 3623 3622
1 2 3622 1003 3620
1 2 3623 3620 1001
1 2 1001 3624 3623
1 2 3625 3623 3624
1 2 3624 24 3625
1 2 3623 3625 1002
1 2 1003 3622 3627
1 2 3626 3627 3622
1 2 3622 1002 3626
1 2 3627 3626 25
1 2 223 3628 3630
1 2 3629 3630 3628
1 2 3628 1004 3629
1 2 3630 3629 1006
1 2 1005 3631 3632
1 2 3629 3632 3631
1 2 3631 1006 3629
1 2 3632 3629 1004
1 2 1004 3633 3632
1 2 3634 3632 3633
1 2 3633 146 3634
1 2 3632 3634 1005
1 2 1006 3631 3636
1 2 3635 3636 3631
1 2 3631 1005 3635
1 2 3636 3635 409
1 2 386 3637 3639
1 2 3638 3639 3637
1 2 3637 1007 3638
1 2 3639 3638 1008
1 2 883 3640 3641
1 2 3638 3641 3640
1 2 3640 1008 3638
1 2 3641 3638 1007
1 2 1007 3642 3641
1 2 3213 3641 3642
1 2 3642 296 3213
1 2 3641 3213 883
1 2 1008 3640 3643
1 2 3219 3643 3640
1 2 3640 883 3219
1 2 3643 3219 175
1 2 81 2261 3095
1 2 3644 3095 2261
1 2 2261 590 3644
1 2 3095 3644 845
1 2 1009 3645 3646
1 2 3644 3646 3645
1 2 3645 845 3644
1 2 3646 3644 590
1 2 590 2267 3646
1 2 3647 3646 2267
1 2 2267 220 3647
1 2 3646 3647 1009
1 2 845 3645 3096
1 2 3648 3096 3645
1 2 3645 1009 3648
1 2 3096 3648 333
1 2 77 3649 3651
1 2 3650 3651 3649
1 2 3649 1010 3650
1 2 3651 3650 1012
1 2 1011 3652 3653
1 2 3650 3653 3652
1 2 3652 1012 3650
1 2 3653 3650 1010
1 2 1010 3654 3653
1 2 3655 3653 3654
1 2 3654 291 3655
1 2 3653 3655 1011
1 2 1012 3652 3657
1 2 3656 3657 3652
1 2 3652 1011 3656
1 2 3657 3656 76
1 2 474 3658 3660
1 2 3659 3660 3658
1 2 3658 1013 3659
1 2 3660 3659 1015
1 2 1014 3661 3662
1 2 3659 3662 3661
1 2 3661 1015 3659
1 2 3662 3659 1013
1 2 1013 3663 3662
1 2 3664 3662 3663
1 2 3663 105 3664
1 2 3662 3664 1014
1 2 1015 3661 3666
1 2 3665 3666 3661
1 2 3661 1014 3665
1 2 3666 3665 412
1 2 549 3667 3669
1 2 3668 3669 3667
1 2 3667 1016 3668
1 2 3669 3668 1018
1 2 1017 3670 3671
1 2 3668 3671 3670
1 2 3670 1018 3668
1 2 3671 3668 1016
1 2 1016 3672 3671
1 2 3673 3671 3672
1 2 3672 402 3673
1 2 3671 3673 1017
1 2 1018 3670 3675
1 2 3674 3675 3670
1 2 3670 1017 3674
1 2 3675 3674 181
1 2 501 3518 3677
1 2 3676 3677 3518
1 2 3518 969 3676
1 2 3677 3676 1020
1 2 1019 3678 3679
1 2 3676 3679 3678
1 2 3678 1020 3676
1 2 3679 3676 969
1 2 969 3513 3679
1 2 3680 3679 3513
1 2 3513 252 3680
1 2 3679 3680 1019
1 2 1020 3678 3682
1 2 3681 3682 3678
1 2 3678 1019 3681
1 2 3682 3681 199
1 2 157 3617 3684
1 2 3683 3684 3617
1 2 3617 999 3683
1 2 3684 3683 1022
1 2 1021 3685 3686
1 2 3683 3686 3685
1 2 3685 1022 3683
1 2 3686 3683 999
1 2 999 3616 3686
1 2 3687 3686 3616
1 2 3616 324 3687
1 2 3686 3687 1021
1 2 1022 3685 3689
1 2 3688 3689 3685
1 2 3685 1021 3688
1 2 3689 3688 216
1 2 86 3420 3691
1 2 3690 3691 3420
1 2 3420 941 3690
1 2 3691 3690 1024
1 2 1023 3692 3693
1 2 3690 3693 3692
1 2 3692 1024 3690
1 2 3693 3690 941
1 2 941 3419 3693
1 2 3694 3693 3419
1 2 3419 354 3694
1 2 3693 3694 1023
1 2 1024 3692 3696
1 2 3695 3696 3692
1 2 3692 1023 3695
1 2 3696 3695 559
1 2 122 3697 2978
1 2 3698 2978 3697
1 2 3697 1025 3698
1 2 2978 3698 812
1 2 851 3699 3700
1 2 3698 3700 3699
1 2 3699 812 3698
1 2 3700 3698 1025
1 2 1025 3701 3700
1 2 3117 3700 3701
1 2 3701 224 3117
1 2 3700 3117 851
1 2 812 3699 2974
1 2 3112 2974 3699
1 2 3699 851 3112
1 2 2974 3112 301
1 2 295 3163 3703
1 2 3702 3703 3163
1 2 3163 865 3702
1 2 3703 3702 1027
1 2 1026 3704 3705
1 2 3702 3705 3704
1 2 3704 1027 3702
1 2 3705 3702 865
1 2 865 3158 3705
1 2 3706 3705 3158
1 2 3158 35 3706
1 2 3705 3706 1026
1 2 1027 3704 3708
1 2 3707 3708 3704
1 2 3704 1026 3707
1 2 3708 3707 448
1 2 62 3709 3711
1 2 3710 3711 3709
1 2 3709 1028 3710
1 2 3711 3710 1030
1 2 1029 3712 3713
1 2 3710 3713 3712
1 2 3712 1030 3710
1 2 3713 3710 1028
1 2 1028 3714 3713
1 2 3715 3713 3714
1 2 3714 323 3715
1 2 3713 3715 1029
1 2 1030 3712 3717
1 2 3716 3717 3712
1 2 3712 1029 3716
1 2 3717 3716 391
1 2 274 3718 3720
1 2 3719 3720 3718
1 2 3718 1031 3719
1 2 3720 3719 1032
1 2 716 3721 3722
1 2 3719 3722 3721
1 2 3721 1032 3719
1 2 3722 3719 1031
1 2 1031 3723 3722
1 2 2660 3722 3723
1 2 3723 336 2660
1 2 3722 2660 716
1 2 1032 3721 3724
1 2 2666 3724 3721
1 2 3721 716 2666
1 2 3724 2666 98
1 2 219 3725 3316
1 2 3726 3316 3725
1 2 3725 1033 3726
1 2 3316 3726 912
1 2 821 3727 3728
1 2 3726 3728 3727
1 2 3727 912 3726
1 2 3728 3726 1033
1 2 1033 3729 3728
1 2 3006 3728 3729
1 2 3729 109 3006
1 2 3728 3006 821
1 2 912 3727 3317
1 2 3011 3317 3727
1 2 3727 821 3011
1 2 3317 3011 396
1 2 290 3595 3409
1 2 3730 3409 3595
1 2 3595 994 3730
1 2 3409 3730 939
1 2 1034 3731 3732
1 2 3730 3732 3731
1 2 3731 939 3730
1 2 3732 3730 994
1 2 994 3600 3732
1 2 3733 3732 3600
1 2 3600 534 3733
1 2 3732 3733 1034
1 2 939 3731 3403
1 2 3734 3403 3731
1 2 3731 1034 3734
1 2 3403 3734 223
1 2 266 2977 3736
1 2 3735 3736 2977
1 2 2977 811 3735
1 2 3736 3735 1036
1 2 1035 3737 3738
1 2 3735 3738 3737
1 2 3737 1036 3735
1 2 3738 3735 811
1 2 811 2972 3738
1 2 3739 3738 2972
1 2 2972 301 3739
1 2 3738 3739 1035
1 2 1036 3737 3741
1 2 3740 3741 3737
1 2 3737 1035 3740
1 2 3741 3740 508
1 2 403 2360 3743
1 2 3742 3743 2360
1 2 2360 623 3742
1 2 3743 3742 1038
1 2 1037 3744 3745
1 2 3742 3745 3744
1 2 3744 1038 3742
1 2 3745 3742 623
1 2 623 2366 3745
1 2 3746 3745 2366
1 2 2366 334 3746
1 2 3745 3746 1037
1 2 1038 3744 3748
1 2 3747 3748 3744
1 2 3744 1037 3747
1 2 3748 3747 158
1 2 123 3749 3751
1 2 3750 3751 3749
1 2 3749 1039 3750
1 2 3751 3750 1041
1 2 1040 3752 3753
1 2 3750 3753 3752
1 2 3752 1041 3750
1 2 3753 3750 1039
1 2 1039 3754 3753
1 2 3755 3753 3754
1 2 3754 265 3755
1 2 3753 3755 1040
1 2 1041 3752 3757
1 2 3756 3757 3752
1 2 3752 1040 3756
1 2 3757 3756 394
1 2 357 3758 3760
1 2 3759 3760 3758
1 2 3758 1042 3759
1 2 3760 3759 1044
1 2 1043 3761 3762
1 2 3759 3762 3761
1 2 3761 1044 3759
1 2 3762 3759 1042
1 2 1042 3763 3762
1 2 3764 3762 3763
1 2 3763 74 3764
1 2 3762 3764 1043
1 2 1044 3761 3766
1 2 3765 3766 3761
1 2 3761 1043 3765
1 2 3766 3765 75
1 2 265 2626 3755
1 2 3767 3755 2626
1 2 2626 703 3767
1 2 3755 3767 1040
1 2 1045 3768 3769
1 2 3767 3769 3768
1 2 3768 1040 3767
1 2 3769 3767 703
1 2 703 2625 3769
1 2 3770 3769 2625
1 2 2625 87 3770
1 2 3769 3770 1045
1 2 1040 3768 3756
1 2 3771 3756 3768
1 2 3768 1045 3771
1 2 3756 3771 394
1 2 128 2598 3773
1 2 3772 3773 2598
1 2 2598 695 3772
1 2 3773 3772 1047
1 2 1046 3774 3775
1 2 3772 3775 3774
1 2 3774 1047 3772
1 2 3775 3772 695
1 2 695 2593 3775
1 2 3776 3775 2593
1 2 2593 229 3776
1 2 3775 3776 1046
1 2 1047 3774 3778
1 2 3777 3778 3774
1 2 3774 1046 3777
1 2 3778 3777 287
1 2 107 3779 3781
1 2 3780 3781 3779
1 2 3779 1048 3780
1 2 3781 3780 1049
1 2 956 3782 3783
1 2 3780 3783 3782
1 2 3782 1049 3780
1 2 3783 3780 1048
1 2 1048 3784 3783
1 2 3465 3783 3784
1 2 3784 209 3465
1 2 3783 3465 956
1 2 1049 3782 3785
1 2 3470 3785 3782
1 2 3782 956 3470
1 2 3785 3470 377
1 2 123 3751 3787
1 2 3786 3787 3751
1 2 3751 1041 3786
1 2 3787 3786 1051
1 2 1050 3788 3789
1 2 3786 3789 3788
1 2 3788 1051 3786
1 2 3789 3786 1041
1 2 1041 3757 3789
1 2 3790 3789 3757
1 2 3757 394 3790
1 2 3789 3790 1050
1 2 1051 3788 3792
1 2 3791 3792 3788
1 2 3788 1050 3791
1 2 3792 3791 568
1 2 500 3793 3795
1 2 3794 3795 3793
1 2 3793 1052 3794
1 2 3795 3794 1054
1 2 1053 3796 3797
1 2 3794 3797 3796
1 2 3796 1054 3794
1 2 3797 3794 1052
1 2 1052 3798 3797
1 2 3799 3797 3798
1 2 3798 322 3799
1 2 3797 3799 1053
1 2 1054 3796 3801
1 2 3800 3801 3796
1 2 3796 1053 3800
1 2 3801 3800 191
1 2 303 3241 3803
1 2 3802 3803 3241
1 2 3241 889 3802
1 2 3803 3802 1056
1 2 1055 3804 3805
1 2 3802 3805 3804
1 2 3804 1056 3802
1 2 3805 3802 889
1 2 889 3236 3805
1 2 3806 3805 3236
1 2 3236 398 3806
1 2 3805 3806 1055
1 2 1056 3804 3808
1 2 3807 3808 3804
1 2 3804 1055 3807
1 2 3808 3807 96
1 2 324 3615 3810
1 2 3809 3810 3615
1 2 3615 998 3809
1 2 3810 3809 1058
1 2 1057 3811 3812
1 2 3809 3812 3811
1 2 3811 1058 3809
1 2 3812 3809 998
1 2 998 3610 3812
1 2 3813 3812 3610
1 2 3610 292 3813
1 2 3812 3813 1057
1 2 1058 3811 3815
1 2 3814 3815 3811
1 2 3811 1057 3814
1 2 3815 3814 85
1 2 229 3816 3818
1 2 3817 3818 3816
1 2 3816 1059 3817
1 2 3818 3817 1061
1 2 1060 3819 3820
1 2 3817 3820 3819
1 2 3819 1061 3817
1 2 3820 3817 1059
1 2 1059 3821 3820
1 2 3822 3820 3821
1 2 3821 382 3822
1 2 3820 3822 1060
1 2 1061 3819 3824
1 2 3823 3824 3819
1 2 3819 1060 3823
1 2 3824 3823 145
1 2 209 3784 3826
1 2 3825 3826 3784
1 2 3784 1048 3825
1 2 3826 3825 1063
1 2 1062 3827 3828
1 2 3825 3828 3827
1 2 3827 1063 3825
1 2 3828 3825 1048
1 2 1048 3779 3828
1 2 3829 3828 3779
1 2 3779 107 3829
1 2 3828 3829 1062
1 2 1063 3827 3831
1 2 3830 3831 3827
1 2 3827 1062 3830
1 2 3831 3830 483
1 2 137 3832 3038
1 2 3833 3038 3832
1 2 3832 1064 3833
1 2 3038 3833 829
1 2 1065 3834 3835
1 2 3833 3835 3834
1 2 3834 829 3833
1 2 3835 3833 1064
1 2 1064 3836 3835
1 2 3837 3835 3836
1 2 3836 530 3837
1 2 3835 3837 1065
1 2 829 3834 3042
1 2 3838 3042 3834
1 2 3834 1065 3838
1 2 3042 3838 217
1 2 219 3315 3840
1 2 3839 3840 3315
1 2 3315 911 3839
1 2 3840 3839 1067
1 2 1066 3841 3842
1 2 3839 3842 3841
1 2 3841 1067 3839
1 2 3842 3839 911
1 2 911 3310 3842
1 2 3843 3842 3310
1 2 3310 147 3843
1 2 3842 3843 1066
1 2 1067 3841 3845
1 2 3844 3845 3841
1 2 3841 1066 3844
1 2 3845 3844 362
1 2 20 3057 3847
1 2 3846 3847 3057
1 2 3057 833 3846
1 2 3847 3846 1069
1 2 1068 3848 3849
1 2 3846 3849 3848
1 2 3848 1069 3846
1 2 3849 3846 833
1 2 833 3052 3849
1 2 3850 3849 3052
1 2 3052 239 3850
1 2 3849 3850 1068
1 2 1069 3848 3852
1 2 3851 3852 3848
1 2 3848 1068 3851
1 2 3852 3851 329
1 2 549 3669 3854
1 2 3853 3854 3669
1 2 3669 1018 3853
1 2 3854 3853 1071
1 2 1070 3855 3856
1 2 3853 3856 3855
1 2 3855 1071 3853
1 2 3856 3853 1018
1 2 1018 3675 3856
1 2 3857 3856 3675
1 2 3675 181 3857
1 2 3856 3857 1070
1 2 1071 3855 3859
1 2 3858 3859 3855
1 2 3855 1070 3858
1 2 3859 3858 365
1 2 141 2709 3861
1 2 3860 3861 2709
1 2 2709 728 3860
1 2 3861 3860 1073
1 2 1072 3862 3863
1 2 3860 3863 3862
1 2 3862 1073 3860
1 2 3863 3860 728
1 2 728 2704 3863
1 2 3864 3863 2704
1 2 2704 224 3864
1 2 3863 3864 1072
1 2 1073 3862 3866
1 2 3865 3866 3862
1 2 3862 1072 3865
1 2 3866 3865 407
1 2 323 3867 3869
1 2 3868 3869 3867
1 2 3867 1074 3868
1 2 3869 3868 1076
1 2 1075 3870 3871
1 2 3868 3871 3870
1 2 3870 1076 3868
1 2 3871 3868 1074
1 2 1074 3872 3871
1 2 3873 3871 3872
1 2 3872 344 3873
1 2 3871 3873 1075
1 2 1076 3870 3875
1 2 3874 3875 3870
1 2 3870 1075 3874
1 2 3875 3874 178
1 2 226 3250 3877
1 2 3876 3877 3250
1 2 3250 892 3876
1 2 3877 3876 1078
1 2 1077 3878 3879
1 2 3876 3879 3878
1 2 3878 1078 3876
1 2 3879 3876 892
1 2 892 3245 3879
1 2 3880 3879 3245
1 2 3245 180 3880
1 2 3879 3880 1077
1 2 1078 3878 3882
1 2 3881 3882 3878
1 2 3878 1077 3881
1 2 3882 3881 331
1 2 451 2943 3884
1 2 3883 3884 2943
1 2 2943 800 3883
1 2 3884 3883 1080
1 2 1079 3885 3886
1 2 3883 3886 3885
1 2 3885 1080 3883
1 2 3886 3883 800
1 2 800 2938 3886
1 2 3887 3886 2938
1 2 2938 360 3887
1 2 3886 3887 1079
1 2 1080 3885 3889
1 2 3888 3889 3885
1 2 3885 1079 3888
1 2 3889 3888 196
1 2 369 3890 3892
1 2 3891 3892 3890
1 2 3890 1081 3891
1 2 3892 3891 1083
1 2 1082 3893 3894
1 2 3891 3894 3893
1 2 3893 1083 3891
1 2 3894 3891 1081
1 2 1081 3895 3894
1 2 3896 3894 3895
1 2 3895 296 3896
1 2 3894 3896 1082
1 2 1083 3893 3898
1 2 3897 3898 3893
1 2 3893 1082 3897
1 2 3898 3897 179
1 2 252 3899 3901
1 2 3900 3901 3899
1 2 3899 1084 3900
1 2 3901 3900 1086
1 2 1085 3902 3903
1 2 3900 3903 3902
1 2 3902 1086 3900
1 2 3903 3900 1084
1 2 1084 3904 3903
1 2 3905 3903 3904
1 2 3904 94 3905
1 2 3903 3905 1085
1 2 1086 3902 3907
1 2 3906 3907 3902
1 2 3902 1085 3906
1 2 3907 3906 368
1 2 328 3908 3910
1 2 3909 3910 3908
1 2 3908 1087 3909
1 2 3910 3909 1088
1 2 985 3911 3912
1 2 3909 3912 3911
1 2 3911 1088 3909
1 2 3912 3909 1087
1 2 1087 3913 3912
1 2 3571 3912 3913
1 2 3913 45 3571
1 2 3912 3571 985
1 2 1088 3911 3914
1 2 3570 3914 3911
1 2 3911 985 3570
1 2 3914 3570 306
1 2 74 3763 3916
1 2 3915 3916 3763
1 2 3763 1042 3915
1 2 3916 3915 1090
1 2 1089 3917 3918
1 2 3915 3918 3917
1 2 3917 1090 3915
1 2 3918 3915 1042
1 2 1042 3758 3918
1 2 3919 3918 3758
1 2 3758 357 3919
1 2 3918 3919 1089
1 2 1090 3917 3921
1 2 3920 3921 3917
1 2 3917 1089 3920
1 2 3921 3920 484
1 2 90 3427 3923
1 2 3922 3923 3427
1 2 3427 943 3922
1 2 3923 3922 1092
1 2 1091 3924 3925
1 2 3922 3925 3924
1 2 3924 1092 3922
1 2 3925 3922 943
1 2 943 3422 3925
1 2 3926 3925 3422
1 2 3422 214 3926
1 2 3925 3926 1091
1 2 1092 3924 3928
1 2 3927 3928 3924
1 2 3924 1091 3927
1 2 3928 3927 477
1 2 379 3929 3088
1 2 3930 3088 3929
1 2 3929 1093 3930
1 2 3088 3930 843
1 2 1094 3931 3932
1 2 3930 3932 3931
1 2 3931 843 3930
1 2 3932 3930 1093
1 2 1093 3933 3932
1 2 3934 3932 3933
1 2 3933 310 3934
1 2 3932 3934 1094
1 2 843 3931 3089
1 2 3935 3089 3931
1 2 3931 1094 3935
1 2 3089 3935 150
1 2 296 3895 3337
1 2 3936 3337 3895
1 2 3895 1081 3936
1 2 3337 3936 918
1 2 1095 3937 3938
1 2 3936 3938 3937
1 2 3937 918 3936
1 2 3938 3936 1081
1 2 1081 3890 3938
1 2 3939 3938 3890
1 2 3890 369 3939
1 2 3938 3939 1095
1 2 918 3937 3338
1 2 3940 3338 3937
1 2 3937 1095 3940
1 2 3338 3940 103
1 2 210 2472 3942
1 2 3941 3942 2472
1 2 2472 656 3941
1 2 3942 3941 1097
1 2 1096 3943 3944
1 2 3941 3944 3943
1 2 3943 1097 3941
1 2 3944 3941 656
1 2 656 2471 3944
1 2 3945 3944 2471
1 2 2471 128 3945
1 2 3944 3945 1096
1 2 1097 3943 3947
1 2 3946 3947 3943
1 2 3943 1096 3946
1 2 3947 3946 423
1 2 134 2816 3949
1 2 3948 3949 2816
1 2 2816 764 3948
1 2 3949 3948 1098
1 2 981 3950 3951
1 2 3948 3951 3950
1 2 3950 1098 3948
1 2 3951 3948 764
1 2 764 2822 3951
1 2 3548 3951 2822
1 2 2822 233 3548
1 2 3951 3548 981
1 2 1098 3950 3952
1 2 3553 3952 3950
1 2 3950 981 3553
1 2 3952 3553 304
1 2 212 2245 3954
1 2 3953 3954 2245
1 2 2245 585 3953
1 2 3954 3953 1100
1 2 1099 3955 3956
1 2 3953 3956 3955
1 2 3955 1100 3953
1 2 3956 3953 585
1 2 585 2251 3956
1 2 3957 3956 2251
1 2 2251 38 3957
1 2 3956 3957 1099
1 2 1100 3955 3959
1 2 3958 3959 3955
1 2 3955 1099 3958
1 2 3959 3958 410
1 2 227 3960 2747
1 2 3961 2747 3960
1 2 3960 1101 3961
1 2 2747 3961 740
1 2 1102 3962 3963
1 2 3961 3963 3962
1 2 3962 740 3961
1 2 3963 3961 1101
1 2 1101 3964 3963
1 2 3965 3963 3964
1 2 3964 343 3965
1 2 3963 3965 1102
1 2 740 3962 2748
1 2 3966 2748 3962
1 2 3962 1102 3966
1 2 2748 3966 105
1 2 263 3967 3969
1 2 3968 3969 3967
1 2 3967 1103 3968
1 2 3969 3968 1105
1 2 1104 3970 3971
1 2 3968 3971 3970
1 2 3970 1105 3968
1 2 3971 3968 1103
1 2 1103 3972 3971
1 2 3973 3971 3972
1 2 3972 313 3973
1 2 3971 3973 1104
1 2 1105 3970 3975
1 2 3974 3975 3970
1 2 3970 1104 3974
1 2 3975 3974 82
1 2 276 3976 3978
1 2 3977 3978 3976
1 2 3976 1106 3977
1 2 3978 3977 1108
1 2 1107 3979 3980
1 2 3977 3980 3979
1 2 3979 1108 3977
1 2 3980 3977 1106
1 2 1106 3981 3980
1 2 3982 3980 3981
1 2 3981 335 3982
1 2 3980 3982 1107
1 2 1108 3979 3984
1 2 3983 3984 3979
1 2 3979 1107 3983
1 2 3984 3983 97
1 2 303 2892 3986
1 2 3985 3986 2892
1 2 2892 785 3985
1 2 3986 3985 1110
1 2 1109 3987 3988
1 2 3985 3988 3987
1 2 3987 1110 3985
1 2 3988 3985 785
1 2 785 2891 3988
1 2 3989 3988 2891
1 2 2891 231 3989
1 2 3988 3989 1109
1 2 1110 3987 3991
1 2 3990 3991 3987
1 2 3987 1109 3990
1 2 3991 3990 442
1 2 281 3992 3994
1 2 3993 3994 3992
1 2 3992 1111 3993
1 2 3994 3993 1113
1 2 1112 3995 3996
1 2 3993 3996 3995
1 2 3995 1113 3993
1 2 3996 3993 1111
1 2 1111 3997 3996
1 2 3998 3996 3997
1 2 3997 286 3998
1 2 3996 3998 1112
1 2 1113 3995 4000
1 2 3999 4000 3995
1 2 3995 1112 3999
1 2 4000 3999 132
1 2 200 4001 4003
1 2 4002 4003 4001
1 2 4001 1114 4002
1 2 4003 4002 1116
1 2 1115 4004 4005
1 2 4002 4005 4004
1 2 4004 1116 4002
1 2 4005 4002 1114
1 2 1114 4006 4005
1 2 4007 4005 4006
1 2 4006 466 4007
1 2 4005 4007 1115
1 2 1116 4004 4009
1 2 4008 4009 4004
1 2 4004 1115 4008
1 2 4009 4008 393
1 2 227 3606 3960
1 2 4010 3960 3606
1 2 3606 995 4010
1 2 3960 4010 1101
1 2 1117 4011 4012
1 2 4010 4012 4011
1 2 4011 1101 4010
1 2 4012 4010 995
1 2 995 3601 4012
1 2 4013 4012 3601
1 2 3601 142 4013
1 2 4012 4013 1117
1 2 1101 4011 3964
1 2 4014 3964 4011
1 2 4011 1117 4014
1 2 3964 4014 343
1 2 115 3370 4016
1 2 4015 4016 3370
1 2 3370 929 4015
1 2 4016 4015 1119
1 2 1118 4017 4018
1 2 4015 4018 4017
1 2 4017 1119 4015
1 2 4018 4015 929
1 2 929 3374 4018
1 2 4019 4018 3374
1 2 3374 364 4019
1 2 4018 4019 1118
1 2 1119 4017 4021
1 2 4020 4021 4017
1 2 4017 1118 4020
1 2 4021 4020 261
1 2 157 3684 4023
1 2 4022 4023 3684
1 2 3684 1022 4022
1 2 4023 4022 1121
1 2 1120 4024 4025
1 2 4022 4025 4024
1 2 4024 1121 4022
1 2 4025 4022 1022
1 2 1022 3689 4025
1 2 4026 4025 3689
1 2 3689 216 4026
1 2 4025 4026 1120
1 2 1121 4024 4028
1 2 4027 4028 4024
1 2 4024 1120 4027
1 2 4028 4027 554
1 2 45 3913 4030
1 2 4029 4030 3913
1 2 3913 1087 4029
1 2 4030 4029 1123
1 2 1122 4031 4032
1 2 4029 4032 4031
1 2 4031 1123 4029
1 2 4032 4029 1087
1 2 1087 3908 4032
1 2 4033 4032 3908
1 2 3908 328 4033
1 2 4032 4033 1122
1 2 1123 4031 4035
1 2 4034 4035 4031
1 2 4031 1122 4034
1 2 4035 4034 44
1 2 118 3302 4037
1 2 4036 4037 3302
1 2 3302 908 4036
1 2 4037 4036 1124
1 2 925 4038 4039
1 2 4036 4039 4038
1 2 4038 1124 4036
1 2 4039 4036 908
1 2 908 3301 4039
1 2 3354 4039 3301
1 2 3301 339 3354
1 2 4039 3354 925
1 2 1124 4038 4040
1 2 3360 4040 4038
1 2 4038 925 3360
1 2 4040 3360 269
1 2 76 3656 4042
1 2 4041 4042 3656
1 2 3656 1011 4041
1 2 4042 4041 1126
1 2 1125 4043 4044
1 2 4041 4044 4043
1 2 4043 1126 4041
1 2 4044 4041 1011
1 2 1011 3655 4044
1 2 4045 4044 3655
1 2 3655 291 4045
1 2 4044 4045 1125
1 2 1126 4043 4047
1 2 4046 4047 4043
1 2 4043 1125 4046
1 2 4047 4046 509
1 2 323 3714 4049
1 2 4048 4049 3714
1 2 3714 1028 4048
1 2 4049 4048 1128
1 2 1127 4050 4051
1 2 4048 4051 4050
1 2 4050 1128 4048
1 2 4051 4048 1028
1 2 1028 3709 4051
1 2 4052 4051 3709
1 2 3709 62 4052
1 2 4051 4052 1127
1 2 1128 4050 4054
1 2 4053 4054 4050
1 2 4050 1127 4053
1 2 4054 4053 63
1 2 231 2890 4056
1 2 4055 4056 2890
1 2 2890 784 4055
1 2 4056 4055 1130
1 2 1129 4057 4058
1 2 4055 4058 4057
1 2 4057 1130 4055
1 2 4058 4055 784
1 2 784 2885 4058
1 2 4059 4058 2885
1 2 2885 161 4059
1 2 4058 4059 1129
1 2 1130 4057 4061
1 2 4060 4061 4057
1 2 4057 1129 4060
1 2 4061 4060 455
1 2 409 3635 4063
1 2 4062 4063 3635
1 2 3635 1005 4062
1 2 4063 4062 1132
1 2 1131 4064 4065
1 2 4062 4065 4064
1 2 4064 1132 4062
1 2 4065 4062 1005
1 2 1005 3634 4065
1 2 4066 4065 3634
1 2 3634 146 4066
1 2 4065 4066 1131
1 2 1132 4064 4068
1 2 4067 4068 4064
1 2 4064 1131 4067
1 2 4068 4067 255
1 2 296 3642 4070
1 2 4069 4070 3642
1 2 3642 1007 4069
1 2 4070 4069 1134
1 2 1133 4071 4072
1 2 4069 4072 4071
1 2 4071 1134 4069
1 2 4072 4069 1007
1 2 1007 3637 4072
1 2 4073 4072 3637
1 2 3637 386 4073
1 2 4072 4073 1133
1 2 1134 4071 4075
1 2 4074 4075 4071
1 2 4071 1133 4074
1 2 4075 4074 133
1 2 105 3663 2749
1 2 4076 2749 3663
1 2 3663 1013 4076
1 2 2749 4076 741
1 2 1135 4077 4078
1 2 4076 4078 4077
1 2 4077 741 4076
1 2 4078 4076 1013
1 2 1013 3658 4078
1 2 4079 4078 3658
1 2 3658 474 4079
1 2 4078 4079 1135
1 2 741 4077 2743
1 2 4080 2743 4077
1 2 4077 1135 4080
1 2 2743 4080 277
1 2 229 3818 4082
1 2 4081 4082 3818
1 2 3818 1061 4081
1 2 4082 4081 1137
1 2 1136 4083 4084
1 2 4081 4084 4083
1 2 4083 1137 4081
1 2 4084 4081 1061
1 2 1061 3824 4084
1 2 4085 4084 3824
1 2 3824 145 4085
1 2 4084 4085 1136
1 2 1137 4083 4087
1 2 4086 4087 4083
1 2 4083 1136 4086
1 2 4087 4086 366
1 2 532 4088 4090
1 2 4089 4090 4088
1 2 4088 1138 4089
1 2 4090 4089 1140
1 2 1139 4091 4092
1 2 4089 4092 4091
1 2 4091 1140 4089
1 2 4092 4089 1138
1 2 1138 4093 4092
1 2 4094 4092 4093
1 2 4093 358 4094
1 2 4092 4094 1139
1 2 1140 4091 4096
1 2 4095 4096 4091
1 2 4091 1139 4095
1 2 4096 4095 201
1 2 171 3149 4098
1 2 4097 4098 3149
1 2 3149 861 4097
1 2 4098 4097 1142
1 2 1141 4099 4100
1 2 4097 4100 4099
1 2 4099 1142 4097
1 2 4100 4097 861
1 2 861 3148 4100
1 2 4101 4100 3148
1 2 3148 232 4101
1 2 4100 4101 1141
1 2 1142 4099 4103
1 2 4102 4103 4099
1 2 4099 1141 4102
1 2 4103 4102 524
1 2 335 3981 4105
1 2 4104 4105 3981
1 2 3981 1106 4104
1 2 4105 4104 1144
1 2 1143 4106 4107
1 2 4104 4107 4106
1 2 4106 1144 4104
1 2 4107 4104 1106
1 2 1106 3976 4107
1 2 4108 4107 3976
1 2 3976 276 4108
1 2 4107 4108 1143
1 2 1144 4106 4110
1 2 4109 4110 4106
1 2 4106 1143 4109
1 2 4110 4109 160
1 2 286 4111 3998
1 2 4112 3998 4111
1 2 4111 1145 4112
1 2 3998 4112 1112
1 2 871 4113 4114
1 2 4112 4114 4113
1 2 4113 1112 4112
1 2 4114 4112 1145
1 2 1145 4115 4114
1 2 3175 4114 4115
1 2 4115 367 3175
1 2 4114 3175 871
1 2 1112 4113 3999
1 2 3180 3999 4113
1 2 4113 871 3180
1 2 3999 3180 132
1 2 2 2282 4117
1 2 4116 4117 2282
1 2 2282 594 4116
1 2 4117 4116 1146
1 2 681 4118 4119
1 2 4116 4119 4118
1 2 4118 1146 4116
1 2 4119 4116 594
1 2 594 2277 4119
1 2 2552 4119 2277
1 2 2277 225 2552
1 2 4119 2552 681
1 2 1146 4118 4120
1 2 2551 4120 4118
1 2 4118 681 2551
1 2 4120 2551 383
1 2 224 3701 3864
1 2 4121 3864 3701
1 2 3701 1025 4121
1 2 3864 4121 1072
1 2 1147 4122 4123
1 2 4121 4123 4122
1 2 4122 1072 4121
1 2 4123 4121 1025
1 2 1025 3697 4123
1 2 4124 4123 3697
1 2 3697 122 4124
1 2 4123 4124 1147
1 2 1072 4122 3865
1 2 4125 3865 4122
1 2 4122 1147 4125
1 2 3865 4125 407
1 2 147 4126 4128
1 2 4127 4128 4126
1 2 4126 1148 4127
1 2 4128 4127 1150
1 2 1149 4129 4130
1 2 4127 4130 4129
1 2 4129 1150 4127
1 2 4130 4127 1148
1 2 1148 4131 4130
1 2 4132 4130 4131
1 2 4131 314 4132
1 2 4130 4132 1149
1 2 1150 4129 4134
1 2 4133 4134 4129
1 2 4129 1149 4133
1 2 4134 4133 257
1 2 135 4135 4137
1 2 4136 4137 4135
1 2 4135 1151 4136
1 2 4137 4136 1153
1 2 1152 4138 4139
1 2 4136 4139 4138
1 2 4138 1153 4136
1 2 4139 4136 1151
1 2 1151 4140 4139
1 2 4141 4139 4140
1 2 4140 235 4141
1 2 4139 4141 1152
1 2 1153 4138 4143
1 2 4142 4143 4138
1 2 4138 1152 4142
1 2 4143 4142 543
1 2 239 3054 4145
1 2 4144 4145 3054
1 2 3054 835 4144
1 2 4145 4144 1155
1 2 1154 4146 4147
1 2 4144 4147 4146
1 2 4146 1155 4144
1 2 4147 4144 835
1 2 835 3060 4147
1 2 4148 4147 3060
1 2 3060 21 4148
1 2 4147 4148 1154
1 2 1155 4146 4150
1 2 4149 4150 4146
1 2 4146 1154 4149
1 2 4150 4149 338
1 2 336 3723 4152
1 2 4151 4152 3723
1 2 3723 1031 4151
1 2 4152 4151 1157
1 2 1156 4153 4154
1 2 4151 4154 4153
1 2 4153 1157 4151
1 2 4154 4151 1031
1 2 1031 3718 4154
1 2 4155 4154 3718
1 2 3718 274 4155
1 2 4154 4155 1156
1 2 1157 4153 4157
1 2 4156 4157 4153
1 2 4153 1156 4156
1 2 4157 4156 182
1 2 190 2227 4159
1 2 4158 4159 2227
1 2 2227 579 4158
1 2 4159 4158 1159
1 2 1158 4160 4161
1 2 4158 4161 4160
1 2 4160 1159 4158
1 2 4161 4158 579
1 2 579 2233 4161
1 2 4162 4161 2233
1 2 2233 315 4162
1 2 4161 4162 1158
1 2 1159 4160 4164
1 2 4163 4164 4160
1 2 4160 1158 4163
1 2 4164 4163 555
1 2 382 2461 3822
1 2 4165 3822 2461
1 2 2461 652 4165
1 2 3822 4165 1060
1 2 1160 4166 4167
1 2 4165 4167 4166
1 2 4166 1060 4165
1 2 4167 4165 652
1 2 652 2456 4167
1 2 4168 4167 2456
1 2 2456 347 4168
1 2 4167 4168 1160
1 2 1060 4166 3823
1 2 4169 3823 4166
1 2 4166 1160 4169
1 2 3823 4169 145
1 2 298 3584 4171
1 2 4170 4171 3584
1 2 3584 989 4170
1 2 4171 4170 1162
1 2 1161 4172 4173
1 2 4170 4173 4172
1 2 4172 1162 4170
1 2 4173 4170 989
1 2 989 3580 4173
1 2 4174 4173 3580
1 2 3580 242 4174
1 2 4173 4174 1161
1 2 1162 4172 4176
1 2 4175 4176 4172
1 2 4172 1161 4175
1 2 4176 4175 392
1 2 109 3729 4178
1 2 4177 4178 3729
1 2 3729 1033 4177
1 2 4178 4177 1164
1 2 1163 4179 4180
1 2 4177 4180 4179
1 2 4179 1164 4177
1 2 4180 4177 1033
1 2 1033 3725 4180
1 2 4181 4180 3725
1 2 3725 219 4181
1 2 4180 4181 1163
1 2 1164 4179 4183
1 2 4182 4183 4179
1 2 4179 1163 4182
1 2 4183 4182 447
1 2 117 2762 4185
1 2 4184 4185 2762
1 2 2762 744 4184
1 2 4185 4184 1166
1 2 1165 4186 4187
1 2 4184 4187 4186
1 2 4186 1166 4184
1 2 4187 4184 744
1 2 744 2757 4187
1 2 4188 4187 2757
1 2 2757 215 4188
1 2 4187 4188 1165
1 2 1166 4186 4190
1 2 4189 4190 4186
1 2 4186 1165 4189
1 2 4190 4189 402
1 2 367 4115 4192
1 2 4191 4192 4115
1 2 4115 1145 4191
1 2 4192 4191 1168
1 2 1167 4193 4194
1 2 4191 4194 4193
1 2 4193 1168 4191
1 2 4194 4191 1145
1 2 1145 4111 4194
1 2 4195 4194 4111
1 2 4111 286 4195
1 2 4194 4195 1167
1 2 1168 4193 4197
1 2 4196 4197 4193
1 2 4193 1167 4196
1 2 4197 4196 174
1 2 222 2568 4199
1 2 4198 4199 2568
1 2 2568 686 4198
1 2 4199 4198 1170
1 2 1169 4200 4201
1 2 4198 4201 4200
1 2 4200 1170 4198
1 2 4201 4198 686
1 2 686 2567 4201
1 2 4202 4201 2567
1 2 2567 127 4202
1 2 4201 4202 1169
1 2 1170 4200 4204
1 2 4203 4204 4200
1 2 4200 1169 4203
1 2 4204 4203 544
1 2 344 3872 4206
1 2 4205 4206 3872
1 2 3872 1074 4205
1 2 4206 4205 1172
1 2 1171 4207 4208
1 2 4205 4208 4207
1 2 4207 1172 4205
1 2 4208 4205 1074
1 2 1074 3867 4208
1 2 4209 4208 3867
1 2 3867 323 4209
1 2 4208 4209 1171
1 2 1172 4207 4211
1 2 4210 4211 4207
1 2 4207 1171 4210
1 2 4211 4210 151
1 2 237 3066 4213
1 2 4212 4213 3066
1 2 3066 836 4212
1 2 4213 4212 1173
1 2 828 4214 4215
1 2 4212 4215 4214
1 2 4214 1173 4212
1 2 4215 4212 836
1 2 836 3061 4215
1 2 3032 4215 3061
1 2 3061 137 3032
1 2 4215 3032 828
1 2 1173 4214 4216
1 2 3037 4216 4214
1 2 4214 828 3037
1 2 4216 3037 361
1 2 274 4217 4219
1 2 4218 4219 4217
1 2 4217 1174 4218
1 2 4219 4218 1176
1 2 1175 4220 4221
1 2 4218 4221 4220
1 2 4220 1176 4218
1 2 4221 4218 1174
1 2 1174 4222 4221
1 2 4223 4221 4222
1 2 4222 370 4223
1 2 4221 4223 1175
1 2 1176 4220 4225
1 2 4224 4225 4220
1 2 4220 1175 4224
1 2 4225 4224 114
1 2 128 4226 4228
1 2 4227 4228 4226
1 2 4226 1177 4227
1 2 4228 4227 1178
1 2 960 4229 4230
1 2 4227 4230 4229
1 2 4229 1178 4227
1 2 4230 4227 1177
1 2 1177 4231 4230
1 2 3485 4230 4231
1 2 4231 311 3485
1 2 4230 3485 960
1 2 1178 4229 4232
1 2 3484 4232 4229
1 2 4229 960 3484
1 2 4232 3484 268
1 2 423 4233 3947
1 2 4234 3947 4233
1 2 4233 1179 4234
1 2 3947 4234 1097
1 2 1180 4235 4236
1 2 4234 4236 4235
1 2 4235 1097 4234
1 2 4236 4234 1179
1 2 1179 4237 4236
1 2 4238 4236 4237
1 2 4237 322 4238
1 2 4236 4238 1180
1 2 1097 4235 3942
1 2 4239 3942 4235
1 2 4235 1180 4239
1 2 3942 4239 210
1 2 146 3633 4241
1 2 4240 4241 3633
1 2 3633 1004 4240
1 2 4241 4240 1181
1 2 1034 4242 4243
1 2 4240 4243 4242
1 2 4242 1181 4240
1 2 4243 4240 1004
1 2 1004 3628 4243
1 2 3734 4243 3628
1 2 3628 223 3734
1 2 4243 3734 1034
1 2 1181 4242 4244
1 2 3733 4244 4242
1 2 4242 1034 3733
1 2 4244 3733 534
1 2 36 4245 4247
1 2 4246 4247 4245
1 2 4245 1182 4246
1 2 4247 4246 1184
1 2 1183 4248 4249
1 2 4246 4249 4248
1 2 4248 1184 4246
1 2 4249 4246 1182
1 2 1182 4250 4249
1 2 4251 4249 4250
1 2 4250 376 4251
1 2 4249 4251 1183
1 2 1184 4248 4253
1 2 4252 4253 4248
1 2 4248 1183 4252
1 2 4253 4252 282
1 2 310 3933 4255
1 2 4254 4255 3933
1 2 3933 1093 4254
1 2 4255 4254 1186
1 2 1185 4256 4257
1 2 4254 4257 4256
1 2 4256 1186 4254
1 2 4257 4254 1093
1 2 1093 3929 4257
1 2 4258 4257 3929
1 2 3929 379 4258
1 2 4257 4258 1185
1 2 1186 4256 4260
1 2 4259 4260 4256
1 2 4256 1185 4259
1 2 4260 4259 172
1 2 159 4261 4263
1 2 4262 4263 4261
1 2 4261 1187 4262
1 2 4263 4262 1189
1 2 1188 4264 4265
1 2 4262 4265 4264
1 2 4264 1189 4262
1 2 4265 4262 1187
1 2 1187 4266 4265
1 2 4267 4265 4266
1 2 4266 253 4267
1 2 4265 4267 1188
1 2 1189 4264 4269
1 2 4268 4269 4264
1 2 4264 1188 4268
1 2 4269 4268 307
1 2 232 2718 4271
1 2 4270 4271 2718
1 2 2718 731 4270
1 2 4271 4270 1191
1 2 1190 4272 4273
1 2 4270 4273 4272
1 2 4272 1191 4270
1 2 4273 4270 731
1 2 731 2713 4273
1 2 4274 4273 2713
1 2 2713 154 4274
1 2 4273 4274 1190
1 2 1191 4272 4276
1 2 4275 4276 4272
1 2 4272 1190 4275
1 2 4276 4275 431
1 2 244 4277 4279
1 2 4278 4279 4277
1 2 4277 1192 4278
1 2 4279 4278 1194
1 2 1193 4280 4281
1 2 4278 4281 4280
1 2 4280 1194 4278
1 2 4281 4278 1192
1 2 1192 4282 4281
1 2 4283 4281 4282
1 2 4282 144 4283
1 2 4281 4283 1193
1 2 1194 4280 4285
1 2 4284 4285 4280
1 2 4280 1193 4284
1 2 4285 4284 401
1 2 89 3119 4287
1 2 4286 4287 3119
1 2 3119 852 4286
1 2 4287 4286 1196
1 2 1195 4288 4289
1 2 4286 4289 4288
1 2 4288 1196 4286
1 2 4289 4286 852
1 2 852 3118 4289
1 2 4290 4289 3118
1 2 3118 224 4290
1 2 4289 4290 1195
1 2 1196 4288 4292
1 2 4291 4292 4288
1 2 4288 1195 4291
1 2 4292 4291 452
1 2 124 4293 2558
1 2 4294 2558 4293
1 2 4293 1197 4294
1 2 2558 4294 683
1 2 1198 4295 4296
1 2 4294 4296 4295
1 2 4295 683 4294
1 2 4296 4294 1197
1 2 1197 4297 4296
1 2 4298 4296 4297
1 2 4297 332 4298
1 2 4296 4298 1198
1 2 683 4295 2559
1 2 4299 2559 4295
1 2 4295 1198 4299
1 2 2559 4299 243
1 2 149 4300 4302
1 2 4301 4302 4300
1 2 4300 1199 4301
1 2 4302 4301 1201
1 2 1200 4303 4304
1 2 4301 4304 4303
1 2 4303 1201 4301
1 2 4304 4301 1199
1 2 1199 4305 4304
1 2 4306 4304 4305
1 2 4305 213 4306
1 2 4304 4306 1200
1 2 1201 4303 4308
1 2 4307 4308 4303
1 2 4303 1200 4307
1 2 4308 4307 353
1 2 147 4128 4310
1 2 4309 4310 4128
1 2 4128 1150 4309
1 2 4310 4309 1203
1 2 1202 4311 4312
1 2 4309 4312 4311
1 2 4311 1203 4309
1 2 4312 4309 1150
1 2 1150 4134 4312
1 2 4313 4312 4134
1 2 4134 257 4313
1 2 4312 4313 1202
1 2 1203 4311 4315
1 2 4314 4315 4311
1 2 4311 1202 4314
1 2 4315 4314 470
1 2 213 4305 4317
1 2 4316 4317 4305
1 2 4305 1199 4316
1 2 4317 4316 1205
1 2 1204 4318 4319
1 2 4316 4319 4318
1 2 4318 1205 4316
1 2 4319 4316 1199
1 2 1199 4300 4319
1 2 4320 4319 4300
1 2 4300 149 4320
1 2 4319 4320 1204
1 2 1205 4318 4322
1 2 4321 4322 4318
1 2 4318 1204 4321
1 2 4322 4321 380
1 2 220 3373 4324
1 2 4323 4324 3373
1 2 3373 928 4323
1 2 4324 4323 1207
1 2 1206 4325 4326
1 2 4323 4326 4325
1 2 4325 1207 4323
1 2 4326 4323 928
1 2 928 3368 4326
1 2 4327 4326 3368
1 2 3368 115 4327
1 2 4326 4327 1206
1 2 1207 4325 4329
1 2 4328 4329 4325
1 2 4325 1206 4328
1 2 4329 4328 421
1 2 135 4137 4331
1 2 4330 4331 4137
1 2 4137 1153 4330
1 2 4331 4330 1209
1 2 1208 4332 4333
1 2 4330 4333 4332
1 2 4332 1209 4330
1 2 4333 4330 1153
1 2 1153 4143 4333
1 2 4334 4333 4143
1 2 4143 543 4334
1 2 4333 4334 1208
1 2 1209 4332 4336
1 2 4335 4336 4332
1 2 4332 1208 4335
1 2 4336 4335 244
1 2 139 2736 4338
1 2 4337 4338 2736
1 2 2736 738 4337
1 2 4338 4337 1211
1 2 1210 4339 4340
1 2 4337 4340 4339
1 2 4339 1211 4337
1 2 4340 4337 738
1 2 738 2740 4340
1 2 4341 4340 2740
1 2 2740 221 4341
1 2 4340 4341 1210
1 2 1211 4339 4343
1 2 4342 4343 4339
1 2 4339 1210 4342
1 2 4343 4342 480
1 2 348 4344 4346
1 2 4345 4346 4344
1 2 4344 1212 4345
1 2 4346 4345 1213
1 2 1157 4347 4348
1 2 4345 4348 4347
1 2 4347 1213 4345
1 2 4348 4345 1212
1 2 1212 4349 4348
1 2 4152 4348 4349
1 2 4349 336 4152
1 2 4348 4152 1157
1 2 1213 4347 4350
1 2 4157 4350 4347
1 2 4347 1157 4157
1 2 4350 4157 182
1 2 193 3327 4352
1 2 4351 4352 3327
1 2 3327 917 4351
1 2 4352 4351 1215
1 2 1214 4353 4354
1 2 4351 4354 4353
1 2 4353 1215 4351
1 2 4354 4351 917
1 2 917 3332 4354
1 2 4355 4354 3332
1 2 3332 247 4355
1 2 4354 4355 1214
1 2 1215 4353 4357
1 2 4356 4357 4353
1 2 4353 1214 4356
1 2 4357 4356 540
1 2 225 3559 4359
1 2 4358 4359 3559
1 2 3559 982 4358
1 2 4359 4358 1216
1 2 1073 4360 4361
1 2 4358 4361 4360
1 2 4360 1216 4358
1 2 4361 4358 982
1 2 982 3554 4361
1 2 3861 4361 3554
1 2 3554 141 3861
1 2 4361 3861 1073
1 2 1216 4360 4362
1 2 3866 4362 4360
1 2 4360 1073 3866
1 2 4362 3866 407
1 2 358 4093 4364
1 2 4363 4364 4093
1 2 4093 1138 4363
1 2 4364 4363 1218
1 2 1217 4365 4366
1 2 4363 4366 4365
1 2 4365 1218 4363
1 2 4366 4363 1138
1 2 1138 4088 4366
1 2 4367 4366 4088
1 2 4088 532 4367
1 2 4366 4367 1217
1 2 1218 4365 4369
1 2 4368 4369 4365
1 2 4365 1217 4368
1 2 4369 4368 526
1 2 486 4370 4372
1 2 4371 4372 4370
1 2 4370 1219 4371
1 2 4372 4371 1220
1 2 687 4373 4374
1 2 4371 4374 4373
1 2 4373 1220 4371
1 2 4374 4371 1219
1 2 1219 4375 4374
1 2 2563 4374 4375
1 2 4375 236 2563
1 2 4374 2563 687
1 2 1220 4373 4376
1 2 2569 4376 4373
1 2 4373 687 2569
1 2 4376 2569 222
1 2 152 4377 4379
1 2 4378 4379 4377
1 2 4377 1221 4378
1 2 4379 4378 1222
1 2 1179 4380 4381
1 2 4378 4381 4380
1 2 4380 1222 4378
1 2 4381 4378 1221
1 2 1221 4382 4381
1 2 4237 4381 4382
1 2 4382 322 4237
1 2 4381 4237 1179
1 2 1222 4380 4383
1 2 4233 4383 4380
1 2 4380 1179 4233
1 2 4383 4233 423
1 2 238 4384 2517
1 2 4385 2517 4384
1 2 4384 1223 4385
1 2 2517 4385 670
1 2 1224 4386 4387
1 2 4385 4387 4386
1 2 4386 670 4385
1 2 4387 4385 1223
1 2 1223 4388 4387
1 2 4389 4387 4388
1 2 4388 82 4389
1 2 4387 4389 1224
1 2 670 4386 2518
1 2 4390 2518 4386
1 2 4386 1224 4390
1 2 2518 4390 432
1 2 313 3972 4392
1 2 4391 4392 3972
1 2 3972 1103 4391
1 2 4392 4391 1226
1 2 1225 4393 4394
1 2 4391 4394 4393
1 2 4393 1226 4391
1 2 4394 4391 1103
1 2 1103 3967 4394
1 2 4395 4394 3967
1 2 3967 263 4395
1 2 4394 4395 1225
1 2 1226 4393 4397
1 2 4396 4397 4393
1 2 4393 1225 4396
1 2 4397 4396 576
1 2 240 3592 4399
1 2 4398 4399 3592
1 2 3592 991 4398
1 2 4399 4398 1228
1 2 1227 4400 4401
1 2 4398 4401 4400
1 2 4400 1228 4398
1 2 4401 4398 991
1 2 991 3587 4401
1 2 4402 4401 3587
1 2 3587 389 4402
1 2 4401 4402 1227
1 2 1228 4400 4404
1 2 4403 4404 4400
1 2 4400 1227 4403
1 2 4404 4403 515
1 2 149 4405 4407
1 2 4406 4407 4405
1 2 4405 1229 4406
1 2 4407 4406 1230
1 2 1149 4408 4409
1 2 4406 4409 4408
1 2 4408 1230 4406
1 2 4409 4406 1229
1 2 1229 4410 4409
1 2 4133 4409 4410
1 2 4410 257 4133
1 2 4409 4133 1149
1 2 1230 4408 4411
1 2 4132 4411 4408
1 2 4408 1149 4132
1 2 4411 4132 314
1 2 322 3798 4238
1 2 4412 4238 3798
1 2 3798 1052 4412
1 2 4238 4412 1180
1 2 1231 4413 4414
1 2 4412 4414 4413
1 2 4413 1180 4412
1 2 4414 4412 1052
1 2 1052 3793 4414
1 2 4415 4414 3793
1 2 3793 500 4415
1 2 4414 4415 1231
1 2 1180 4413 4239
1 2 4416 4239 4413
1 2 4413 1231 4416
1 2 4239 4416 210
1 2 122 2547 4124
1 2 4417 4124 2547
1 2 2547 682 4417
1 2 4124 4417 1147
1 2 1216 4418 4419
1 2 4417 4419 4418
1 2 4418 1147 4417
1 2 4419 4417 682
1 2 682 2553 4419
1 2 4359 4419 2553
1 2 2553 225 4359
1 2 4419 4359 1216
1 2 1147 4418 4125
1 2 4362 4125 4418
1 2 4418 1216 4362
1 2 4125 4362 407
1 2 60 2959 4421
1 2 4420 4421 2959
1 2 2959 805 4420
1 2 4421 4420 1232
1 2 1219 4422 4423
1 2 4420 4423 4422
1 2 4422 1232 4420
1 2 4423 4420 805
1 2 805 2954 4423
1 2 4375 4423 2954
1 2 2954 236 4375
1 2 4423 4375 1219
1 2 1232 4422 4424
1 2 4370 4424 4422
1 2 4422 1219 4370
1 2 4424 4370 486
1 2 419 4425 4427
1 2 4426 4427 4425
1 2 4425 1233 4426
1 2 4427 4426 1235
1 2 1234 4428 4429
1 2 4426 4429 4428
1 2 4428 1235 4426
1 2 4429 4426 1233
1 2 1233 4430 4429
1 2 4431 4429 4430
1 2 4430 408 4431
1 2 4429 4431 1234
1 2 1235 4428 4433
1 2 4432 4433 4428
1 2 4428 1234 4432
1 2 4433 4432 216
1 2 478 4434 4436
1 2 4435 4436 4434
1 2 4434 1236 4435
1 2 4436 4435 1237
1 2 853 4437 4438
1 2 4435 4438 4437
1 2 4437 1237 4435
1 2 4438 4435 1236
1 2 1236 4439 4438
1 2 3114 4438 4439
1 2 4439 301 3114
1 2 4438 3114 853
1 2 1237 4437 4440
1 2 3120 4440 4437
1 2 4437 853 3120
1 2 4440 3120 89
1 2 278 4441 4443
1 2 4442 4443 4441
1 2 4441 1238 4442
1 2 4443 4442 1239
1 2 1172 4444 4445
1 2 4442 4445 4444
1 2 4444 1239 4442
1 2 4445 4442 1238
1 2 1238 4446 4445
1 2 4206 4445 4446
1 2 4446 344 4206
1 2 4445 4206 1172
1 2 1239 4444 4447
1 2 4211 4447 4444
1 2 4444 1172 4211
1 2 4447 4211 151
1 2 272 3320 4449
1 2 4448 4449 3320
1 2 3320 915 4448
1 2 4449 4448 1241
1 2 1240 4450 4451
1 2 4448 4451 4450
1 2 4450 1241 4448
1 2 4451 4448 915
1 2 915 3325 4451
1 2 4452 4451 3325
1 2 3325 453 4452
1 2 4451 4452 1240
1 2 1241 4450 4454
1 2 4453 4454 4450
1 2 4450 1240 4453
1 2 4454 4453 179
1 2 517 4455 4457
1 2 4456 4457 4455
1 2 4455 1242 4456
1 2 4457 4456 1244
1 2 1243 4458 4459
1 2 4456 4459 4458
1 2 4458 1244 4456
1 2 4459 4456 1242
1 2 1242 4460 4459
1 2 4461 4459 4460
1 2 4460 362 4461
1 2 4459 4461 1243
1 2 1244 4458 4463
1 2 4462 4463 4458
1 2 4458 1243 4462
1 2 4463 4462 33
1 2 381 4464 4466
1 2 4465 4466 4464
1 2 4464 1245 4465
1 2 4466 4465 1247
1 2 1246 4467 4468
1 2 4465 4468 4467
1 2 4467 1247 4465
1 2 4468 4465 1245
1 2 1245 4469 4468
1 2 4470 4468 4469
1 2 4469 425 4470
1 2 4468 4470 1246
1 2 1247 4467 4472
1 2 4471 4472 4467
1 2 4467 1246 4471
1 2 4472 4471 202
1 2 370 4222 4474
1 2 4473 4474 4222
1 2 4222 1174 4473
1 2 4474 4473 1249
1 2 1248 4475 4476
1 2 4473 4476 4475
1 2 4475 1249 4473
1 2 4476 4473 1174
1 2 1174 4217 4476
1 2 4477 4476 4217
1 2 4217 274 4477
1 2 4476 4477 1248
1 2 1249 4475 4479
1 2 4478 4479 4475
1 2 4475 1248 4478
1 2 4479 4478 170
1 2 451 4480 2944
1 2 4481 2944 4480
1 2 4480 1250 4481
1 2 2944 4481 801
1 2 1251 4482 4483
1 2 4481 4483 4482
1 2 4482 801 4481
1 2 4483 4481 1250
1 2 1250 4484 4483
1 2 4485 4483 4484
1 2 4484 294 4485
1 2 4483 4485 1251
1 2 801 4482 2945
1 2 4486 2945 4482
1 2 4482 1251 4486
1 2 2945 4486 121
1 2 408 4430 4488
1 2 4487 4488 4430
1 2 4430 1233 4487
1 2 4488 4487 1253
1 2 1252 4489 4490
1 2 4487 4490 4489
1 2 4489 1253 4487
1 2 4490 4487 1233
1 2 1233 4425 4490
1 2 4491 4490 4425
1 2 4425 419 4491
1 2 4490 4491 1252
1 2 1253 4489 4493
1 2 4492 4493 4489
1 2 4489 1252 4492
1 2 4493 4492 153
1 2 251 4494 2655
1 2 4495 2655 4494
1 2 4494 1254 4495
1 2 2655 4495 712
1 2 1255 4496 4497
1 2 4495 4497 4496
1 2 4496 712 4495
1 2 4497 4495 1254
1 2 1254 4498 4497
1 2 4499 4497 4498
1 2 4498 151 4499
1 2 4497 4499 1255
1 2 712 4496 2656
1 2 4500 2656 4496
1 2 4496 1255 4500
1 2 2656 4500 404
1 2 224 2706 4290
1 2 4501 4290 2706
1 2 2706 730 4501
1 2 4290 4501 1195
1 2 1256 4502 4503
1 2 4501 4503 4502
1 2 4502 1195 4501
1 2 4503 4501 730
1 2 730 2712 4503
1 2 4504 4503 2712
1 2 2712 285 4504
1 2 4503 4504 1256
1 2 1195 4502 4291
1 2 4505 4291 4502
1 2 4502 1256 4505
1 2 4291 4505 452
1 2 82 4388 4507
1 2 4506 4507 4388
1 2 4388 1223 4506
1 2 4507 4506 1258
1 2 1257 4508 4509
1 2 4506 4509 4508
1 2 4508 1258 4506
1 2 4509 4506 1223
1 2 1223 4384 4509
1 2 4510 4509 4384
1 2 4384 238 4510
1 2 4509 4510 1257
1 2 1258 4508 4512
1 2 4511 4512 4508
1 2 4508 1257 4511
1 2 4512 4511 415
1 2 139 4513 4515
1 2 4514 4515 4513
1 2 4513 1259 4514
1 2 4515 4514 1260
1 2 846 4516 4517
1 2 4514 4517 4516
1 2 4516 1260 4514
1 2 4517 4514 1259
1 2 1259 4518 4517
1 2 3092 4517 4518
1 2 4518 262 3092
1 2 4517 3092 846
1 2 1260 4516 4519
1 2 3097 4519 4516
1 2 4516 846 3097
1 2 4519 3097 333
1 2 150 4520 4522
1 2 4521 4522 4520
1 2 4520 1261 4521
1 2 4522 4521 1263
1 2 1262 4523 4524
1 2 4521 4524 4523
1 2 4523 1263 4521
1 2 4524 4521 1261
1 2 1261 4525 4524
1 2 4526 4524 4525
1 2 4525 439 4526
1 2 4524 4526 1262
1 2 1263 4523 4528
1 2 4527 4528 4523
1 2 4523 1262 4527
1 2 4528 4527 544
1 2 140 3406 4530
1 2 4529 4530 3406
1 2 3406 937 4529
1 2 4530 4529 1265
1 2 1264 4531 4532
1 2 4529 4532 4531
1 2 4531 1265 4529
1 2 4532 4529 937
1 2 937 3401 4532
1 2 4533 4532 3401
1 2 3401 223 4533
1 2 4532 4533 1264
1 2 1265 4531 4535
1 2 4534 4535 4531
1 2 4531 1264 4534
1 2 4535 4534 345
1 2 336 4349 3307
1 2 4536 3307 4349
1 2 4349 1212 4536
1 2 3307 4536 909
1 2 1266 4537 4538
1 2 4536 4538 4537
1 2 4537 909 4536
1 2 4538 4536 1212
1 2 1212 4344 4538
1 2 4539 4538 4344
1 2 4344 348 4539
1 2 4538 4539 1266
1 2 909 4537 3308
1 2 4540 3308 4537
1 2 4537 1266 4540
1 2 3308 4540 143
1 2 362 4460 3845
1 2 4541 3845 4460
1 2 4460 1242 4541
1 2 3845 4541 1067
1 2 1267 4542 4543
1 2 4541 4543 4542
1 2 4542 1067 4541
1 2 4543 4541 1242
1 2 1242 4455 4543
1 2 4544 4543 4455
1 2 4455 517 4544
1 2 4543 4544 1267
1 2 1067 4542 3840
1 2 4545 3840 4542
1 2 4542 1267 4545
1 2 3840 4545 219
1 2 325 4546 4548
1 2 4547 4548 4546
1 2 4546 1268 4547
1 2 4548 4547 1270
1 2 1269 4549 4550
1 2 4547 4550 4549
1 2 4549 1270 4547
1 2 4550 4547 1268
1 2 1268 4551 4550
1 2 4552 4550 4551
1 2 4551 313 4552
1 2 4550 4552 1269
1 2 1270 4549 4554
1 2 4553 4554 4549
1 2 4549 1269 4553
1 2 4554 4553 136
1 2 52 3476 4556
1 2 4555 4556 3476
1 2 3476 957 4555
1 2 4556 4555 1272
1 2 1271 4557 4558
1 2 4555 4558 4557
1 2 4557 1272 4555
1 2 4558 4555 957
1 2 957 3471 4558
1 2 4559 4558 3471
1 2 3471 273 4559
1 2 4558 4559 1271
1 2 1272 4557 4561
1 2 4560 4561 4557
1 2 4557 1271 4560
1 2 4561 4560 434
1 2 24 3624 4563
1 2 4562 4563 3624
1 2 3624 1001 4562
1 2 4563 4562 1274
1 2 1273 4564 4565
1 2 4562 4565 4564
1 2 4564 1274 4562
1 2 4565 4562 1001
1 2 1001 3619 4565
1 2 4566 4565 3619
1 2 3619 259 4566
1 2 4565 4566 1273
1 2 1274 4564 4568
1 2 4567 4568 4564
1 2 4564 1273 4567
1 2 4568 4567 342
1 2 344 4446 2834
1 2 4569 2834 4446
1 2 4446 1238 4569
1 2 2834 4569 767
1 2 1275 4570 4571
1 2 4569 4571 4570
1 2 4570 767 4569
1 2 4571 4569 1238
1 2 1238 4441 4571
1 2 4572 4571 4441
1 2 4441 278 4572
1 2 4571 4572 1275
1 2 767 4570 2835
1 2 4573 2835 4570
1 2 4570 1275 4573
1 2 2835 4573 95
1 2 279 2751 4575
1 2 4574 4575 2751
1 2 2751 743 4574
1 2 4575 4574 1277
1 2 1276 4576 4577
1 2 4574 4577 4576
1 2 4576 1277 4574
1 2 4577 4574 743
1 2 743 2756 4577
1 2 4578 4577 2756
1 2 2756 444 4578
1 2 4577 4578 1276
1 2 1277 4576 4580
1 2 4579 4580 4576
1 2 4576 1276 4579
1 2 4580 4579 172
1 2 514 4581 4583
1 2 4582 4583 4581
1 2 4581 1278 4582
1 2 4583 4582 1280
1 2 1279 4584 4585
1 2 4582 4585 4584
1 2 4584 1280 4582
1 2 4585 4582 1278
1 2 1278 4586 4585
1 2 4587 4585 4586
1 2 4586 120 4587
1 2 4585 4587 1279
1 2 1280 4584 4589
1 2 4588 4589 4584
1 2 4584 1279 4588
1 2 4589 4588 234
1 2 299 2404 4591
1 2 4590 4591 2404
1 2 2404 634 4590
1 2 4591 4590 1282
1 2 1281 4592 4593
1 2 4590 4593 4592
1 2 4592 1282 4590
1 2 4593 4590 634
1 2 634 2403 4593
1 2 4594 4593 2403
1 2 2403 212 4594
1 2 4593 4594 1281
1 2 1282 4592 4596
1 2 4595 4596 4592
1 2 4592 1281 4595
1 2 4596 4595 378
1 2 275 4597 4599
1 2 4598 4599 4597
1 2 4597 1283 4598
1 2 4599 4598 1284
1 2 651 4600 4601
1 2 4598 4601 4600
1 2 4600 1284 4598
1 2 4601 4598 1283
1 2 1283 4602 4601
1 2 2450 4601 4602
1 2 4602 135 2450
1 2 4601 2450 651
1 2 1284 4600 4603
1 2 2455 4603 4600
1 2 4600 651 2455
1 2 4603 2455 469
1 2 227 2847 4605
1 2 4604 4605 2847
1 2 2847 773 4604
1 2 4605 4604 1286
1 2 1285 4606 4607
1 2 4604 4607 4606
1 2 4606 1286 4604
1 2 4607 4604 773
1 2 773 2852 4607
1 2 4608 4607 2852
1 2 2852 158 4608
1 2 4607 4608 1285
1 2 1286 4606 4610
1 2 4609 4610 4606
1 2 4606 1285 4609
1 2 4610 4609 476
1 2 376 4250 2396
1 2 4611 2396 4250
1 2 4250 1182 4611
1 2 2396 4611 632
1 2 1287 4612 4613
1 2 4611 4613 4612
1 2 4612 632 4611
1 2 4613 4611 1182
1 2 1182 4245 4613
1 2 4614 4613 4245
1 2 4245 36 4614
1 2 4613 4614 1287
1 2 632 4612 2391
1 2 4615 2391 4612
1 2 4612 1287 4615
1 2 2391 4615 37
1 2 245 3451 4617
1 2 4616 4617 3451
1 2 3451 949 4616
1 2 4617 4616 1289
1 2 1288 4618 4619
1 2 4616 4619 4618
1 2 4618 1289 4616
1 2 4619 4616 949
1 2 949 3446 4619
1 2 4620 4619 3446
1 2 3446 8 4620
1 2 4619 4620 1288
1 2 1289 4618 4622
1 2 4621 4622 4618
1 2 4618 1288 4621
1 2 4622 4621 340
1 2 247 4623 4625
1 2 4624 4625 4623
1 2 4623 1290 4624
1 2 4625 4624 1292
1 2 1291 4626 4627
1 2 4624 4627 4626
1 2 4626 1292 4624
1 2 4627 4624 1290
1 2 1290 4628 4627
1 2 4629 4627 4628
1 2 4628 154 4629
1 2 4627 4629 1291
1 2 1292 4626 4631
1 2 4630 4631 4626
1 2 4626 1291 4630
1 2 4631 4630 418
1 2 94 4632 3905
1 2 4633 3905 4632
1 2 4632 1293 4633
1 2 3905 4633 1085
1 2 1294 4634 4635
1 2 4633 4635 4634
1 2 4634 1085 4633
1 2 4635 4633 1293
1 2 1293 4636 4635
1 2 4637 4635 4636
1 2 4636 325 4637
1 2 4635 4637 1294
1 2 1085 4634 3906
1 2 4638 3906 4634
1 2 4634 1294 4638
1 2 3906 4638 368
1 2 262 4518 4640
1 2 4639 4640 4518
1 2 4518 1259 4639
1 2 4640 4639 1296
1 2 1295 4641 4642
1 2 4639 4642 4641
1 2 4641 1296 4639
1 2 4642 4639 1259
1 2 1259 4513 4642
1 2 4643 4642 4513
1 2 4513 139 4643
1 2 4642 4643 1295
1 2 1296 4641 4645
1 2 4644 4645 4641
1 2 4641 1295 4644
1 2 4645 4644 373
1 2 120 4586 4647
1 2 4646 4647 4586
1 2 4586 1278 4646
1 2 4647 4646 1298
1 2 1297 4648 4649
1 2 4646 4649 4648
1 2 4648 1298 4646
1 2 4649 4646 1278
1 2 1278 4581 4649
1 2 4650 4649 4581
1 2 4581 514 4650
1 2 4649 4650 1297
1 2 1298 4648 4652
1 2 4651 4652 4648
1 2 4648 1297 4651
1 2 4652 4651 248
1 2 240 4653 3028
1 2 4654 3028 4653
1 2 4653 1299 4654
1 2 3028 4654 825
1 2 1300 4655 4656
1 2 4654 4656 4655
1 2 4655 825 4654
1 2 4656 4654 1299
1 2 1299 4657 4656
1 2 4658 4656 4657
1 2 4657 348 4658
1 2 4656 4658 1300
1 2 825 4655 3029
1 2 4659 3029 4655
1 2 4655 1300 4659
1 2 3029 4659 84
1 2 327 2324 2920
1 2 4660 2920 2324
1 2 2324 611 4660
1 2 2920 4660 794
1 2 1298 4661 4662
1 2 4660 4662 4661
1 2 4661 794 4660
1 2 4662 4660 611
1 2 611 2330 4662
1 2 4647 4662 2330
1 2 2330 120 4647
1 2 4662 4647 1298
1 2 794 4661 2921
1 2 4652 2921 4661
1 2 4661 1298 4652
1 2 2921 4652 248
1 2 259 3621 4664
1 2 4663 4664 3621
1 2 3621 1003 4663
1 2 4664 4663 1302
1 2 1301 4665 4666
1 2 4663 4666 4665
1 2 4665 1302 4663
1 2 4666 4663 1003
1 2 1003 3627 4666
1 2 4667 4666 3627
1 2 3627 25 4667
1 2 4666 4667 1301
1 2 1302 4665 4669
1 2 4668 4669 4665
1 2 4665 1301 4668
1 2 4669 4668 352
1 2 294 4484 4671
1 2 4670 4671 4484
1 2 4484 1250 4670
1 2 4671 4670 1304
1 2 1303 4672 4673
1 2 4670 4673 4672
1 2 4672 1304 4670
1 2 4673 4670 1250
1 2 1250 4480 4673
1 2 4674 4673 4480
1 2 4480 451 4674
1 2 4673 4674 1303
1 2 1304 4672 4676
1 2 4675 4676 4672
1 2 4672 1303 4675
1 2 4676 4675 207
1 2 31 4677 4679
1 2 4678 4679 4677
1 2 4677 1305 4678
1 2 4679 4678 1307
1 2 1306 4680 4681
1 2 4678 4681 4680
1 2 4680 1307 4678
1 2 4681 4678 1305
1 2 1305 4682 4681
1 2 4683 4681 4682
1 2 4682 257 4683
1 2 4681 4683 1306
1 2 1307 4680 4685
1 2 4684 4685 4680
1 2 4680 1306 4684
1 2 4685 4684 436
1 2 135 4331 2231
1 2 4686 2231 4331
1 2 4331 1209 4686
1 2 2231 4686 578
1 2 1308 4687 4688
1 2 4686 4688 4687
1 2 4687 578 4686
1 2 4688 4686 1209
1 2 1209 4336 4688
1 2 4689 4688 4336
1 2 4336 244 4689
1 2 4688 4689 1308
1 2 578 4687 2232
1 2 4690 2232 4687
1 2 4687 1308 4690
1 2 2232 4690 315
1 2 160 4691 4693
1 2 4692 4693 4691
1 2 4691 1309 4692
1 2 4693 4692 1311
1 2 1310 4694 4695
1 2 4692 4695 4694
1 2 4694 1311 4692
1 2 4695 4692 1309
1 2 1309 4696 4695
1 2 4697 4695 4696
1 2 4696 242 4697
1 2 4695 4697 1310
1 2 1311 4694 4699
1 2 4698 4699 4694
1 2 4694 1310 4698
1 2 4699 4698 460
1 2 234 3393 4589
1 2 4700 4589 3393
1 2 3393 934 4700
1 2 4589 4700 1280
1 2 1312 4701 4702
1 2 4700 4702 4701
1 2 4701 1280 4700
1 2 4702 4700 934
1 2 934 3389 4702
1 2 4703 4702 3389
1 2 3389 131 4703
1 2 4702 4703 1312
1 2 1280 4701 4583
1 2 4704 4583 4701
1 2 4701 1312 4704
1 2 4583 4704 514
1 2 421 4705 4329
1 2 4706 4329 4705
1 2 4705 1313 4706
1 2 4329 4706 1207
1 2 1314 4707 4708
1 2 4706 4708 4707
1 2 4707 1207 4706
1 2 4708 4706 1313
1 2 1313 4709 4708
1 2 4710 4708 4709
1 2 4709 454 4710
1 2 4708 4710 1314
1 2 1207 4707 4324
1 2 4711 4324 4707
1 2 4707 1314 4711
1 2 4324 4711 220
1 2 363 3608 4713
1 2 4712 4713 3608
1 2 3608 996 4712
1 2 4713 4712 1315
1 2 1286 4714 4715
1 2 4712 4715 4714
1 2 4714 1315 4712
1 2 4715 4712 996
1 2 996 3607 4715
1 2 4605 4715 3607
1 2 3607 227 4605
1 2 4715 4605 1286
1 2 1315 4714 4716
1 2 4610 4716 4714
1 2 4714 1286 4610
1 2 4716 4610 476
1 2 252 3515 4718
1 2 4717 4718 3515
1 2 3515 971 4717
1 2 4718 4717 1317
1 2 1316 4719 4720
1 2 4717 4720 4719
1 2 4719 1317 4717
1 2 4720 4717 971
1 2 971 3521 4720
1 2 4721 4720 3521
1 2 3521 106 4721
1 2 4720 4721 1316
1 2 1317 4719 4723
1 2 4722 4723 4719
1 2 4719 1316 4722
1 2 4723 4722 380
1 2 316 3044 4725
1 2 4724 4725 3044
1 2 3044 830 4724
1 2 4725 4724 1319
1 2 1318 4726 4727
1 2 4724 4727 4726
1 2 4726 1319 4724
1 2 4727 4724 830
1 2 830 3043 4727
1 2 4728 4727 3043
1 2 3043 217 4728
1 2 4727 4728 1318
1 2 1319 4726 4730
1 2 4729 4730 4726
1 2 4726 1318 4729
1 2 4730 4729 537
1 2 126 4731 4733
1 2 4732 4733 4731
1 2 4731 1320 4732
1 2 4733 4732 1322
1 2 1321 4734 4735
1 2 4732 4735 4734
1 2 4734 1322 4732
1 2 4735 4732 1320
1 2 1320 4736 4735
1 2 4737 4735 4736
1 2 4736 264 4737
1 2 4735 4737 1321
1 2 1322 4734 4739
1 2 4738 4739 4734
1 2 4734 1321 4738
1 2 4739 4738 399
1 2 499 3511 4741
1 2 4740 4741 3511
1 2 3511 967 4740
1 2 4741 4740 1324
1 2 1323 4742 4743
1 2 4740 4743 4742
1 2 4742 1324 4740
1 2 4743 4740 967
1 2 967 3510 4743
1 2 4744 4743 3510
1 2 3510 339 4744
1 2 4743 4744 1323
1 2 1324 4742 4746
1 2 4745 4746 4742
1 2 4742 1323 4745
1 2 4746 4745 88
1 2 349 4747 4749
1 2 4748 4749 4747
1 2 4747 1325 4748
1 2 4749 4748 1327
1 2 1326 4750 4751
1 2 4748 4751 4750
1 2 4750 1327 4748
1 2 4751 4748 1325
1 2 1325 4752 4751
1 2 4753 4751 4752
1 2 4752 360 4753
1 2 4751 4753 1326
1 2 1327 4750 4755
1 2 4754 4755 4750
1 2 4750 1326 4754
1 2 4755 4754 107
1 2 235 4140 4757
1 2 4756 4757 4140
1 2 4140 1151 4756
1 2 4757 4756 1329
1 2 1328 4758 4759
1 2 4756 4759 4758
1 2 4758 1329 4756
1 2 4759 4756 1151
1 2 1151 4135 4759
1 2 4760 4759 4135
1 2 4135 135 4760
1 2 4759 4760 1328
1 2 1329 4758 4762
1 2 4761 4762 4758
1 2 4758 1328 4761
1 2 4762 4761 359
1 2 236 2956 4764
1 2 4763 4764 2956
1 2 2956 807 4763
1 2 4764 4763 1331
1 2 1330 4765 4766
1 2 4763 4766 4765
1 2 4765 1331 4763
1 2 4766 4763 807
1 2 807 2962 4766
1 2 4767 4766 2962
1 2 2962 61 4767
1 2 4766 4767 1330
1 2 1331 4765 4769
1 2 4768 4769 4765
1 2 4765 1330 4768
1 2 4769 4768 391
1 2 98 2907 4771
1 2 4770 4771 2907
1 2 2907 790 4770
1 2 4771 4770 1333
1 2 1332 4772 4773
1 2 4770 4773 4772
1 2 4772 1333 4770
1 2 4773 4770 790
1 2 790 2903 4773
1 2 4774 4773 2903
1 2 2903 346 4774
1 2 4773 4774 1332
1 2 1333 4772 4776
1 2 4775 4776 4772
1 2 4772 1332 4775
1 2 4776 4775 511
1 2 241 2291 2732
1 2 4777 2732 2291
1 2 2291 597 4777
1 2 2732 4777 736
1 2 1334 4778 4779
1 2 4777 4779 4778
1 2 4778 736 4777
1 2 4779 4777 597
1 2 597 2286 4779
1 2 4780 4779 2286
1 2 2286 1 4780
1 2 4779 4780 1334
1 2 736 4778 2733
1 2 4781 2733 4778
1 2 4778 1334 4781
1 2 2733 4781 383
1 2 281 4782 4784
1 2 4783 4784 4782
1 2 4782 1335 4783
1 2 4784 4783 1336
1 2 905 4785 4786
1 2 4783 4786 4785
1 2 4785 1336 4783
1 2 4786 4783 1335
1 2 1335 4787 4786
1 2 3294 4786 4787
1 2 4787 390 3294
1 2 4786 3294 905
1 2 1336 4785 4788
1 2 3293 4788 4785
1 2 4785 905 3293
1 2 4788 3293 165
1 2 317 4789 4791
1 2 4790 4791 4789
1 2 4789 1337 4790
1 2 4791 4790 1339
1 2 1338 4792 4793
1 2 4790 4793 4792
1 2 4792 1339 4790
1 2 4793 4790 1337
1 2 1337 4794 4793
1 2 4795 4793 4794
1 2 4794 488 4795
1 2 4793 4795 1338
1 2 1339 4792 4797
1 2 4796 4797 4792
1 2 4792 1338 4796
1 2 4797 4796 208
1 2 425 4469 4799
1 2 4798 4799 4469
1 2 4469 1245 4798
1 2 4799 4798 1341
1 2 1340 4800 4801
1 2 4798 4801 4800
1 2 4800 1341 4798
1 2 4801 4798 1245
1 2 1245 4464 4801
1 2 4802 4801 4464
1 2 4464 381 4802
1 2 4801 4802 1340
1 2 1341 4800 4804
1 2 4803 4804 4800
1 2 4800 1340 4803
1 2 4804 4803 161
1 2 137 3063 3832
1 2 4805 3832 3063
1 2 3063 837 4805
1 2 3832 4805 1064
1 2 1342 4806 4807
1 2 4805 4807 4806
1 2 4806 1064 4805
1 2 4807 4805 837
1 2 837 3067 4807
1 2 4808 4807 3067
1 2 3067 265 4808
1 2 4807 4808 1342
1 2 1064 4806 3836
1 2 4809 3836 4806
1 2 4806 1342 4809
1 2 3836 4809 530
1 2 355 4810 4812
1 2 4811 4812 4810
1 2 4810 1343 4811
1 2 4812 4811 1344
1 2 1253 4813 4814
1 2 4811 4814 4813
1 2 4813 1344 4811
1 2 4814 4811 1343
1 2 1343 4815 4814
1 2 4488 4814 4815
1 2 4815 408 4488
1 2 4814 4488 1253
1 2 1344 4813 4816
1 2 4493 4816 4813
1 2 4813 1253 4493
1 2 4816 4493 153
1 2 303 3986 3242
1 2 4817 3242 3986
1 2 3986 1110 4817
1 2 3242 4817 890
1 2 862 4818 4819
1 2 4817 4819 4818
1 2 4818 890 4817
1 2 4819 4817 1110
1 2 1110 3991 4819
1 2 3144 4819 3991
1 2 3991 442 3144
1 2 4819 3144 862
1 2 890 4818 3243
1 2 3150 3243 4818
1 2 4818 862 3150
1 2 3243 3150 171
1 2 144 4282 4821
1 2 4820 4821 4282
1 2 4282 1192 4820
1 2 4821 4820 1346
1 2 1345 4822 4823
1 2 4820 4823 4822
1 2 4822 1346 4820
1 2 4823 4820 1192
1 2 1192 4277 4823
1 2 4824 4823 4277
1 2 4277 244 4824
1 2 4823 4824 1345
1 2 1346 4822 4826
1 2 4825 4826 4822
1 2 4822 1345 4825
1 2 4826 4825 371
1 2 20 3847 4828
1 2 4827 4828 3847
1 2 3847 1069 4827
1 2 4828 4827 1348
1 2 1347 4829 4830
1 2 4827 4830 4829
1 2 4829 1348 4827
1 2 4830 4827 1069
1 2 1069 3852 4830
1 2 4831 4830 3852
1 2 3852 329 4831
1 2 4830 4831 1347
1 2 1348 4829 4833
1 2 4832 4833 4829
1 2 4829 1347 4832
1 2 4833 4832 19
1 2 102 4834 4836
1 2 4835 4836 4834
1 2 4834 1349 4835
1 2 4836 4835 1351
1 2 1350 4837 4838
1 2 4835 4838 4837
1 2 4837 1351 4835
1 2 4838 4835 1349
1 2 1349 4839 4838
1 2 4840 4838 4839
1 2 4839 294 4840
1 2 4838 4840 1350
1 2 1351 4837 4842
1 2 4841 4842 4837
1 2 4837 1350 4841
1 2 4842 4841 388
1 2 249 4843 4845
1 2 4844 4845 4843
1 2 4843 1352 4844
1 2 4845 4844 1354
1 2 1353 4846 4847
1 2 4844 4847 4846
1 2 4846 1354 4844
1 2 4847 4844 1352
1 2 1352 4848 4847
1 2 4849 4847 4848
1 2 4848 167 4849
1 2 4847 4849 1353
1 2 1354 4846 4851
1 2 4850 4851 4846
1 2 4846 1353 4850
1 2 4851 4850 372
1 2 381 4852 4802
1 2 4853 4802 4852
1 2 4852 1355 4853
1 2 4802 4853 1340
1 2 1356 4854 4855
1 2 4853 4855 4854
1 2 4854 1340 4853
1 2 4855 4853 1355
1 2 1355 4856 4855
1 2 4857 4855 4856
1 2 4856 271 4857
1 2 4855 4857 1356
1 2 1340 4854 4803
1 2 4858 4803 4854
1 2 4854 1356 4858
1 2 4803 4858 161
1 2 429 3210 4860
1 2 4859 4860 3210
1 2 3210 880 4859
1 2 4860 4859 1358
1 2 1357 4861 4862
1 2 4859 4862 4861
1 2 4861 1358 4859
1 2 4862 4859 880
1 2 880 3209 4862
1 2 4863 4862 3209
1 2 3209 205 4863
1 2 4862 4863 1357
1 2 1358 4861 4865
1 2 4864 4865 4861
1 2 4861 1357 4864
1 2 4865 4864 293
1 2 354 3418 4867
1 2 4866 4867 3418
1 2 3418 940 4866
1 2 4867 4866 1359
1 2 1054 4868 4869
1 2 4866 4869 4868
1 2 4868 1359 4866
1 2 4869 4866 940
1 2 940 3413 4869
1 2 3795 4869 3413
1 2 3413 500 3795
1 2 4869 3795 1054
1 2 1359 4868 4870
1 2 3801 4870 4868
1 2 4868 1054 3801
1 2 4870 3801 191
1 2 178 3529 4872
1 2 4871 4872 3529
1 2 3529 973 4871
1 2 4872 4871 1360
1 2 1331 4873 4874
1 2 4871 4874 4873
1 2 4873 1360 4871
1 2 4874 4871 973
1 2 973 3528 4874
1 2 4764 4874 3528
1 2 3528 236 4764
1 2 4874 4764 1331
1 2 1360 4873 4875
1 2 4769 4875 4873
1 2 4873 1331 4769
1 2 4875 4769 391
1 2 73 4876 4878
1 2 4877 4878 4876
1 2 4876 1361 4877
1 2 4878 4877 1363
1 2 1362 4879 4880
1 2 4877 4880 4879
1 2 4879 1363 4877
1 2 4880 4877 1361
1 2 1361 4881 4880
1 2 4882 4880 4881
1 2 4881 484 4882
1 2 4880 4882 1362
1 2 1363 4879 4884
1 2 4883 4884 4879
1 2 4879 1362 4883
1 2 4884 4883 286
1 2 153 4885 4816
1 2 4886 4816 4885
1 2 4885 1364 4886
1 2 4816 4886 1344
1 2 1365 4887 4888
1 2 4886 4888 4887
1 2 4887 1344 4886
1 2 4888 4886 1364
1 2 1364 4889 4888
1 2 4890 4888 4889
1 2 4889 238 4890
1 2 4888 4890 1365
1 2 1344 4887 4812
1 2 4891 4812 4887
1 2 4887 1365 4891
1 2 4812 4891 355
1 2 160 4892 4110
1 2 4893 4110 4892
1 2 4892 1366 4893
1 2 4110 4893 1144
1 2 691 4894 4895
1 2 4893 4895 4894
1 2 4894 1144 4893
1 2 4895 4893 1366
1 2 1366 4896 4895
1 2 2584 4895 4896
1 2 4896 256 2584
1 2 4895 2584 691
1 2 1144 4894 4105
1 2 2583 4105 4894
1 2 4894 691 2583
1 2 4105 2583 335
1 2 85 4897 3815
1 2 4898 3815 4897
1 2 4897 1367 4898
1 2 3815 4898 1058
1 2 1368 4899 4900
1 2 4898 4900 4899
1 2 4899 1058 4898
1 2 4900 4898 1367
1 2 1367 4901 4900
1 2 4902 4900 4901
1 2 4901 246 4902
1 2 4900 4902 1368
1 2 1058 4899 3810
1 2 4903 3810 4899
1 2 4899 1368 4903
1 2 3810 4903 324
1 2 395 2844 4905
1 2 4904 4905 2844
1 2 2844 770 4904
1 2 4905 4904 1370
1 2 1369 4906 4907
1 2 4904 4907 4906
1 2 4906 1370 4904
1 2 4907 4904 770
1 2 770 2843 4907
1 2 4908 4907 2843
1 2 2843 136 4908
1 2 4907 4908 1369
1 2 1370 4906 4910
1 2 4909 4910 4906
1 2 4906 1369 4909
1 2 4910 4909 576
1 2 242 4696 4174
1 2 4911 4174 4696
1 2 4696 1309 4911
1 2 4174 4911 1161
1 2 1371 4912 4913
1 2 4911 4913 4912
1 2 4912 1161 4911
1 2 4913 4911 1309
1 2 1309 4691 4913
1 2 4914 4913 4691
1 2 4691 160 4914
1 2 4913 4914 1371
1 2 1161 4912 4175
1 2 4915 4175 4912
1 2 4912 1371 4915
1 2 4175 4915 392
1 2 5 4916 4918
1 2 4917 4918 4916
1 2 4916 1372 4917
1 2 4918 4917 1374
1 2 1373 4919 4920
1 2 4917 4920 4919
1 2 4919 1374 4917
1 2 4920 4917 1372
1 2 1372 4921 4920
1 2 4922 4920 4921
1 2 4921 374 4922
1 2 4920 4922 1373
1 2 1374 4919 4924
1 2 4923 4924 4919
1 2 4919 1373 4923
1 2 4924 4923 456
1 2 393 4008 4926
1 2 4925 4926 4008
1 2 4008 1115 4925
1 2 4926 4925 1376
1 2 1375 4927 4928
1 2 4925 4928 4927
1 2 4927 1376 4925
1 2 4928 4925 1115
1 2 1115 4007 4928
1 2 4929 4928 4007
1 2 4007 466 4929
1 2 4928 4929 1375
1 2 1376 4927 4931
1 2 4930 4931 4927
1 2 4927 1375 4930
1 2 4931 4930 162
1 2 238 4889 4510
1 2 4932 4510 4889
1 2 4889 1364 4932
1 2 4510 4932 1257
1 2 1377 4933 4934
1 2 4932 4934 4933
1 2 4933 1257 4932
1 2 4934 4932 1364
1 2 1364 4885 4934
1 2 4935 4934 4885
1 2 4885 153 4935
1 2 4934 4935 1377
1 2 1257 4933 4511
1 2 4936 4511 4933
1 2 4933 1377 4936
1 2 4511 4936 415
1 2 240 4937 4653
1 2 4938 4653 4937
1 2 4937 1378 4938
1 2 4653 4938 1299
1 2 1266 4939 4940
1 2 4938 4940 4939
1 2 4939 1299 4938
1 2 4940 4938 1378
1 2 1378 4941 4940
1 2 4540 4940 4941
1 2 4941 143 4540
1 2 4940 4540 1266
1 2 1299 4939 4657
1 2 4539 4657 4939
1 2 4939 1266 4539
1 2 4657 4539 348
1 2 246 2784 4943
1 2 4942 4943 2784
1 2 2784 754 4942
1 2 4943 4942 1380
1 2 1379 4944 4945
1 2 4942 4945 4944
1 2 4944 1380 4942
1 2 4945 4942 754
1 2 754 2790 4945
1 2 4946 4945 2790
1 2 2790 166 4946
1 2 4945 4946 1379
1 2 1380 4944 4948
1 2 4947 4948 4944
1 2 4944 1379 4947
1 2 4948 4947 490
1 2 119 2883 4950
1 2 4949 4950 2883
1 2 2883 782 4949
1 2 4950 4949 1382
1 2 1381 4951 4952
1 2 4949 4952 4951
1 2 4951 1382 4949
1 2 4952 4949 782
1 2 782 2882 4952
1 2 4953 4952 2882
1 2 2882 263 4953
1 2 4952 4953 1381
1 2 1382 4951 4955
1 2 4954 4955 4951
1 2 4951 1381 4954
1 2 4955 4954 487
1 2 386 4956 4958
1 2 4957 4958 4956
1 2 4956 1383 4957
1 2 4958 4957 1384
1 2 629 4959 4960
1 2 4957 4960 4959
1 2 4959 1384 4957
1 2 4960 4957 1383
1 2 1383 4961 4960
1 2 2387 4960 4961
1 2 4961 93 2387
1 2 4960 2387 629
1 2 1384 4959 4962
1 2 2383 4962 4959
1 2 4959 629 2383
1 2 4962 2383 270
1 2 454 4709 4964
1 2 4963 4964 4709
1 2 4709 1313 4963
1 2 4964 4963 1386
1 2 1385 4965 4966
1 2 4963 4966 4965
1 2 4965 1386 4963
1 2 4966 4963 1313
1 2 1313 4705 4966
1 2 4967 4966 4705
1 2 4705 421 4967
1 2 4966 4967 1385
1 2 1386 4965 4969
1 2 4968 4969 4965
1 2 4965 1385 4968
1 2 4969 4968 146
1 2 143 4941 4971
1 2 4970 4971 4941
1 2 4941 1378 4970
1 2 4971 4970 1387
1 2 1228 4972 4973
1 2 4970 4973 4972
1 2 4972 1387 4970
1 2 4973 4970 1378
1 2 1378 4937 4973
1 2 4399 4973 4937
1 2 4937 240 4399
1 2 4973 4399 1228
1 2 1387 4972 4974
1 2 4404 4974 4972
1 2 4972 1228 4404
1 2 4974 4404 515
1 2 90 4975 4977
1 2 4976 4977 4975
1 2 4975 1388 4976
1 2 4977 4976 1389
1 2 1355 4978 4979
1 2 4976 4979 4978
1 2 4978 1389 4976
1 2 4979 4976 1388
1 2 1388 4980 4979
1 2 4856 4979 4980
1 2 4980 271 4856
1 2 4979 4856 1355
1 2 1389 4978 4981
1 2 4852 4981 4978
1 2 4978 1355 4852
1 2 4981 4852 381
1 2 488 4794 4983
1 2 4982 4983 4794
1 2 4794 1337 4982
1 2 4983 4982 1390
1 2 593 4984 4985
1 2 4982 4985 4984
1 2 4984 1390 4982
1 2 4985 4982 1337
1 2 1337 4789 4985
1 2 2270 4985 4789
1 2 4789 317 2270
1 2 4985 2270 593
1 2 1390 4984 4986
1 2 2276 4986 4984
1 2 4984 593 2276
1 2 4986 2276 91
1 2 145 4987 4085
1 2 4988 4085 4987
1 2 4987 1391 4988
1 2 4085 4988 1136
1 2 1392 4989 4990
1 2 4988 4990 4989
1 2 4989 1136 4988
1 2 4990 4988 1391
1 2 1391 4991 4990
1 2 4992 4990 4991
1 2 4991 264 4992
1 2 4990 4992 1392
1 2 1136 4989 4086
1 2 4993 4086 4989
1 2 4989 1392 4993
1 2 4086 4993 366
1 2 390 4787 4995
1 2 4994 4995 4787
1 2 4787 1335 4994
1 2 4995 4994 1393
1 2 1113 4996 4997
1 2 4994 4997 4996
1 2 4996 1393 4994
1 2 4997 4994 1335
1 2 1335 4782 4997
1 2 3994 4997 4782
1 2 4782 281 3994
1 2 4997 3994 1113
1 2 1393 4996 4998
1 2 4000 4998 4996
1 2 4996 1113 4000
1 2 4998 4000 132
1 2 522 4999 5001
1 2 5000 5001 4999
1 2 4999 1394 5000
1 2 5001 5000 1396
1 2 1395 5002 5003
1 2 5000 5003 5002
1 2 5002 1396 5000
1 2 5003 5000 1394
1 2 1394 5004 5003
1 2 5005 5003 5004
1 2 5004 174 5005
1 2 5003 5005 1395
1 2 1396 5002 5007
1 2 5006 5007 5002
1 2 5002 1395 5006
1 2 5007 5006 412
1 2 257 4410 4683
1 2 5008 4683 4410
1 2 4410 1229 5008
1 2 4683 5008 1306
1 2 1397 5009 5010
1 2 5008 5010 5009
1 2 5009 1306 5008
1 2 5010 5008 1229
1 2 1229 4405 5010
1 2 5011 5010 4405
1 2 4405 149 5011
1 2 5010 5011 1397
1 2 1306 5009 4684
1 2 5012 4684 5009
1 2 5009 1397 5012
1 2 4684 5012 436
1 2 167 4848 5014
1 2 5013 5014 4848
1 2 4848 1352 5013
1 2 5014 5013 1399
1 2 1398 5015 5016
1 2 5013 5016 5015
1 2 5015 1399 5013
1 2 5016 5013 1352
1 2 1352 4843 5016
1 2 5017 5016 4843
1 2 4843 249 5017
1 2 5016 5017 1398
1 2 1399 5015 5019
1 2 5018 5019 5015
1 2 5015 1398 5018
1 2 5019 5018 557
1 2 129 2579 5021
1 2 5020 5021 2579
1 2 2579 692 5020
1 2 5021 5020 1401
1 2 1400 5022 5023
1 2 5020 5023 5022
1 2 5022 1401 5020
1 2 5023 5020 692
1 2 692 2585 5023
1 2 5024 5023 2585
1 2 2585 256 5024
1 2 5023 5024 1400
1 2 1401 5022 5026
1 2 5025 5026 5022
1 2 5022 1400 5025
1 2 5026 5025 417
1 2 360 4752 3887
1 2 5027 3887 4752
1 2 4752 1325 5027
1 2 3887 5027 1079
1 2 1402 5028 5029
1 2 5027 5029 5028
1 2 5028 1079 5027
1 2 5029 5027 1325
1 2 1325 4747 5029
1 2 5030 5029 4747
1 2 4747 349 5030
1 2 5029 5030 1402
1 2 1079 5028 3888
1 2 5031 3888 5028
1 2 5028 1402 5031
1 2 3888 5031 196
1 2 250 2389 5033
1 2 5032 5033 2389
1 2 2389 630 5032
1 2 5033 5032 1404
1 2 1403 5034 5035
1 2 5032 5035 5034
1 2 5034 1404 5032
1 2 5035 5032 630
1 2 630 2388 5035
1 2 5036 5035 2388
1 2 2388 93 5036
1 2 5035 5036 1403
1 2 1404 5034 5038
1 2 5037 5038 5034
1 2 5034 1403 5037
1 2 5038 5037 546
1 2 391 3716 4875
1 2 5039 4875 3716
1 2 3716 1029 5039
1 2 4875 5039 1360
1 2 1076 5040 5041
1 2 5039 5041 5040
1 2 5040 1360 5039
1 2 5041 5039 1029
1 2 1029 3715 5041
1 2 3869 5041 3715
1 2 3715 323 3869
1 2 5041 3869 1076
1 2 1360 5040 4872
1 2 3875 4872 5040
1 2 5040 1076 3875
1 2 4872 3875 178
1 2 18 5042 5044
1 2 5043 5044 5042
1 2 5042 1405 5043
1 2 5044 5043 1407
1 2 1406 5045 5046
1 2 5043 5046 5045
1 2 5045 1407 5043
1 2 5046 5043 1405
1 2 1405 5047 5046
1 2 5048 5046 5047
1 2 5047 289 5048
1 2 5046 5048 1406
1 2 1407 5045 5050
1 2 5049 5050 5045
1 2 5045 1406 5049
1 2 5050 5049 17
1 2 484 4881 3921
1 2 5051 3921 4881
1 2 4881 1361 5051
1 2 3921 5051 1090
1 2 1408 5052 5053
1 2 5051 5053 5052
1 2 5052 1090 5051
1 2 5053 5051 1361
1 2 1361 4876 5053
1 2 5054 5053 4876
1 2 4876 73 5054
1 2 5053 5054 1408
1 2 1090 5052 3916
1 2 5055 3916 5052
1 2 5052 1408 5055
1 2 3916 5055 74
1 2 254 5056 2719
1 2 5057 2719 5056
1 2 5056 1409 5057
1 2 2719 5057 732
1 2 1410 5058 5059
1 2 5057 5059 5058
1 2 5058 732 5057
1 2 5059 5057 1409
1 2 1409 5060 5059
1 2 5061 5059 5060
1 2 5060 435 5061
1 2 5059 5061 1410
1 2 732 5058 2715
1 2 5062 2715 5058
1 2 5058 1410 5062
1 2 2715 5062 154
1 2 443 2479 5064
1 2 5063 5064 2479
1 2 2479 658 5063
1 2 5064 5063 1411
1 2 1336 5065 5066
1 2 5063 5066 5065
1 2 5065 1411 5063
1 2 5066 5063 658
1 2 658 2478 5066
1 2 4784 5066 2478
1 2 2478 281 4784
1 2 5066 4784 1336
1 2 1411 5065 5067
1 2 4788 5067 5065
1 2 5065 1336 4788
1 2 5067 4788 165
1 2 382 3821 5069
1 2 5068 5069 3821
1 2 3821 1059 5068
1 2 5069 5068 1412
1 2 696 5070 5071
1 2 5068 5071 5070
1 2 5070 1412 5068
1 2 5071 5068 1059
1 2 1059 3816 5071
1 2 2595 5071 3816
1 2 3816 229 2595
1 2 5071 2595 696
1 2 1412 5070 5072
1 2 2599 5072 5070
1 2 5070 696 2599
1 2 5072 2599 531
1 2 7 3453 5074
1 2 5073 5074 3453
1 2 3453 950 5073
1 2 5074 5073 1414
1 2 1413 5075 5076
1 2 5073 5076 5075
1 2 5075 1414 5073
1 2 5076 5073 950
1 2 950 3452 5076
1 2 5077 5076 3452
1 2 3452 245 5077
1 2 5076 5077 1413
1 2 1414 5075 5079
1 2 5078 5079 5075
1 2 5075 1413 5078
1 2 5079 5078 428
1 2 313 4551 5081
1 2 5080 5081 4551
1 2 4551 1268 5080
1 2 5081 5080 1416
1 2 1415 5082 5083
1 2 5080 5083 5082
1 2 5082 1416 5080
1 2 5083 5080 1268
1 2 1268 4546 5083
1 2 5084 5083 4546
1 2 4546 325 5084
1 2 5083 5084 1415
1 2 1416 5082 5086
1 2 5085 5086 5082
1 2 5082 1415 5085
1 2 5086 5085 162
1 2 416 5087 5089
1 2 5088 5089 5087
1 2 5087 1417 5088
1 2 5089 5088 1418
1 2 1349 5090 5091
1 2 5088 5091 5090
1 2 5090 1418 5088
1 2 5091 5088 1417
1 2 1417 5092 5091
1 2 4839 5091 5092
1 2 5092 294 4839
1 2 5091 4839 1349
1 2 1418 5090 5093
1 2 4834 5093 5090
1 2 5090 1349 4834
1 2 5093 4834 102
1 2 402 5094 3673
1 2 5095 3673 5094
1 2 5094 1419 5095
1 2 3673 5095 1017
1 2 1420 5096 5097
1 2 5095 5097 5096
1 2 5096 1017 5095
1 2 5097 5095 1419
1 2 1419 5098 5097
1 2 5099 5097 5098
1 2 5098 305 5099
1 2 5097 5099 1420
1 2 1017 5096 3674
1 2 5100 3674 5096
1 2 5096 1420 5100
1 2 3674 5100 181
1 2 280 5101 5103
1 2 5102 5103 5101
1 2 5101 1421 5102
1 2 5103 5102 1422
1 2 643 5104 5105
1 2 5102 5105 5104
1 2 5104 1422 5102
1 2 5105 5102 1421
1 2 1421 5106 5105
1 2 2425 5105 5106
1 2 5106 91 2425
1 2 5105 2425 643
1 2 1422 5104 5107
1 2 2430 5107 5104
1 2 5104 643 2430
1 2 5107 2430 413
1 2 274 3720 5109
1 2 5108 5109 3720
1 2 3720 1032 5108
1 2 5109 5108 1424
1 2 1423 5110 5111
1 2 5108 5111 5110
1 2 5110 1424 5108
1 2 5111 5108 1032
1 2 1032 3724 5111
1 2 5112 5111 3724
1 2 3724 98 5112
1 2 5111 5112 1423
1 2 1424 5110 5114
1 2 5113 5114 5110
1 2 5110 1423 5113
1 2 5114 5113 504
1 2 271 4980 5116
1 2 5115 5116 4980
1 2 4980 1388 5115
1 2 5116 5115 1426
1 2 1425 5117 5118
1 2 5115 5118 5117
1 2 5117 1426 5115
1 2 5118 5115 1388
1 2 1388 4975 5118
1 2 5119 5118 4975
1 2 4975 90 5119
1 2 5118 5119 1425
1 2 1426 5117 5121
1 2 5120 5121 5117
1 2 5117 1425 5120
1 2 5121 5120 441
1 2 264 5122 4992
1 2 5123 4992 5122
1 2 5122 1427 5123
1 2 4992 5123 1392
1 2 1428 5124 5125
1 2 5123 5125 5124
1 2 5124 1392 5123
1 2 5125 5123 1427
1 2 1427 5126 5125
1 2 5127 5125 5126
1 2 5126 100 5127
1 2 5125 5127 1428
1 2 1392 5124 4993
1 2 5128 4993 5124
1 2 5124 1428 5128
1 2 4993 5128 366
1 2 116 5129 5131
1 2 5130 5131 5129
1 2 5129 1429 5130
1 2 5131 5130 1430
1 2 1380 5132 5133
1 2 5130 5133 5132
1 2 5132 1430 5130
1 2 5133 5130 1429
1 2 1429 5134 5133
1 2 4943 5133 5134
1 2 5134 246 4943
1 2 5133 4943 1380
1 2 1430 5132 5135
1 2 4948 5135 5132
1 2 5132 1380 4948
1 2 5135 4948 490
1 2 388 4841 5137
1 2 5136 5137 4841
1 2 4841 1350 5136
1 2 5137 5136 1431
1 2 1304 5138 5139
1 2 5136 5139 5138
1 2 5138 1431 5136
1 2 5139 5136 1350
1 2 1350 4840 5139
1 2 4671 5139 4840
1 2 4840 294 4671
1 2 5139 4671 1304
1 2 1431 5138 5140
1 2 4676 5140 5138
1 2 5138 1304 4676
1 2 5140 4676 207
1 2 180 2697 5142
1 2 5141 5142 2697
1 2 2697 725 5141
1 2 5142 5141 1433
1 2 1432 5143 5144
1 2 5141 5144 5143
1 2 5143 1433 5141
1 2 5144 5141 725
1 2 725 2696 5144
1 2 5145 5144 2696
1 2 2696 237 5145
1 2 5144 5145 1432
1 2 1433 5143 5147
1 2 5146 5147 5143
1 2 5143 1432 5146
1 2 5147 5146 457
1 2 459 5148 5150
1 2 5149 5150 5148
1 2 5148 1434 5149
1 2 5150 5149 1436
1 2 1435 5151 5152
1 2 5149 5152 5151
1 2 5151 1436 5149
1 2 5152 5149 1434
1 2 1434 5153 5152
1 2 5154 5152 5153
1 2 5153 521 5154
1 2 5152 5154 1435
1 2 1436 5151 5156
1 2 5155 5156 5151
1 2 5151 1435 5155
1 2 5156 5155 204
1 2 260 5157 3344
1 2 5158 3344 5157
1 2 5157 1437 5158
1 2 3344 5158 920
1 2 1438 5159 5160
1 2 5158 5160 5159
1 2 5159 920 5158
1 2 5160 5158 1437
1 2 1437 5161 5160
1 2 5162 5160 5161
1 2 5161 184 5162
1 2 5160 5162 1438
1 2 920 5159 3341
1 2 5163 3341 5159
1 2 5159 1438 5163
1 2 3341 5163 346
1 2 234 4588 5165
1 2 5164 5165 4588
1 2 4588 1279 5164
1 2 5165 5164 1440
1 2 1439 5166 5167
1 2 5164 5167 5166
1 2 5166 1440 5164
1 2 5167 5164 1279
1 2 1279 4587 5167
1 2 5168 5167 4587
1 2 4587 120 5168
1 2 5167 5168 1439
1 2 1440 5166 5170
1 2 5169 5170 5166
1 2 5166 1439 5169
1 2 5170 5169 372
1 2 42 5171 5173
1 2 5172 5173 5171
1 2 5171 1441 5172
1 2 5173 5172 1443
1 2 1442 5174 5175
1 2 5172 5175 5174
1 2 5174 1443 5172
1 2 5175 5172 1441
1 2 1441 5176 5175
1 2 5177 5175 5176
1 2 5176 43 5177
1 2 5175 5177 1442
1 2 1443 5174 5179
1 2 5178 5179 5174
1 2 5174 1442 5178
1 2 5179 5178 308
1 2 439 4525 5181
1 2 5180 5181 4525
1 2 4525 1261 5180
1 2 5181 5180 1445
1 2 1444 5182 5183
1 2 5180 5183 5182
1 2 5182 1445 5180
1 2 5183 5180 1261
1 2 1261 4520 5183
1 2 5184 5183 4520
1 2 4520 150 5184
1 2 5183 5184 1444
1 2 1445 5182 5186
1 2 5185 5186 5182
1 2 5182 1444 5185
1 2 5186 5185 375
1 2 362 3844 5188
1 2 5187 5188 3844
1 2 3844 1066 5187
1 2 5188 5187 1446
1 2 1203 5189 5190
1 2 5187 5190 5189
1 2 5189 1446 5187
1 2 5190 5187 1066
1 2 1066 3843 5190
1 2 4310 5190 3843
1 2 3843 147 4310
1 2 5190 4310 1203
1 2 1446 5189 5191
1 2 4315 5191 5189
1 2 5189 1203 4315
1 2 5191 4315 470
1 2 376 3141 4251
1 2 5192 4251 3141
1 2 3141 859 5192
1 2 4251 5192 1183
1 2 1447 5193 5194
1 2 5192 5194 5193
1 2 5193 1183 5192
1 2 5194 5192 859
1 2 859 3140 5194
1 2 5195 5194 3140
1 2 3140 130 5195
1 2 5194 5195 1447
1 2 1183 5193 4252
1 2 5196 4252 5193
1 2 5193 1447 5196
1 2 4252 5196 282
1 2 27 5197 5199
1 2 5198 5199 5197
1 2 5197 1448 5198
1 2 5199 5198 1450
1 2 1449 5200 5201
1 2 5198 5201 5200
1 2 5200 1450 5198
1 2 5201 5198 1448
1 2 1448 5202 5201
1 2 5203 5201 5202
1 2 5202 28 5203
1 2 5201 5203 1449
1 2 1450 5200 5205
1 2 5204 5205 5200
1 2 5200 1449 5204
1 2 5205 5204 326
1 2 127 5206 4202
1 2 5207 4202 5206
1 2 5206 1451 5207
1 2 4202 5207 1169
1 2 1452 5208 5209
1 2 5207 5209 5208
1 2 5208 1169 5207
1 2 5209 5207 1451
1 2 1451 5210 5209
1 2 5211 5209 5210
1 2 5210 267 5211
1 2 5209 5211 1452
1 2 1169 5208 4203
1 2 5212 4203 5208
1 2 5208 1452 5212
1 2 4203 5212 544
1 2 258 5213 5215
1 2 5214 5215 5213
1 2 5213 1453 5214
1 2 5215 5214 1455
1 2 1454 5216 5217
1 2 5214 5217 5216
1 2 5216 1455 5214
1 2 5217 5214 1453
1 2 1453 5218 5217
1 2 5219 5217 5218
1 2 5218 177 5219
1 2 5217 5219 1454
1 2 1455 5216 5221
1 2 5220 5221 5216
1 2 5216 1454 5220
1 2 5221 5220 351
1 2 177 5218 5223
1 2 5222 5223 5218
1 2 5218 1453 5222
1 2 5223 5222 1457
1 2 1456 5224 5225
1 2 5222 5225 5224
1 2 5224 1457 5222
1 2 5225 5222 1453
1 2 1453 5213 5225
1 2 5226 5225 5213
1 2 5213 258 5226
1 2 5225 5226 1456
1 2 1457 5224 5228
1 2 5227 5228 5224
1 2 5224 1456 5227
1 2 5228 5227 510
1 2 567 5229 5231
1 2 5230 5231 5229
1 2 5229 1458 5230
1 2 5231 5230 1459
1 2 961 5232 5233
1 2 5230 5233 5232
1 2 5232 1459 5230
1 2 5233 5230 1458
1 2 1458 5234 5233
1 2 3481 5233 5234
1 2 5234 40 3481
1 2 5233 3481 961
1 2 1459 5232 5235
1 2 3486 5235 5232
1 2 5232 961 3486
1 2 5235 3486 311
1 2 238 2516 5237
1 2 5236 5237 2516
1 2 2516 669 5236
1 2 5237 5236 1461
1 2 1460 5238 5239
1 2 5236 5239 5238
1 2 5238 1461 5236
1 2 5239 5236 669
1 2 669 2511 5239
1 2 5240 5239 2511
1 2 2511 125 5240
1 2 5239 5240 1460
1 2 1461 5238 5242
1 2 5241 5242 5238
1 2 5238 1460 5241
1 2 5242 5241 562
1 2 395 4905 5244
1 2 5243 5244 4905
1 2 4905 1370 5243
1 2 5244 5243 1463
1 2 1462 5245 5246
1 2 5243 5246 5245
1 2 5245 1463 5243
1 2 5246 5243 1370
1 2 1370 4910 5246
1 2 5247 5246 4910
1 2 4910 576 5247
1 2 5246 5247 1462
1 2 1463 5245 5249
1 2 5248 5249 5245
1 2 5245 1462 5248
1 2 5249 5248 228
1 2 30 5250 5252
1 2 5251 5252 5250
1 2 5250 1464 5251
1 2 5252 5251 1466
1 2 1465 5253 5254
1 2 5251 5254 5253
1 2 5253 1466 5251
1 2 5254 5251 1464
1 2 1464 5255 5254
1 2 5256 5254 5255
1 2 5255 353 5256
1 2 5254 5256 1465
1 2 1466 5253 5258
1 2 5257 5258 5253
1 2 5253 1465 5257
1 2 5258 5257 29
1 2 306 3457 5260
1 2 5259 5260 3457
1 2 3457 954 5259
1 2 5260 5259 1468
1 2 1467 5261 5262
1 2 5259 5262 5261
1 2 5261 1468 5259
1 2 5262 5259 954
1 2 954 3463 5262
1 2 5263 5262 3463
1 2 3463 461 5263
1 2 5262 5263 1467
1 2 1468 5261 5265
1 2 5264 5265 5261
1 2 5261 1467 5264
1 2 5265 5264 176
1 2 408 4815 5267
1 2 5266 5267 4815
1 2 4815 1343 5266
1 2 5267 5266 1470
1 2 1469 5268 5269
1 2 5266 5269 5268
1 2 5268 1470 5266
1 2 5269 5266 1343
1 2 1343 4810 5269
1 2 5270 5269 4810
1 2 4810 355 5270
1 2 5269 5270 1469
1 2 1470 5268 5272
1 2 5271 5272 5268
1 2 5268 1469 5271
1 2 5272 5271 558
1 2 32 5273 5275
1 2 5274 5275 5273
1 2 5273 1471 5274
1 2 5275 5274 1472
1 2 1243 5276 5277
1 2 5274 5277 5276
1 2 5276 1472 5274
1 2 5277 5274 1471
1 2 1471 5278 5277
1 2 4462 5277 5278
1 2 5278 33 4462
1 2 5277 4462 1243
1 2 1472 5276 5279
1 2 4461 5279 5276
1 2 5276 1243 4461
1 2 5279 4461 362
1 2 138 2306 3468
1 2 5280 3468 2306
1 2 2306 605 5280
1 2 3468 5280 955
1 2 1473 5281 5282
1 2 5280 5282 5281
1 2 5281 955 5280
1 2 5282 5280 605
1 2 605 2312 5282
1 2 5283 5282 2312
1 2 2312 250 5283
1 2 5282 5283 1473
1 2 955 5281 3469
1 2 5284 3469 5281
1 2 5281 1473 5284
1 2 3469 5284 377
1 2 294 5092 5286
1 2 5285 5286 5092
1 2 5092 1417 5285
1 2 5286 5285 1475
1 2 1474 5287 5288
1 2 5285 5288 5287
1 2 5287 1475 5285
1 2 5288 5285 1417
1 2 1417 5087 5288
1 2 5289 5288 5087
1 2 5087 416 5289
1 2 5288 5289 1474
1 2 1475 5287 5291
1 2 5290 5291 5287
1 2 5287 1474 5290
1 2 5291 5290 173
1 2 273 3070 5293
1 2 5292 5293 3070
1 2 3070 840 5292
1 2 5293 5292 1476
1 2 1401 5294 5295
1 2 5292 5295 5294
1 2 5294 1476 5292
1 2 5295 5292 840
1 2 840 3076 5295
1 2 5021 5295 3076
1 2 3076 129 5021
1 2 5295 5021 1401
1 2 1476 5294 5296
1 2 5026 5296 5294
1 2 5294 1401 5026
1 2 5296 5026 417
1 2 255 4067 5298
1 2 5297 5298 4067
1 2 4067 1131 5297
1 2 5298 5297 1477
1 2 1385 5299 5300
1 2 5297 5300 5299
1 2 5299 1477 5297
1 2 5300 5297 1131
1 2 1131 4066 5300
1 2 4968 5300 4066
1 2 4066 146 4968
1 2 5300 4968 1385
1 2 1477 5299 5301
1 2 4967 5301 5299
1 2 5299 1385 4967
1 2 5301 4967 421
1 2 31 4679 5303
1 2 5302 5303 4679
1 2 4679 1307 5302
1 2 5303 5302 1479
1 2 1478 5304 5305
1 2 5302 5305 5304
1 2 5304 1479 5302
1 2 5305 5302 1307
1 2 1307 4685 5305
1 2 5306 5305 4685
1 2 4685 436 5306
1 2 5305 5306 1478
1 2 1479 5304 5308
1 2 5307 5308 5304
1 2 5304 1478 5307
1 2 5308 5307 30
1 2 170 5309 5311
1 2 5310 5311 5309
1 2 5309 1480 5310
1 2 5311 5310 1481
1 2 1118 5312 5313
1 2 5310 5313 5312
1 2 5312 1481 5310
1 2 5313 5310 1480
1 2 1480 5314 5313
1 2 4020 5313 5314
1 2 5314 261 4020
1 2 5313 4020 1118
1 2 1481 5312 5315
1 2 4019 5315 5312
1 2 5312 1118 4019
1 2 5315 4019 364
1 2 218 3442 5317
1 2 5316 5317 3442
1 2 3442 948 5316
1 2 5317 5316 1483
1 2 1482 5318 5319
1 2 5316 5319 5318
1 2 5318 1483 5316
1 2 5319 5316 948
1 2 948 3445 5319
1 2 5320 5319 3445
1 2 3445 321 5320
1 2 5319 5320 1482
1 2 1483 5318 5322
1 2 5321 5322 5318
1 2 5318 1482 5321
1 2 5322 5321 552
1 2 286 3997 5324
1 2 5323 5324 3997
1 2 3997 1111 5323
1 2 5324 5323 1485
1 2 1484 5325 5326
1 2 5323 5326 5325
1 2 5325 1485 5323
1 2 5326 5323 1111
1 2 1111 3992 5326
1 2 5327 5326 3992
1 2 3992 281 5327
1 2 5326 5327 1484
1 2 1485 5325 5329
1 2 5328 5329 5325
1 2 5325 1484 5328
1 2 5329 5328 505
1 2 251 2351 5331
1 2 5330 5331 2351
1 2 2351 620 5330
1 2 5331 5330 1487
1 2 1486 5332 5333
1 2 5330 5333 5332
1 2 5332 1487 5330
1 2 5333 5330 620
1 2 620 2357 5333
1 2 5334 5333 2357
1 2 2357 65 5334
1 2 5333 5334 1486
1 2 1487 5332 5336
1 2 5335 5336 5332
1 2 5332 1486 5335
1 2 5336 5335 406
1 2 378 5337 3577
1 2 5338 3577 5337
1 2 5337 1488 5338
1 2 3577 5338 987
1 2 1489 5339 5340
1 2 5338 5340 5339
1 2 5339 987 5338
1 2 5340 5338 1488
1 2 1488 5341 5340
1 2 5342 5340 5341
1 2 5341 410 5342
1 2 5340 5342 1489
1 2 987 5339 3578
1 2 5343 3578 5339
1 2 5339 1489 5343
1 2 3578 5343 185
1 2 308 5178 5345
1 2 5344 5345 5178
1 2 5178 1442 5344
1 2 5345 5344 1491
1 2 1490 5346 5347
1 2 5344 5347 5346
1 2 5346 1491 5344
1 2 5347 5344 1442
1 2 1442 5177 5347
1 2 5348 5347 5177
1 2 5177 43 5348
1 2 5347 5348 1490
1 2 1491 5346 5350
1 2 5349 5350 5346
1 2 5346 1490 5349
1 2 5350 5349 533
1 2 245 5351 5077
1 2 5352 5077 5351
1 2 5351 1492 5352
1 2 5077 5352 1413
1 2 1493 5353 5354
1 2 5352 5354 5353
1 2 5353 1413 5352
1 2 5354 5352 1492
1 2 1492 5355 5354
1 2 5356 5354 5355
1 2 5355 173 5356
1 2 5354 5356 1493
1 2 1413 5353 5078
1 2 5357 5078 5353
1 2 5353 1493 5357
1 2 5078 5357 428
1 2 410 5341 3959
1 2 5358 3959 5341
1 2 5341 1488 5358
1 2 3959 5358 1100
1 2 1281 5359 5360
1 2 5358 5360 5359
1 2 5359 1100 5358
1 2 5360 5358 1488
1 2 1488 5337 5360
1 2 4595 5360 5337
1 2 5337 378 4595
1 2 5360 4595 1281
1 2 1100 5359 3954
1 2 4594 3954 5359
1 2 5359 1281 4594
1 2 3954 4594 212
1 2 314 4131 5362
1 2 5361 5362 4131
1 2 4131 1148 5361
1 2 5362 5361 1495
1 2 1494 5363 5364
1 2 5361 5364 5363
1 2 5363 1495 5361
1 2 5364 5361 1148
1 2 1148 4126 5364
1 2 5365 5364 4126
1 2 4126 147 5365
1 2 5364 5365 1494
1 2 1495 5363 5367
1 2 5366 5367 5363
1 2 5363 1494 5366
1 2 5367 5366 405
1 2 198 5368 5370
1 2 5369 5370 5368
1 2 5368 1496 5369
1 2 5370 5369 1497
1 2 1491 5371 5372
1 2 5369 5372 5371
1 2 5371 1497 5369
1 2 5372 5369 1496
1 2 1496 5373 5372
1 2 5345 5372 5373
1 2 5373 308 5345
1 2 5372 5345 1491
1 2 1497 5371 5374
1 2 5350 5374 5371
1 2 5371 1491 5350
1 2 5374 5350 533
1 2 184 5161 5376
1 2 5375 5376 5161
1 2 5161 1437 5375
1 2 5376 5375 1499
1 2 1498 5377 5378
1 2 5375 5378 5377
1 2 5377 1499 5375
1 2 5378 5375 1437
1 2 1437 5157 5378
1 2 5379 5378 5157
1 2 5157 260 5379
1 2 5378 5379 1498
1 2 1499 5377 5381
1 2 5380 5381 5377
1 2 5377 1498 5380
1 2 5381 5380 559
1 2 448 5382 5384
1 2 5383 5384 5382
1 2 5382 1500 5383
1 2 5384 5383 1501
1 2 1184 5385 5386
1 2 5383 5386 5385
1 2 5385 1501 5383
1 2 5386 5383 1500
1 2 1500 5387 5386
1 2 4247 5386 5387
1 2 5387 36 4247
1 2 5386 4247 1184
1 2 1501 5385 5388
1 2 4253 5388 5385
1 2 5385 1184 4253
1 2 5388 4253 282
1 2 40 5234 5390
1 2 5389 5390 5234
1 2 5234 1458 5389
1 2 5390 5389 1503
1 2 1502 5391 5392
1 2 5389 5392 5391
1 2 5391 1503 5389
1 2 5392 5389 1458
1 2 1458 5229 5392
1 2 5393 5392 5229
1 2 5229 567 5393
1 2 5392 5393 1502
1 2 1503 5391 5395
1 2 5394 5395 5391
1 2 5391 1502 5394
1 2 5395 5394 39
1 2 36 5387 5397
1 2 5396 5397 5387
1 2 5387 1500 5396
1 2 5397 5396 1504
1 2 1026 5398 5399
1 2 5396 5399 5398
1 2 5398 1504 5396
1 2 5399 5396 1500
1 2 1500 5382 5399
1 2 3707 5399 5382
1 2 5382 448 3707
1 2 5399 3707 1026
1 2 1504 5398 5400
1 2 3706 5400 5398
1 2 5398 1026 3706
1 2 5400 3706 35
1 2 51 5401 5403
1 2 5402 5403 5401
1 2 5401 1505 5402
1 2 5403 5402 1507
1 2 1506 5404 5405
1 2 5402 5405 5404
1 2 5404 1507 5402
1 2 5405 5402 1505
1 2 1505 5406 5405
1 2 5407 5405 5406
1 2 5406 297 5407
1 2 5405 5407 1506
1 2 1507 5404 5409
1 2 5408 5409 5404
1 2 5404 1506 5408
1 2 5409 5408 50
1 2 263 2881 4395
1 2 5410 4395 2881
1 2 2881 781 5410
1 2 4395 5410 1225
1 2 1462 5411 5412
1 2 5410 5412 5411
1 2 5411 1225 5410
1 2 5412 5410 781
1 2 781 2876 5412
1 2 5248 5412 2876
1 2 2876 228 5248
1 2 5412 5248 1462
1 2 1225 5411 4396
1 2 5247 4396 5411
1 2 5411 1462 5247
1 2 4396 5247 576
1 2 167 5413 5415
1 2 5414 5415 5413
1 2 5413 1508 5414
1 2 5415 5414 1510
1 2 1509 5416 5417
1 2 5414 5417 5416
1 2 5416 1510 5414
1 2 5417 5414 1508
1 2 1508 5418 5417
1 2 5419 5417 5418
1 2 5418 297 5419
1 2 5417 5419 1509
1 2 1510 5416 5421
1 2 5420 5421 5416
1 2 5416 1509 5420
1 2 5421 5420 350
1 2 82 5422 5424
1 2 5423 5424 5422
1 2 5422 1511 5423
1 2 5424 5423 1512
1 2 1455 5425 5426
1 2 5423 5426 5425
1 2 5425 1512 5423
1 2 5426 5423 1511
1 2 1511 5427 5426
1 2 5215 5426 5427
1 2 5427 258 5215
1 2 5426 5215 1455
1 2 1512 5425 5428
1 2 5221 5428 5425
1 2 5425 1455 5221
1 2 5428 5221 351
1 2 235 5429 5431
1 2 5430 5431 5429
1 2 5429 1513 5430
1 2 5431 5430 1515
1 2 1514 5432 5433
1 2 5430 5433 5432
1 2 5432 1515 5430
1 2 5433 5430 1513
1 2 1513 5434 5433
1 2 5435 5433 5434
1 2 5434 155 5435
1 2 5433 5435 1514
1 2 1515 5432 5437
1 2 5436 5437 5432
1 2 5432 1514 5436
1 2 5437 5436 506
1 2 466 4006 5439
1 2 5438 5439 4006
1 2 4006 1114 5438
1 2 5439 5438 1516
1 2 719 5440 5441
1 2 5438 5441 5440
1 2 5440 1516 5438
1 2 5441 5438 1114
1 2 1114 4001 5441
1 2 2669 5441 4001
1 2 4001 200 2669
1 2 5441 2669 719
1 2 1516 5440 5442
1 2 2675 5442 5440
1 2 5440 719 2675
1 2 5442 2675 320
1 2 338 4149 5444
1 2 5443 5444 4149
1 2 4149 1154 5443
1 2 5444 5443 1518
1 2 1517 5445 5446
1 2 5443 5446 5445
1 2 5445 1518 5443
1 2 5446 5443 1154
1 2 1154 4148 5446
1 2 5447 5446 4148
1 2 4148 21 5447
1 2 5446 5447 1517
1 2 1518 5445 5449
1 2 5448 5449 5445
1 2 5445 1517 5448
1 2 5449 5448 22
1 2 271 5116 5451
1 2 5450 5451 5116
1 2 5116 1426 5450
1 2 5451 5450 1520
1 2 1519 5452 5453
1 2 5450 5453 5452
1 2 5452 1520 5450
1 2 5453 5450 1426
1 2 1426 5121 5453
1 2 5454 5453 5121
1 2 5121 441 5454
1 2 5453 5454 1519
1 2 1520 5452 5456
1 2 5455 5456 5452
1 2 5452 1519 5455
1 2 5456 5455 183
1 2 174 5004 4197
1 2 5457 4197 5004
1 2 5004 1394 5457
1 2 4197 5457 1168
1 2 1521 5458 5459
1 2 5457 5459 5458
1 2 5458 1168 5457
1 2 5459 5457 1394
1 2 1394 4999 5459
1 2 5460 5459 4999
1 2 4999 522 5460
1 2 5459 5460 1521
1 2 1168 5458 4192
1 2 5461 4192 5458
1 2 5458 1521 5461
1 2 4192 5461 367
1 2 322 5462 3799
1 2 5463 3799 5462
1 2 5462 1522 5463
1 2 3799 5463 1053
1 2 1523 5464 5465
1 2 5463 5465 5464
1 2 5464 1053 5463
1 2 5465 5463 1522
1 2 1522 5466 5465
1 2 5467 5465 5466
1 2 5466 551 5467
1 2 5465 5467 1523
1 2 1053 5464 3800
1 2 5468 3800 5464
1 2 5464 1523 5468
1 2 3800 5468 191
1 2 199 3681 3286
1 2 5469 3286 3681
1 2 3681 1019 5469
1 2 3286 5469 903
1 2 1086 5470 5471
1 2 5469 5471 5470
1 2 5470 903 5469
1 2 5471 5469 1019
1 2 1019 3680 5471
1 2 3901 5471 3680
1 2 3680 252 3901
1 2 5471 3901 1086
1 2 903 5470 3287
1 2 3907 3287 5470
1 2 5470 1086 3907
1 2 3287 3907 368
1 2 301 4439 5473
1 2 5472 5473 4439
1 2 4439 1236 5472
1 2 5473 5472 1525
1 2 1524 5474 5475
1 2 5472 5475 5474
1 2 5474 1525 5472
1 2 5475 5472 1236
1 2 1236 4434 5475
1 2 5476 5475 4434
1 2 4434 478 5476
1 2 5475 5476 1524
1 2 1525 5474 5478
1 2 5477 5478 5474
1 2 5474 1524 5477
1 2 5478 5477 187
1 2 111 5479 5481
1 2 5480 5481 5479
1 2 5479 1526 5480
1 2 5481 5480 1527
1 2 916 5482 5483
1 2 5480 5483 5482
1 2 5482 1527 5480
1 2 5483 5480 1526
1 2 1526 5484 5483
1 2 3331 5483 5484
1 2 5484 247 3331
1 2 5483 3331 916
1 2 1527 5482 5485
1 2 3330 5485 5482
1 2 5482 916 3330
1 2 5485 3330 397
1 2 382 5069 5487
1 2 5486 5487 5069
1 2 5069 1412 5486
1 2 5487 5486 1529
1 2 1528 5488 5489
1 2 5486 5489 5488
1 2 5488 1529 5486
1 2 5489 5486 1412
1 2 1412 5072 5489
1 2 5490 5489 5072
1 2 5072 531 5490
1 2 5489 5490 1528
1 2 1529 5488 5492
1 2 5491 5492 5488
1 2 5488 1528 5491
1 2 5492 5491 86
1 2 246 5134 5494
1 2 5493 5494 5134
1 2 5134 1429 5493
1 2 5494 5493 1531
1 2 1530 5495 5496
1 2 5493 5496 5495
1 2 5495 1531 5493
1 2 5496 5493 1429
1 2 1429 5129 5496
1 2 5497 5496 5129
1 2 5129 116 5497
1 2 5496 5497 1530
1 2 1531 5495 5499
1 2 5498 5499 5495
1 2 5495 1530 5498
1 2 5499 5498 503
1 2 380 5500 4322
1 2 5501 4322 5500
1 2 5500 1532 5501
1 2 4322 5501 1205
1 2 1533 5502 5503
1 2 5501 5503 5502
1 2 5502 1205 5501
1 2 5503 5501 1532
1 2 1532 5504 5503
1 2 5505 5503 5504
1 2 5504 445 5505
1 2 5503 5505 1533
1 2 1205 5502 4317
1 2 5506 4317 5502
1 2 5502 1533 5506
1 2 4317 5506 213
1 2 247 4625 4355
1 2 5507 4355 4625
1 2 4625 1292 5507
1 2 4355 5507 1214
1 2 1534 5508 5509
1 2 5507 5509 5508
1 2 5508 1214 5507
1 2 5509 5507 1292
1 2 1292 4631 5509
1 2 5510 5509 4631
1 2 4631 418 5510
1 2 5509 5510 1534
1 2 1214 5508 4356
1 2 5511 4356 5508
1 2 5508 1534 5511
1 2 4356 5511 540
1 2 24 4563 5513
1 2 5512 5513 4563
1 2 4563 1274 5512
1 2 5513 5512 1536
1 2 1535 5514 5515
1 2 5512 5515 5514
1 2 5514 1536 5512
1 2 5515 5512 1274
1 2 1274 4568 5515
1 2 5516 5515 4568
1 2 4568 342 5516
1 2 5515 5516 1535
1 2 1536 5514 5518
1 2 5517 5518 5514
1 2 5514 1535 5517
1 2 5518 5517 23
1 2 544 4527 4204
1 2 5519 4204 4527
1 2 4527 1262 5519
1 2 4204 5519 1170
1 2 1537 5520 5521
1 2 5519 5521 5520
1 2 5520 1170 5519
1 2 5521 5519 1262
1 2 1262 4526 5521
1 2 5522 5521 4526
1 2 4526 439 5522
1 2 5521 5522 1537
1 2 1170 5520 4199
1 2 5523 4199 5520
1 2 5520 1537 5523
1 2 4199 5523 222
1 2 261 5314 5525
1 2 5524 5525 5314
1 2 5314 1480 5524
1 2 5525 5524 1539
1 2 1538 5526 5527
1 2 5524 5527 5526
1 2 5526 1539 5524
1 2 5527 5524 1480
1 2 1480 5309 5527
1 2 5528 5527 5309
1 2 5309 170 5528
1 2 5527 5528 1538
1 2 1539 5526 5530
1 2 5529 5530 5526
1 2 5526 1538 5529
1 2 5530 5529 504
1 2 360 3541 5532
1 2 5531 5532 3541
1 2 3541 979 5531
1 2 5532 5531 1541
1 2 1540 5533 5534
1 2 5531 5534 5533
1 2 5533 1541 5531
1 2 5534 5531 979
1 2 979 3546 5534
1 2 5535 5534 3546
1 2 3546 481 5535
1 2 5534 5535 1540
1 2 1541 5533 5537
1 2 5536 5537 5533
1 2 5533 1540 5536
1 2 5537 5536 188
1 2 305 5098 5539
1 2 5538 5539 5098
1 2 5098 1419 5538
1 2 5539 5538 1543
1 2 1542 5540 5541
1 2 5538 5541 5540
1 2 5540 1543 5538
1 2 5541 5538 1419
1 2 1419 5094 5541
1 2 5542 5541 5094
1 2 5094 402 5542
1 2 5541 5542 1542
1 2 1543 5540 5544
1 2 5543 5544 5540
1 2 5540 1542 5543
1 2 5544 5543 529
1 2 258 5545 5226
1 2 5546 5226 5545
1 2 5545 1544 5546
1 2 5226 5546 1456
1 2 1545 5547 5548
1 2 5546 5548 5547
1 2 5547 1456 5546
1 2 5548 5546 1544
1 2 1544 5549 5548
1 2 5550 5548 5549
1 2 5549 116 5550
1 2 5548 5550 1545
1 2 1456 5547 5227
1 2 5551 5227 5547
1 2 5547 1545 5551
1 2 5227 5551 510
1 2 120 2999 5168
1 2 5552 5168 2999
1 2 2999 819 5552
1 2 5168 5552 1439
1 2 1354 5553 5554
1 2 5552 5554 5553
1 2 5553 1439 5552
1 2 5554 5552 819
1 2 819 3004 5554
1 2 4845 5554 3004
1 2 3004 249 4845
1 2 5554 4845 1354
1 2 1439 5553 5169
1 2 4851 5169 5553
1 2 5553 1354 4851
1 2 5169 4851 372
1 2 151 4498 5556
1 2 5555 5556 4498
1 2 4498 1254 5555
1 2 5556 5555 1547
1 2 1546 5557 5558
1 2 5555 5558 5557
1 2 5557 1547 5555
1 2 5558 5555 1254
1 2 1254 4494 5558
1 2 5559 5558 4494
1 2 4494 251 5559
1 2 5558 5559 1546
1 2 1547 5557 5561
1 2 5560 5561 5557
1 2 5557 1546 5560
1 2 5561 5560 465
1 2 543 5562 4334
1 2 5563 4334 5562
1 2 5562 1548 5563
1 2 4334 5563 1208
1 2 1345 5564 5565
1 2 5563 5565 5564
1 2 5564 1208 5563
1 2 5565 5563 1548
1 2 1548 5566 5565
1 2 4825 5565 5566
1 2 5566 371 4825
1 2 5565 4825 1345
1 2 1208 5564 4335
1 2 4824 4335 5564
1 2 5564 1345 4824
1 2 4335 4824 244
1 2 371 5566 5568
1 2 5567 5568 5566
1 2 5566 1548 5567
1 2 5568 5567 1550
1 2 1549 5569 5570
1 2 5567 5570 5569
1 2 5569 1550 5567
1 2 5570 5567 1548
1 2 1548 5562 5570
1 2 5571 5570 5562
1 2 5562 543 5571
1 2 5570 5571 1549
1 2 1550 5569 5573
1 2 5572 5573 5569
1 2 5569 1549 5572
1 2 5573 5572 83
1 2 83 5574 5576
1 2 5575 5576 5574
1 2 5574 1551 5575
1 2 5576 5575 1552
1 2 1162 5577 5578
1 2 5575 5578 5577
1 2 5577 1552 5575
1 2 5578 5575 1551
1 2 1551 5579 5578
1 2 4171 5578 5579
1 2 5579 298 4171
1 2 5578 4171 1162
1 2 1552 5577 5580
1 2 4176 5580 5577
1 2 5577 1162 4176
1 2 5580 4176 392
1 2 352 4668 5582
1 2 5581 5582 4668
1 2 4668 1301 5581
1 2 5582 5581 1554
1 2 1553 5583 5584
1 2 5581 5584 5583
1 2 5583 1554 5581
1 2 5584 5581 1301
1 2 1301 4667 5584
1 2 5585 5584 4667
1 2 4667 25 5585
1 2 5584 5585 1553
1 2 1554 5583 5587
1 2 5586 5587 5583
1 2 5583 1553 5586
1 2 5587 5586 26
1 2 313 4392 4552
1 2 5588 4552 4392
1 2 4392 1226 5588
1 2 4552 5588 1269
1 2 1369 5589 5590
1 2 5588 5590 5589
1 2 5589 1269 5588
1 2 5590 5588 1226
1 2 1226 4397 5590
1 2 4909 5590 4397
1 2 4397 576 4909
1 2 5590 4909 1369
1 2 1269 5589 4553
1 2 4908 4553 5589
1 2 5589 1369 4908
1 2 4553 4908 136
1 2 57 5591 5593
1 2 5592 5593 5591
1 2 5591 1555 5592
1 2 5593 5592 1557
1 2 1556 5594 5595
1 2 5592 5595 5594
1 2 5594 1557 5592
1 2 5595 5592 1555
1 2 1555 5596 5595
1 2 5597 5595 5596
1 2 5596 310 5597
1 2 5595 5597 1556
1 2 1557 5594 5599
1 2 5598 5599 5594
1 2 5594 1556 5598
1 2 5599 5598 56
1 2 374 4921 5601
1 2 5600 5601 4921
1 2 4921 1372 5600
1 2 5601 5600 1559
1 2 1558 5602 5603
1 2 5600 5603 5602
1 2 5602 1559 5600
1 2 5603 5600 1372
1 2 1372 4916 5603
1 2 5604 5603 4916
1 2 4916 5 5604
1 2 5603 5604 1558
1 2 1559 5602 5606
1 2 5605 5606 5602
1 2 5602 1558 5605
1 2 5606 5605 6
1 2 67 5607 5609
1 2 5608 5609 5607
1 2 5607 1560 5608
1 2 5609 5608 1562
1 2 1561 5610 5611
1 2 5608 5611 5610
1 2 5610 1562 5608
1 2 5611 5608 1560
1 2 1560 5612 5611
1 2 5613 5611 5612
1 2 5612 68 5613
1 2 5611 5613 1561
1 2 1562 5610 5615
1 2 5614 5615 5610
1 2 5610 1561 5614
1 2 5615 5614 316
1 2 173 5355 5617
1 2 5616 5617 5355
1 2 5355 1492 5616
1 2 5617 5616 1564
1 2 1563 5618 5619
1 2 5616 5619 5618
1 2 5618 1564 5616
1 2 5619 5616 1492
1 2 1492 5351 5619
1 2 5620 5619 5351
1 2 5351 245 5620
1 2 5619 5620 1563
1 2 1564 5618 5622
1 2 5621 5622 5618
1 2 5618 1563 5621
1 2 5622 5621 493
1 2 247 5484 5624
1 2 5623 5624 5484
1 2 5484 1526 5623
1 2 5624 5623 1566
1 2 1565 5625 5626
1 2 5623 5626 5625
1 2 5625 1566 5623
1 2 5626 5623 1526
1 2 1526 5479 5626
1 2 5627 5626 5479
1 2 5479 111 5627
1 2 5626 5627 1565
1 2 1566 5625 5629
1 2 5628 5629 5625
1 2 5625 1565 5628
1 2 5629 5628 431
1 2 474 3660 5631
1 2 5630 5631 3660
1 2 3660 1015 5630
1 2 5631 5630 1568
1 2 1567 5632 5633
1 2 5630 5633 5632
1 2 5632 1568 5630
1 2 5633 5630 1015
1 2 1015 3666 5633
1 2 5634 5633 3666
1 2 3666 412 5634
1 2 5633 5634 1567
1 2 1568 5632 5636
1 2 5635 5636 5632
1 2 5632 1567 5635
1 2 5636 5635 189
1 2 290 5637 3366
1 2 5638 3366 5637
1 2 5637 1569 5638
1 2 3366 5638 927
1 2 803 5639 5640
1 2 5638 5640 5639
1 2 5639 927 5638
1 2 5640 5638 1569
1 2 1569 5641 5640
1 2 2952 5640 5641
1 2 5641 176 2952
1 2 5640 2952 803
1 2 927 5639 3367
1 2 2951 3367 5639
1 2 5639 803 2951
1 2 3367 2951 327
1 2 164 5642 5644
1 2 5643 5644 5642
1 2 5642 1570 5643
1 2 5644 5643 1571
1 2 1476 5645 5646
1 2 5643 5646 5645
1 2 5645 1571 5643
1 2 5646 5643 1570
1 2 1570 5647 5646
1 2 5293 5646 5647
1 2 5647 273 5293
1 2 5646 5293 1476
1 2 1571 5645 5648
1 2 5296 5648 5645
1 2 5645 1476 5296
1 2 5648 5296 417
1 2 265 3754 4808
1 2 5649 4808 3754
1 2 3754 1039 5649
1 2 4808 5649 1342
1 2 1572 5650 5651
1 2 5649 5651 5650
1 2 5650 1342 5649
1 2 5651 5649 1039
1 2 1039 3749 5651
1 2 5652 5651 3749
1 2 3749 123 5652
1 2 5651 5652 1572
1 2 1342 5650 4809
1 2 5653 4809 5650
1 2 5650 1572 5653
1 2 4809 5653 530
1 2 155 5434 5655
1 2 5654 5655 5434
1 2 5434 1513 5654
1 2 5655 5654 1574
1 2 1573 5656 5657
1 2 5654 5657 5656
1 2 5656 1574 5654
1 2 5657 5654 1513
1 2 1513 5429 5657
1 2 5658 5657 5429
1 2 5429 235 5658
1 2 5657 5658 1573
1 2 1574 5656 5660
1 2 5659 5660 5656
1 2 5656 1573 5659
1 2 5660 5659 561
1 2 445 5504 5662
1 2 5661 5662 5504
1 2 5504 1532 5661
1 2 5662 5661 1575
1 2 1316 5663 5664
1 2 5661 5664 5663
1 2 5663 1575 5661
1 2 5664 5661 1532
1 2 1532 5500 5664
1 2 4722 5664 5500
1 2 5500 380 4722
1 2 5664 4722 1316
1 2 1575 5663 5665
1 2 4721 5665 5663
1 2 5663 1316 4721
1 2 5665 4721 106
1 2 291 5666 5668
1 2 5667 5668 5666
1 2 5666 1576 5667
1 2 5668 5667 1577
1 2 1568 5669 5670
1 2 5667 5670 5669
1 2 5669 1577 5667
1 2 5670 5667 1576
1 2 1576 5671 5670
1 2 5631 5670 5671
1 2 5671 474 5631
1 2 5670 5631 1568
1 2 1577 5669 5672
1 2 5636 5672 5669
1 2 5669 1568 5636
1 2 5672 5636 189
1 2 115 4016 5674
1 2 5673 5674 4016
1 2 4016 1119 5673
1 2 5674 5673 1579
1 2 1578 5675 5676
1 2 5673 5676 5675
1 2 5675 1579 5673
1 2 5676 5673 1119
1 2 1119 4021 5676
1 2 5677 5676 4021
1 2 4021 261 5677
1 2 5676 5677 1578
1 2 1579 5675 5679
1 2 5678 5679 5675
1 2 5675 1578 5678
1 2 5679 5678 574
1 2 494 3350 5681
1 2 5680 5681 3350
1 2 3350 921 5680
1 2 5681 5680 1581
1 2 1580 5682 5683
1 2 5680 5683 5682
1 2 5682 1581 5680
1 2 5683 5680 921
1 2 921 3349 5683
1 2 5684 5683 3349
1 2 3349 288 5684
1 2 5683 5684 1580
1 2 1581 5682 5686
1 2 5685 5686 5682
1 2 5682 1580 5685
1 2 5686 5685 114
1 2 264 4991 4737
1 2 5687 4737 4991
1 2 4991 1391 5687
1 2 4737 5687 1321
1 2 1582 5688 5689
1 2 5687 5689 5688
1 2 5688 1321 5687
1 2 5689 5687 1391
1 2 1391 4987 5689
1 2 5690 5689 4987
1 2 4987 145 5690
1 2 5689 5690 1582
1 2 1321 5688 4738
1 2 5691 4738 5688
1 2 5688 1582 5691
1 2 4738 5691 399
1 2 435 5692 5694
1 2 5693 5694 5692
1 2 5692 1583 5693
1 2 5694 5693 1585
1 2 1584 5695 5696
1 2 5693 5696 5695
1 2 5695 1585 5693
1 2 5696 5693 1583
1 2 1583 5697 5696
1 2 5698 5696 5697
1 2 5697 389 5698
1 2 5696 5698 1584
1 2 1585 5695 5700
1 2 5699 5700 5695
1 2 5695 1584 5699
1 2 5700 5699 230
1 2 456 4923 5702
1 2 5701 5702 4923
1 2 4923 1373 5701
1 2 5702 5701 1587
1 2 1586 5703 5704
1 2 5701 5704 5703
1 2 5703 1587 5701
1 2 5704 5701 1373
1 2 1373 4922 5704
1 2 5705 5704 4922
1 2 4922 374 5705
1 2 5704 5705 1586
1 2 1587 5703 5707
1 2 5706 5707 5703
1 2 5703 1586 5706
1 2 5707 5706 206
1 2 112 3135 5709
1 2 5708 5709 3135
1 2 3135 857 5708
1 2 5709 5708 1588
1 2 1296 5710 5711
1 2 5708 5711 5710
1 2 5710 1588 5708
1 2 5711 5708 857
1 2 857 3134 5711
1 2 4640 5711 3134
1 2 3134 262 4640
1 2 5711 4640 1296
1 2 1588 5710 5712
1 2 4645 5712 5710
1 2 5710 1296 4645
1 2 5712 4645 373
1 2 219 5713 4181
1 2 5714 4181 5713
1 2 5713 1589 5714
1 2 4181 5714 1163
1 2 1590 5715 5716
1 2 5714 5716 5715
1 2 5715 1163 5714
1 2 5716 5714 1589
1 2 1589 5717 5716
1 2 5718 5716 5717
1 2 5717 295 5718
1 2 5716 5718 1590
1 2 1163 5715 4182
1 2 5719 4182 5715
1 2 5715 1590 5719
1 2 4182 5719 447
1 2 154 4628 4274
1 2 5720 4274 4628
1 2 4628 1290 5720
1 2 4274 5720 1190
1 2 1566 5721 5722
1 2 5720 5722 5721
1 2 5721 1190 5720
1 2 5722 5720 1290
1 2 1290 4623 5722
1 2 5624 5722 4623
1 2 4623 247 5624
1 2 5722 5624 1566
1 2 1190 5721 4275
1 2 5629 4275 5721
1 2 5721 1566 5629
1 2 4275 5629 431
1 2 3 5723 2770
1 2 5724 2770 5723
1 2 5723 1591 5724
1 2 2770 5724 747
1 2 1592 5725 5726
1 2 5724 5726 5725
1 2 5725 747 5724
1 2 5726 5724 1591
1 2 1591 5727 5726
1 2 5728 5726 5727
1 2 5727 4 5728
1 2 5726 5728 1592
1 2 747 5725 2771
1 2 5729 2771 5725
1 2 5725 1592 5729
1 2 2771 5729 318
1 2 419 4427 5731
1 2 5730 5731 4427
1 2 4427 1235 5730
1 2 5731 5730 1594
1 2 1593 5732 5733
1 2 5730 5733 5732
1 2 5732 1594 5730
1 2 5733 5730 1235
1 2 1235 4433 5733
1 2 5734 5733 4433
1 2 4433 216 5734
1 2 5733 5734 1593
1 2 1594 5732 5736
1 2 5735 5736 5732
1 2 5732 1593 5735
1 2 5736 5735 503
1 2 253 4266 5738
1 2 5737 5738 4266
1 2 4266 1187 5737
1 2 5738 5737 1596
1 2 1595 5739 5740
1 2 5737 5740 5739
1 2 5739 1596 5737
1 2 5740 5737 1187
1 2 1187 4261 5740
1 2 5741 5740 4261
1 2 4261 159 5741
1 2 5740 5741 1595
1 2 1596 5739 5743
1 2 5742 5743 5739
1 2 5739 1595 5742
1 2 5743 5742 475
1 2 246 4901 3503
1 2 5744 3503 4901
1 2 4901 1367 5744
1 2 3503 5744 965
1 2 1597 5745 5746
1 2 5744 5746 5745
1 2 5745 965 5744
1 2 5746 5744 1367
1 2 1367 4897 5746
1 2 5747 5746 4897
1 2 4897 85 5747
1 2 5746 5747 1597
1 2 965 5745 3504
1 2 5748 3504 5745
1 2 5745 1597 5748
1 2 3504 5748 458
1 2 12 5749 5751
1 2 5750 5751 5749
1 2 5749 1598 5750
1 2 5751 5750 1600
1 2 1599 5752 5753
1 2 5750 5753 5752
1 2 5752 1600 5750
1 2 5753 5750 1598
1 2 1598 5754 5753
1 2 5755 5753 5754
1 2 5754 13 5755
1 2 5753 5755 1599
1 2 1600 5752 5757
1 2 5756 5757 5752
1 2 5752 1599 5756
1 2 5757 5756 321
1 2 267 3084 5211
1 2 5758 5211 3084
1 2 3084 844 5758
1 2 5211 5758 1452
1 2 1263 5759 5760
1 2 5758 5760 5759
1 2 5759 1452 5758
1 2 5760 5758 844
1 2 844 3090 5760
1 2 4522 5760 3090
1 2 3090 150 4522
1 2 5760 4522 1263
1 2 1452 5759 5212
1 2 4528 5212 5759
1 2 5759 1263 4528
1 2 5212 4528 544
1 2 509 4046 5762
1 2 5761 5762 4046
1 2 4046 1125 5761
1 2 5762 5761 1601
1 2 1577 5763 5764
1 2 5761 5764 5763
1 2 5763 1601 5761
1 2 5764 5761 1125
1 2 1125 4045 5764
1 2 5668 5764 4045
1 2 4045 291 5668
1 2 5764 5668 1577
1 2 1601 5763 5765
1 2 5672 5765 5763
1 2 5763 1577 5672
1 2 5765 5672 189
1 2 135 4602 4760
1 2 5766 4760 4602
1 2 4602 1283 5766
1 2 4760 5766 1328
1 2 1602 5767 5768
1 2 5766 5768 5767
1 2 5767 1328 5766
1 2 5768 5766 1283
1 2 1283 4597 5768
1 2 5769 5768 4597
1 2 4597 275 5769
1 2 5768 5769 1602
1 2 1328 5767 4761
1 2 5770 4761 5767
1 2 5767 1602 5770
1 2 4761 5770 359
1 2 291 3126 5666
1 2 5771 5666 3126
1 2 3126 854 5771
1 2 5666 5771 1576
1 2 1603 5772 5773
1 2 5771 5773 5772
1 2 5772 1576 5771
1 2 5773 5771 854
1 2 854 3125 5773
1 2 5774 5773 3125
1 2 3125 134 5774
1 2 5773 5774 1603
1 2 1576 5772 5671
1 2 5775 5671 5772
1 2 5772 1603 5775
1 2 5671 5775 474
1 2 435 5060 5777
1 2 5776 5777 5060
1 2 5060 1409 5776
1 2 5777 5776 1605
1 2 1604 5778 5779
1 2 5776 5779 5778
1 2 5778 1605 5776
1 2 5779 5776 1409
1 2 1409 5056 5779
1 2 5780 5779 5056
1 2 5056 254 5780
1 2 5779 5780 1604
1 2 1605 5778 5782
1 2 5781 5782 5778
1 2 5778 1604 5781
1 2 5782 5781 496
1 2 118 4037 5784
1 2 5783 5784 4037
1 2 4037 1124 5783
1 2 5784 5783 1607
1 2 1606 5785 5786
1 2 5783 5786 5785
1 2 5785 1607 5783
1 2 5786 5783 1124
1 2 1124 4040 5786
1 2 5787 5786 4040
1 2 4040 269 5787
1 2 5786 5787 1606
1 2 1607 5785 5789
1 2 5788 5789 5785
1 2 5785 1606 5788
1 2 5789 5788 411
1 2 253 5790 5792
1 2 5791 5792 5790
1 2 5790 1608 5791
1 2 5792 5791 1610
1 2 1609 5793 5794
1 2 5791 5794 5793
1 2 5793 1610 5791
1 2 5794 5791 1608
1 2 1608 5795 5794
1 2 5796 5794 5795
1 2 5795 130 5796
1 2 5794 5796 1609
1 2 1610 5793 5798
1 2 5797 5798 5793
1 2 5793 1609 5797
1 2 5798 5797 553
1 2 91 5106 5800
1 2 5799 5800 5106
1 2 5106 1421 5799
1 2 5800 5799 1612
1 2 1611 5801 5802
1 2 5799 5802 5801
1 2 5801 1612 5799
1 2 5802 5799 1421
1 2 1421 5101 5802
1 2 5803 5802 5101
1 2 5101 280 5803
1 2 5802 5803 1611
1 2 1612 5801 5805
1 2 5804 5805 5801
1 2 5801 1611 5804
1 2 5805 5804 525
1 2 389 5697 5807
1 2 5806 5807 5697
1 2 5697 1583 5806
1 2 5807 5806 1614
1 2 1613 5808 5809
1 2 5806 5809 5808
1 2 5808 1614 5806
1 2 5809 5806 1583
1 2 1583 5692 5809
1 2 5810 5809 5692
1 2 5692 435 5810
1 2 5809 5810 1613
1 2 1614 5808 5812
1 2 5811 5812 5808
1 2 5808 1613 5811
1 2 5812 5811 108
1 2 405 5366 5814
1 2 5813 5814 5366
1 2 5366 1494 5813
1 2 5814 5813 1615
1 2 913 5815 5816
1 2 5813 5816 5815
1 2 5815 1615 5813
1 2 5816 5813 1494
1 2 1494 5365 5816
1 2 3312 5816 5365
1 2 5365 147 3312
1 2 5816 3312 913
1 2 1615 5815 5817
1 2 3318 5817 5815
1 2 5815 913 3318
1 2 5817 3318 396
1 2 373 4644 5819
1 2 5818 5819 4644
1 2 4644 1295 5818
1 2 5819 5818 1616
1 2 1211 5820 5821
1 2 5818 5821 5820
1 2 5820 1616 5818
1 2 5821 5818 1295
1 2 1295 4643 5821
1 2 4338 5821 4643
1 2 4643 139 4338
1 2 5821 4338 1211
1 2 1616 5820 5822
1 2 4343 5822 5820
1 2 5820 1211 4343
1 2 5822 4343 480
1 2 118 5823 2996
1 2 5824 2996 5823
1 2 5823 1617 5824
1 2 2996 5824 817
1 2 1618 5825 5826
1 2 5824 5826 5825
1 2 5825 817 5824
1 2 5826 5824 1617
1 2 1617 5827 5826
1 2 5828 5826 5827
1 2 5827 239 5828
1 2 5826 5828 1618
1 2 817 5825 2997
1 2 5829 2997 5825
1 2 5825 1618 5829
1 2 2997 5829 426
1 2 481 5830 5832
1 2 5831 5832 5830
1 2 5830 1619 5831
1 2 5832 5831 1620
1 2 1563 5833 5834
1 2 5831 5834 5833
1 2 5833 1620 5831
1 2 5834 5831 1619
1 2 1619 5835 5834
1 2 5621 5834 5835
1 2 5835 493 5621
1 2 5834 5621 1563
1 2 1620 5833 5836
1 2 5620 5836 5833
1 2 5833 1563 5620
1 2 5836 5620 245
1 2 398 3238 5838
1 2 5837 5838 3238
1 2 3238 891 5837
1 2 5838 5837 1622
1 2 1621 5839 5840
1 2 5837 5840 5839
1 2 5839 1622 5837
1 2 5840 5837 891
1 2 891 3244 5840
1 2 5841 5840 3244
1 2 3244 171 5841
1 2 5840 5841 1621
1 2 1622 5839 5843
1 2 5842 5843 5839
1 2 5839 1621 5842
1 2 5843 5842 341
1 2 273 5647 4559
1 2 5844 4559 5647
1 2 5647 1570 5844
1 2 4559 5844 1271
1 2 1623 5845 5846
1 2 5844 5846 5845
1 2 5845 1271 5844
1 2 5846 5844 1570
1 2 1570 5642 5846
1 2 5847 5846 5642
1 2 5642 164 5847
1 2 5846 5847 1623
1 2 1271 5845 4560
1 2 5848 4560 5845
1 2 5845 1623 5848
1 2 4560 5848 434
1 2 285 5849 4504
1 2 5850 4504 5849
1 2 5849 1624 5850
1 2 4504 5850 1256
1 2 1625 5851 5852
1 2 5850 5852 5851
1 2 5851 1256 5850
1 2 5852 5850 1624
1 2 1624 5853 5852
1 2 5854 5852 5853
1 2 5853 193 5854
1 2 5852 5854 1625
1 2 1256 5851 4505
1 2 5855 4505 5851
1 2 5851 1625 5855
1 2 4505 5855 452
1 2 445 5856 5858
1 2 5857 5858 5856
1 2 5856 1626 5857
1 2 5858 5857 1628
1 2 1627 5859 5860
1 2 5857 5860 5859
1 2 5859 1628 5857
1 2 5860 5857 1626
1 2 1626 5861 5860
1 2 5862 5860 5861
1 2 5861 332 5862
1 2 5860 5862 1627
1 2 1628 5859 5864
1 2 5863 5864 5859
1 2 5859 1627 5863
1 2 5864 5863 186
1 2 263 3969 5866
1 2 5865 5866 3969
1 2 3969 1105 5865
1 2 5866 5865 1629
1 2 1512 5867 5868
1 2 5865 5868 5867
1 2 5867 1629 5865
1 2 5868 5865 1105
1 2 1105 3975 5868
1 2 5424 5868 3975
1 2 3975 82 5424
1 2 5868 5424 1512
1 2 1629 5867 5869
1 2 5428 5869 5867
1 2 5867 1512 5428
1 2 5869 5428 351
1 2 520 5870 5872
1 2 5871 5872 5870
1 2 5870 1630 5871
1 2 5872 5871 1631
1 2 1404 5873 5874
1 2 5871 5874 5873
1 2 5873 1631 5871
1 2 5874 5871 1630
1 2 1630 5875 5874
1 2 5033 5874 5875
1 2 5875 250 5033
1 2 5874 5033 1404
1 2 1631 5873 5876
1 2 5038 5876 5873
1 2 5873 1404 5038
1 2 5876 5038 546
1 2 319 3429 5878
1 2 5877 5878 3429
1 2 3429 944 5877
1 2 5878 5877 1632
1 2 1389 5879 5880
1 2 5877 5880 5879
1 2 5879 1632 5877
1 2 5880 5877 944
1 2 944 3428 5880
1 2 4977 5880 3428
1 2 3428 90 4977
1 2 5880 4977 1389
1 2 1632 5879 5881
1 2 4981 5881 5879
1 2 5879 1389 4981
1 2 5881 4981 381
1 2 270 2413 4962
1 2 5882 4962 2413
1 2 2413 637 5882
1 2 4962 5882 1384
1 2 1133 5883 5884
1 2 5882 5884 5883
1 2 5883 1384 5882
1 2 5884 5882 637
1 2 637 2412 5884
1 2 4074 5884 2412
1 2 2412 133 4074
1 2 5884 4074 1133
1 2 1384 5883 4958
1 2 4073 4958 5883
1 2 5883 1133 4073
1 2 4958 4073 386
1 2 70 5885 5887
1 2 5886 5887 5885
1 2 5885 1633 5886
1 2 5887 5886 1635
1 2 1634 5888 5889
1 2 5886 5889 5888
1 2 5888 1635 5886
1 2 5889 5886 1633
1 2 1633 5890 5889
1 2 5891 5889 5890
1 2 5890 443 5891
1 2 5889 5891 1634
1 2 1635 5888 5893
1 2 5892 5893 5888
1 2 5888 1634 5892
1 2 5893 5892 293
1 2 297 5894 5419
1 2 5895 5419 5894
1 2 5894 1636 5895
1 2 5419 5895 1509
1 2 1637 5896 5897
1 2 5895 5897 5896
1 2 5896 1509 5895
1 2 5897 5895 1636
1 2 1636 5898 5897
1 2 5899 5897 5898
1 2 5898 164 5899
1 2 5897 5899 1637
1 2 1509 5896 5420
1 2 5900 5420 5896
1 2 5896 1637 5900
1 2 5420 5900 350
1 2 273 3473 3192
1 2 5901 3192 3473
1 2 3473 959 5901
1 2 3192 5901 874
1 2 1638 5902 5903
1 2 5901 5903 5902
1 2 5902 874 5901
1 2 5903 5901 959
1 2 959 3479 5903
1 2 5904 5903 3479
1 2 3479 53 5904
1 2 5903 5904 1638
1 2 874 5902 3193
1 2 5905 3193 5902
1 2 5902 1638 5905
1 2 3193 5905 497
1 2 280 5906 5803
1 2 5907 5803 5906
1 2 5906 1639 5907
1 2 5803 5907 1611
1 2 902 5908 5909
1 2 5907 5909 5908
1 2 5908 1611 5907
1 2 5909 5907 1639
1 2 1639 5910 5909
1 2 3276 5909 5910
1 2 5910 195 3276
1 2 5909 3276 902
1 2 1611 5908 5804
1 2 3281 5804 5908
1 2 5908 902 3281
1 2 5804 3281 525
1 2 15 3202 5912
1 2 5911 5912 3202
1 2 3202 877 5911
1 2 5912 5911 1640
1 2 791 5913 5914
1 2 5911 5914 5913
1 2 5913 1640 5911
1 2 5914 5911 877
1 2 877 3201 5914
1 2 2913 5914 3201
1 2 3201 272 2913
1 2 5914 2913 791
1 2 1640 5913 5915
1 2 2912 5915 5913
1 2 5913 791 2912
1 2 5915 2912 400
1 2 268 5916 5918
1 2 5917 5918 5916
1 2 5916 1641 5917
1 2 5918 5917 1642
1 2 1222 5919 5920
1 2 5917 5920 5919
1 2 5919 1642 5917
1 2 5920 5917 1641
1 2 1641 5921 5920
1 2 4379 5920 5921
1 2 5921 152 4379
1 2 5920 4379 1222
1 2 1642 5919 5922
1 2 4383 5922 5919
1 2 5919 1222 4383
1 2 5922 4383 423
1 2 287 3777 5924
1 2 5923 5924 3777
1 2 3777 1046 5923
1 2 5924 5923 1643
1 2 1137 5925 5926
1 2 5923 5926 5925
1 2 5925 1643 5923
1 2 5926 5923 1046
1 2 1046 3776 5926
1 2 4082 5926 3776
1 2 3776 229 4082
1 2 5926 4082 1137
1 2 1643 5925 5927
1 2 4087 5927 5925
1 2 5925 1137 4087
1 2 5927 4087 366
1 2 328 3910 5929
1 2 5928 5929 3910
1 2 3910 1088 5928
1 2 5929 5928 1645
1 2 1644 5930 5931
1 2 5928 5931 5930
1 2 5930 1645 5928
1 2 5931 5928 1088
1 2 1088 3914 5931
1 2 5932 5931 3914
1 2 3914 306 5932
1 2 5931 5932 1644
1 2 1645 5930 5934
1 2 5933 5934 5930
1 2 5930 1644 5933
1 2 5934 5933 140
1 2 382 5935 2462
1 2 5936 2462 5935
1 2 5935 1646 5936
1 2 2462 5936 653
1 2 1498 5937 5938
1 2 5936 5938 5937
1 2 5937 653 5936
1 2 5938 5936 1646
1 2 1646 5939 5938
1 2 5380 5938 5939
1 2 5939 559 5380
1 2 5938 5380 1498
1 2 653 5937 2463
1 2 5379 2463 5937
1 2 5937 1498 5379
1 2 2463 5379 260
1 2 297 5418 5941
1 2 5940 5941 5418
1 2 5418 1508 5940
1 2 5941 5940 1648
1 2 1647 5942 5943
1 2 5940 5943 5942
1 2 5942 1648 5940
1 2 5943 5940 1508
1 2 1508 5413 5943
1 2 5944 5943 5413
1 2 5413 167 5944
1 2 5943 5944 1647
1 2 1648 5942 5946
1 2 5945 5946 5942
1 2 5942 1647 5945
1 2 5946 5945 438
1 2 239 5827 5948
1 2 5947 5948 5827
1 2 5827 1617 5947
1 2 5948 5947 1650
1 2 1649 5949 5950
1 2 5947 5950 5949
1 2 5949 1650 5947
1 2 5950 5947 1617
1 2 1617 5823 5950
1 2 5951 5950 5823
1 2 5823 118 5951
1 2 5950 5951 1649
1 2 1650 5949 5953
1 2 5952 5953 5949
1 2 5949 1649 5952
1 2 5953 5952 519
1 2 130 5795 5955
1 2 5954 5955 5795
1 2 5795 1608 5954
1 2 5955 5954 1651
1 2 1596 5956 5957
1 2 5954 5957 5956
1 2 5956 1651 5954
1 2 5957 5954 1608
1 2 1608 5790 5957
1 2 5738 5957 5790
1 2 5790 253 5738
1 2 5957 5738 1596
1 2 1651 5956 5958
1 2 5743 5958 5956
1 2 5956 1596 5743
1 2 5958 5743 475
1 2 264 4736 5960
1 2 5959 5960 4736
1 2 4736 1320 5959
1 2 5960 5959 1653
1 2 1652 5961 5962
1 2 5959 5962 5961
1 2 5961 1653 5959
1 2 5962 5959 1320
1 2 1320 4731 5962
1 2 5963 5962 4731
1 2 4731 126 5963
1 2 5962 5963 1652
1 2 1653 5961 5965
1 2 5964 5965 5961
1 2 5961 1652 5964
1 2 5965 5964 528
1 2 455 5966 4061
1 2 5967 4061 5966
1 2 5966 1654 5967
1 2 4061 5967 1130
1 2 1655 5968 5969
1 2 5967 5969 5968
1 2 5968 1130 5967
1 2 5969 5967 1654
1 2 1654 5970 5969
1 2 5971 5969 5970
1 2 5970 564 5971
1 2 5969 5971 1655
1 2 1130 5968 4056
1 2 5972 4056 5968
1 2 5968 1655 5972
1 2 4056 5972 231
1 2 152 5921 5974
1 2 5973 5974 5921
1 2 5921 1641 5973
1 2 5974 5973 1657
1 2 1656 5975 5976
1 2 5973 5976 5975
1 2 5975 1657 5973
1 2 5976 5973 1641
1 2 1641 5916 5976
1 2 5977 5976 5916
1 2 5916 268 5977
1 2 5976 5977 1656
1 2 1657 5975 5979
1 2 5978 5979 5975
1 2 5975 1656 5978
1 2 5979 5978 387
1 2 257 4682 4313
1 2 5980 4313 4682
1 2 4682 1305 5980
1 2 4313 5980 1202
1 2 1658 5981 5982
1 2 5980 5982 5981
1 2 5981 1202 5980
1 2 5982 5980 1305
1 2 1305 4677 5982
1 2 5983 5982 4677
1 2 4677 31 5983
1 2 5982 5983 1658
1 2 1202 5981 4314
1 2 5984 4314 5981
1 2 5981 1658 5984
1 2 4314 5984 470
1 2 258 5427 5986
1 2 5985 5986 5427
1 2 5427 1511 5985
1 2 5986 5985 1659
1 2 1258 5987 5988
1 2 5985 5988 5987
1 2 5987 1659 5985
1 2 5988 5985 1511
1 2 1511 5422 5988
1 2 4507 5988 5422
1 2 5422 82 4507
1 2 5988 4507 1258
1 2 1659 5987 5989
1 2 4512 5989 5987
1 2 5987 1258 4512
1 2 5989 4512 415
1 2 493 5835 5991
1 2 5990 5991 5835
1 2 5835 1619 5990
1 2 5991 5990 1660
1 2 978 5992 5993
1 2 5990 5993 5992
1 2 5992 1660 5990
1 2 5993 5990 1619
1 2 1619 5830 5993
1 2 3545 5993 5830
1 2 5830 481 3545
1 2 5993 3545 978
1 2 1660 5992 5994
1 2 3544 5994 5992
1 2 5992 978 3544
1 2 5994 3544 121
1 2 332 5861 5996
1 2 5995 5996 5861
1 2 5861 1626 5995
1 2 5996 5995 1661
1 2 1575 5997 5998
1 2 5995 5998 5997
1 2 5997 1661 5995
1 2 5998 5995 1626
1 2 1626 5856 5998
1 2 5662 5998 5856
1 2 5856 445 5662
1 2 5998 5662 1575
1 2 1661 5997 5999
1 2 5665 5999 5997
1 2 5997 1575 5665
1 2 5999 5665 106
1 2 443 5890 2480
1 2 6000 2480 5890
1 2 5890 1633 6000
1 2 2480 6000 659
1 2 1662 6001 6002
1 2 6000 6002 6001
1 2 6001 659 6000
1 2 6002 6000 1633
1 2 1633 5885 6002
1 2 6003 6002 5885
1 2 5885 70 6003
1 2 6002 6003 1662
1 2 659 6001 2475
1 2 6004 2475 6001
1 2 6001 1662 6004
1 2 2475 6004 71
1 2 256 4896 6006
1 2 6005 6006 4896
1 2 4896 1366 6005
1 2 6006 6005 1663
1 2 1311 6007 6008
1 2 6005 6008 6007
1 2 6007 1663 6005
1 2 6008 6005 1366
1 2 1366 4892 6008
1 2 4693 6008 4892
1 2 4892 160 4693
1 2 6008 4693 1311
1 2 1663 6007 6009
1 2 4699 6009 6007
1 2 6007 1311 4699
1 2 6009 4699 460
1 2 169 2447 3102
1 2 6010 3102 2447
1 2 2447 648 6010
1 2 3102 6010 847
1 2 1664 6011 6012
1 2 6010 6012 6011
1 2 6011 847 6010
1 2 6012 6010 648
1 2 648 2446 6012
1 2 6013 6012 2446
1 2 2446 266 6013
1 2 6012 6013 1664
1 2 847 6011 3103
1 2 6014 3103 6011
1 2 6011 1664 6014
1 2 3103 6014 498
1 2 520 5872 6016
1 2 6015 6016 5872
1 2 5872 1631 6015
1 2 6016 6015 1666
1 2 1665 6017 6018
1 2 6015 6018 6017
1 2 6017 1666 6015
1 2 6018 6015 1631
1 2 1631 5876 6018
1 2 6019 6018 5876
1 2 5876 546 6019
1 2 6018 6019 1665
1 2 1666 6017 6021
1 2 6020 6021 6017
1 2 6017 1665 6020
1 2 6021 6020 166
1 2 128 4228 3945
1 2 6022 3945 4228
1 2 4228 1178 6022
1 2 3945 6022 1096
1 2 1642 6023 6024
1 2 6022 6024 6023
1 2 6023 1096 6022
1 2 6024 6022 1178
1 2 1178 4232 6024
1 2 5918 6024 4232
1 2 4232 268 5918
1 2 6024 5918 1642
1 2 1096 6023 3946
1 2 5922 3946 6023
1 2 6023 1642 5922
1 2 3946 5922 423
1 2 424 6025 6027
1 2 6026 6027 6025
1 2 6025 1667 6026
1 2 6027 6026 1668
1 2 1431 6028 6029
1 2 6026 6029 6028
1 2 6028 1668 6026
1 2 6029 6026 1667
1 2 1667 6030 6029
1 2 5137 6029 6030
1 2 6030 388 5137
1 2 6029 5137 1431
1 2 1668 6028 6031
1 2 5140 6031 6028
1 2 6028 1431 5140
1 2 6031 5140 207
1 2 419 5731 6033
1 2 6032 6033 5731
1 2 5731 1594 6032
1 2 6033 6032 1669
1 2 1530 6034 6035
1 2 6032 6035 6034
1 2 6034 1669 6032
1 2 6035 6032 1594
1 2 1594 5736 6035
1 2 5498 6035 5736
1 2 5736 503 5498
1 2 6035 5498 1530
1 2 1669 6034 6036
1 2 5497 6036 6034
1 2 6034 1530 5497
1 2 6036 5497 116
1 2 559 5939 3696
1 2 6037 3696 5939
1 2 5939 1646 6037
1 2 3696 6037 1024
1 2 1529 6038 6039
1 2 6037 6039 6038
1 2 6038 1024 6037
1 2 6039 6037 1646
1 2 1646 5935 6039
1 2 5487 6039 5935
1 2 5935 382 5487
1 2 6039 5487 1529
1 2 1024 6038 3691
1 2 5492 3691 6038
1 2 6038 1529 5492
1 2 3691 5492 86
1 2 315 4690 6041
1 2 6040 6041 4690
1 2 4690 1308 6040
1 2 6041 6040 1670
1 2 1194 6042 6043
1 2 6040 6043 6042
1 2 6042 1670 6040
1 2 6043 6040 1308
1 2 1308 4689 6043
1 2 4279 6043 4689
1 2 4689 244 4279
1 2 6043 4279 1194
1 2 1670 6042 6044
1 2 4285 6044 6042
1 2 6042 1194 4285
1 2 6044 4285 401
1 2 416 6045 5289
1 2 6046 5289 6045
1 2 6045 1671 6046
1 2 5289 6046 1474
1 2 1672 6047 6048
1 2 6046 6048 6047
1 2 6047 1474 6046
1 2 6048 6046 1671
1 2 1671 6049 6048
1 2 6050 6048 6049
1 2 6049 374 6050
1 2 6048 6050 1672
1 2 1474 6047 5290
1 2 6051 5290 6047
1 2 6047 1672 6051
1 2 5290 6051 173
1 2 256 6052 6054
1 2 6053 6054 6052
1 2 6052 1673 6053
1 2 6054 6053 1675
1 2 1674 6055 6056
1 2 6053 6056 6055
1 2 6055 1675 6053
1 2 6056 6053 1673
1 2 1673 6057 6056
1 2 6058 6056 6057
1 2 6057 99 6058
1 2 6056 6058 1674
1 2 1675 6055 6060
1 2 6059 6060 6055
1 2 6055 1674 6059
1 2 6060 6059 563
1 2 466 2619 4929
1 2 6061 4929 2619
1 2 2619 701 6061
1 2 4929 6061 1375
1 2 1676 6062 6063
1 2 6061 6063 6062
1 2 6062 1375 6061
1 2 6063 6061 701
1 2 701 2618 6063
1 2 6064 6063 2618
1 2 2618 432 6064
1 2 6063 6064 1676
1 2 1375 6062 4930
1 2 6065 4930 6062
1 2 6062 1676 6065
1 2 4930 6065 162
1 2 344 2644 3873
1 2 6066 3873 2644
1 2 2644 711 6066
1 2 3873 6066 1075
1 2 974 6067 6068
1 2 6066 6068 6067
1 2 6067 1075 6066
1 2 6068 6066 711
1 2 711 2650 6068
1 2 3524 6068 2650
1 2 2650 420 3524
1 2 6068 3524 974
1 2 1075 6067 3874
1 2 3530 3874 6067
1 2 6067 974 3530
1 2 3874 3530 178
1 2 84 6069 6071
1 2 6070 6071 6069
1 2 6069 1677 6070
1 2 6071 6070 1678
1 2 1315 6072 6073
1 2 6070 6073 6072
1 2 6072 1678 6070
1 2 6073 6070 1677
1 2 1677 6074 6073
1 2 4713 6073 6074
1 2 6074 363 4713
1 2 6073 4713 1315
1 2 1678 6072 6075
1 2 4716 6075 6072
1 2 6072 1315 4716
1 2 6075 4716 476
1 2 47 6076 6078
1 2 6077 6078 6076
1 2 6076 1679 6077
1 2 6078 6077 1681
1 2 1680 6079 6080
1 2 6077 6080 6079
1 2 6079 1681 6077
1 2 6080 6077 1679
1 2 1679 6081 6080
1 2 6082 6080 6081
1 2 6081 284 6082
1 2 6080 6082 1680
1 2 1681 6079 6084
1 2 6083 6084 6079
1 2 6079 1680 6083
1 2 6084 6083 461
1 2 435 5777 5810
1 2 6085 5810 5777
1 2 5777 1605 6085
1 2 5810 6085 1613
1 2 1682 6086 6087
1 2 6085 6087 6086
1 2 6086 1613 6085
1 2 6087 6085 1605
1 2 1605 5782 6087
1 2 6088 6087 5782
1 2 5782 496 6088
1 2 6087 6088 1682
1 2 1613 6086 5811
1 2 6089 5811 6086
1 2 6086 1682 6089
1 2 5811 6089 108
1 2 116 5549 6036
1 2 6090 6036 5549
1 2 5549 1544 6090
1 2 6036 6090 1669
1 2 1683 6091 6092
1 2 6090 6092 6091
1 2 6091 1669 6090
1 2 6092 6090 1544
1 2 1544 5545 6092
1 2 6093 6092 5545
1 2 5545 258 6093
1 2 6092 6093 1683
1 2 1669 6091 6033
1 2 6094 6033 6091
1 2 6091 1683 6094
1 2 6033 6094 419
1 2 305 6095 6097
1 2 6096 6097 6095
1 2 6095 1684 6096
1 2 6097 6096 1685
1 2 1387 6098 6099
1 2 6096 6099 6098
1 2 6098 1685 6096
1 2 6099 6096 1684
1 2 1684 6100 6099
1 2 4971 6099 6100
1 2 6100 143 4971
1 2 6099 4971 1387
1 2 1685 6098 6101
1 2 4974 6101 6098
1 2 6098 1387 4974
1 2 6101 4974 515
1 2 374 6049 5705
1 2 6102 5705 6049
1 2 6049 1671 6102
1 2 5705 6102 1586
1 2 1686 6103 6104
1 2 6102 6104 6103
1 2 6103 1586 6102
1 2 6104 6102 1671
1 2 1671 6045 6104
1 2 6105 6104 6045
1 2 6045 416 6105
1 2 6104 6105 1686
1 2 1586 6103 5706
1 2 6106 5706 6103
1 2 6103 1686 6106
1 2 5706 6106 206
1 2 363 6107 3609
1 2 6108 3609 6107
1 2 6107 1687 6108
1 2 3609 6108 997
1 2 776 6109 6110
1 2 6108 6110 6109
1 2 6109 997 6108
1 2 6110 6108 1687
1 2 1687 6111 6110
1 2 2855 6110 6111
1 2 6111 288 2855
1 2 6110 2855 776
1 2 997 6109 3603
1 2 2861 3603 6109
1 2 6109 776 2861
1 2 3603 2861 142
1 2 300 6112 2613
1 2 6113 2613 6112
1 2 6112 1688 6113
1 2 2613 6113 700
1 2 1107 6114 6115
1 2 6113 6115 6114
1 2 6114 700 6113
1 2 6115 6113 1688
1 2 1688 6116 6115
1 2 3983 6115 6116
1 2 6116 97 3983
1 2 6115 3983 1107
1 2 700 6114 2608
1 2 3982 2608 6114
1 2 6114 1107 3982
1 2 2608 3982 335
1 2 150 3935 5184
1 2 6117 5184 3935
1 2 3935 1094 6117
1 2 5184 6117 1444
1 2 1689 6118 6119
1 2 6117 6119 6118
1 2 6118 1444 6117
1 2 6119 6117 1094
1 2 1094 3934 6119
1 2 6120 6119 3934
1 2 3934 310 6120
1 2 6119 6120 1689
1 2 1444 6118 5185
1 2 6121 5185 6118
1 2 6118 1689 6121
1 2 5185 6121 375
1 2 487 4954 6123
1 2 6122 6123 4954
1 2 4954 1381 6122
1 2 6123 6122 1690
1 2 1629 6124 6125
1 2 6122 6125 6124
1 2 6124 1690 6122
1 2 6125 6122 1381
1 2 1381 4953 6125
1 2 5866 6125 4953
1 2 4953 263 5866
1 2 6125 5866 1629
1 2 1690 6124 6126
1 2 5869 6126 6124
1 2 6124 1629 5869
1 2 6126 5869 351
1 2 266 6127 6013
1 2 6128 6013 6127
1 2 6127 1691 6128
1 2 6013 6128 1664
1 2 1692 6129 6130
1 2 6128 6130 6129
1 2 6129 1664 6128
1 2 6130 6128 1691
1 2 1691 6131 6130
1 2 6132 6130 6131
1 2 6131 101 6132
1 2 6130 6132 1692
1 2 1664 6129 6014
1 2 6133 6014 6129
1 2 6129 1692 6133
1 2 6014 6133 498
1 2 277 6134 6136
1 2 6135 6136 6134
1 2 6134 1693 6135
1 2 6136 6135 1695
1 2 1694 6137 6138
1 2 6135 6138 6137
1 2 6137 1695 6135
1 2 6138 6135 1693
1 2 1693 6139 6138
1 2 6140 6138 6139
1 2 6139 134 6140
1 2 6138 6140 1694
1 2 1695 6137 6142
1 2 6141 6142 6137
1 2 6137 1694 6141
1 2 6142 6141 403
1 2 388 6030 6144
1 2 6143 6144 6030
1 2 6030 1667 6143
1 2 6144 6143 1697
1 2 1696 6145 6146
1 2 6143 6146 6145
1 2 6145 1697 6143
1 2 6146 6143 1667
1 2 1667 6025 6146
1 2 6147 6146 6025
1 2 6025 424 6147
1 2 6146 6147 1696
1 2 1697 6145 6149
1 2 6148 6149 6145
1 2 6145 1696 6148
1 2 6149 6148 156
1 2 538 6150 6152
1 2 6151 6152 6150
1 2 6150 1698 6151
1 2 6152 6151 1699
1 2 1449 6153 6154
1 2 6151 6154 6153
1 2 6153 1699 6151
1 2 6154 6151 1698
1 2 1698 6155 6154
1 2 5204 6154 6155
1 2 6155 326 5204
1 2 6154 5204 1449
1 2 1699 6153 6156
1 2 5203 6156 6153
1 2 6153 1449 5203
1 2 6156 5203 28
1 2 557 6157 6159
1 2 6158 6159 6157
1 2 6157 1700 6158
1 2 6159 6158 1702
1 2 1701 6160 6161
1 2 6158 6161 6160
1 2 6160 1702 6158
1 2 6161 6158 1700
1 2 1700 6162 6161
1 2 6163 6161 6162
1 2 6162 550 6163
1 2 6161 6163 1701
1 2 1702 6160 6165
1 2 6164 6165 6160
1 2 6160 1701 6164
1 2 6165 6164 48
1 2 159 6166 6168
1 2 6167 6168 6166
1 2 6166 1703 6167
1 2 6168 6167 1704
1 2 1027 6169 6170
1 2 6167 6170 6169
1 2 6169 1704 6167
1 2 6170 6167 1703
1 2 1703 6171 6170
1 2 3703 6170 6171
1 2 6171 295 3703
1 2 6170 3703 1027
1 2 1704 6169 6172
1 2 3708 6172 6169
1 2 6169 1027 3708
1 2 6172 3708 448
1 2 311 4231 6174
1 2 6173 6174 4231
1 2 4231 1177 6173
1 2 6174 6173 1706
1 2 1705 6175 6176
1 2 6173 6176 6175
1 2 6175 1706 6173
1 2 6176 6173 1177
1 2 1177 4226 6176
1 2 6177 6176 4226
1 2 4226 128 6177
1 2 6176 6177 1705
1 2 1706 6175 6179
1 2 6178 6179 6175
1 2 6175 1705 6178
1 2 6179 6178 541
1 2 156 2253 6149
1 2 6180 6149 2253
1 2 2253 587 6180
1 2 6149 6180 1697
1 2 1707 6181 6182
1 2 6180 6182 6181
1 2 6181 1697 6180
1 2 6182 6180 587
1 2 587 2258 6182
1 2 6183 6182 2258
1 2 2258 512 6183
1 2 6182 6183 1707
1 2 1697 6181 6144
1 2 6184 6144 6181
1 2 6181 1707 6184
1 2 6144 6184 388
1 2 276 3978 6186
1 2 6185 6186 3978
1 2 3978 1108 6185
1 2 6186 6185 1709
1 2 1708 6187 6188
1 2 6185 6188 6187
1 2 6187 1709 6185
1 2 6188 6185 1108
1 2 1108 3984 6188
1 2 6189 6188 3984
1 2 3984 97 6189
1 2 6188 6189 1708
1 2 1709 6187 6191
1 2 6190 6191 6187
1 2 6187 1708 6190
1 2 6191 6190 385
1 2 99 6057 6193
1 2 6192 6193 6057
1 2 6057 1673 6192
1 2 6193 6192 1710
1 2 1663 6194 6195
1 2 6192 6195 6194
1 2 6194 1710 6192
1 2 6195 6192 1673
1 2 1673 6052 6195
1 2 6006 6195 6052
1 2 6052 256 6006
1 2 6195 6006 1663
1 2 1710 6194 6196
1 2 6009 6196 6194
1 2 6194 1663 6009
1 2 6196 6009 460
1 2 93 4961 6198
1 2 6197 6198 4961
1 2 4961 1383 6197
1 2 6198 6197 1712
1 2 1711 6199 6200
1 2 6197 6200 6199
1 2 6199 1712 6197
1 2 6200 6197 1383
1 2 1383 4956 6200
1 2 6201 6200 4956
1 2 4956 386 6201
1 2 6200 6201 1711
1 2 1712 6199 6203
1 2 6202 6203 6199
1 2 6199 1711 6202
1 2 6203 6202 507
1 2 8 6204 4620
1 2 6205 4620 6204
1 2 6204 1713 6205
1 2 4620 6205 1288
1 2 1714 6206 6207
1 2 6205 6207 6206
1 2 6206 1288 6205
1 2 6207 6205 1713
1 2 1713 6208 6207
1 2 6209 6207 6208
1 2 6208 9 6209
1 2 6207 6209 1714
1 2 1288 6206 4621
1 2 6210 4621 6206
1 2 6206 1714 6210
1 2 4621 6210 340
1 2 126 4733 6212
1 2 6211 6212 4733
1 2 4733 1322 6211
1 2 6212 6211 1716
1 2 1715 6213 6214
1 2 6211 6214 6213
1 2 6213 1716 6211
1 2 6214 6211 1322
1 2 1322 4739 6214
1 2 6215 6214 4739
1 2 4739 399 6215
1 2 6214 6215 1715
1 2 1716 6213 6217
1 2 6216 6217 6213
1 2 6213 1715 6216
1 2 6217 6216 564
1 2 63 6218 6220
1 2 6219 6220 6218
1 2 6218 1717 6219
1 2 6220 6219 1718
1 2 713 6221 6222
1 2 6219 6222 6221
1 2 6221 1718 6219
1 2 6222 6219 1717
1 2 1717 6223 6222
1 2 2652 6222 6223
1 2 6223 64 2652
1 2 6222 2652 713
1 2 1718 6221 6224
1 2 2657 6224 6221
1 2 6221 713 2657
1 2 6224 2657 404
1 2 100 3538 5127
1 2 6225 5127 3538
1 2 3538 976 6225
1 2 5127 6225 1428
1 2 1643 6226 6227
1 2 6225 6227 6226
1 2 6226 1428 6225
1 2 6227 6225 976
1 2 976 3537 6227
1 2 5924 6227 3537
1 2 3537 287 5924
1 2 6227 5924 1643
1 2 1428 6226 5128
1 2 5927 5128 6226
1 2 6226 1643 5927
1 2 5128 5927 366
1 2 152 6228 6230
1 2 6229 6230 6228
1 2 6228 1719 6229
1 2 6230 6229 1721
1 2 1720 6231 6232
1 2 6229 6232 6231
1 2 6231 1721 6229
1 2 6232 6229 1719
1 2 1719 6233 6232
1 2 6234 6232 6233
1 2 6233 308 6234
1 2 6232 6234 1720
1 2 1721 6231 6236
1 2 6235 6236 6231
1 2 6231 1720 6235
1 2 6236 6235 356
1 2 330 2320 6238
1 2 6237 6238 2320
1 2 2320 607 6237
1 2 6238 6237 1722
1 2 1063 6239 6240
1 2 6237 6240 6239
1 2 6239 1722 6237
1 2 6240 6237 607
1 2 607 2319 6240
1 2 3826 6240 2319
1 2 2319 209 3826
1 2 6240 3826 1063
1 2 1722 6239 6241
1 2 3831 6241 6239
1 2 6239 1063 3831
1 2 6241 3831 483
1 2 97 3186 6189
1 2 6242 6189 3186
1 2 3186 872 6242
1 2 6189 6242 1708
1 2 1723 6243 6244
1 2 6242 6244 6243
1 2 6243 1708 6242
1 2 6244 6242 872
1 2 872 3185 6244
1 2 6245 6244 3185
1 2 3185 267 6245
1 2 6244 6245 1723
1 2 1708 6243 6190
1 2 6246 6190 6243
1 2 6243 1723 6246
1 2 6190 6246 385
1 2 285 6247 6249
1 2 6248 6249 6247
1 2 6247 1724 6248
1 2 6249 6248 1726
1 2 1725 6250 6251
1 2 6248 6251 6250
1 2 6250 1726 6248
1 2 6251 6248 1724
1 2 1724 6252 6251
1 2 6253 6251 6252
1 2 6252 102 6253
1 2 6251 6253 1725
1 2 1726 6250 6255
1 2 6254 6255 6250
1 2 6250 1725 6254
1 2 6255 6254 512
1 2 94 3904 6257
1 2 6256 6257 3904
1 2 3904 1084 6256
1 2 6257 6256 1728
1 2 1727 6258 6259
1 2 6256 6259 6258
1 2 6258 1728 6256
1 2 6259 6256 1084
1 2 1084 3899 6259
1 2 6260 6259 3899
1 2 3899 252 6260
1 2 6259 6260 1727
1 2 1728 6258 6262
1 2 6261 6262 6258
1 2 6258 1727 6261
1 2 6262 6261 472
1 2 268 3229 5977
1 2 6263 5977 3229
1 2 3229 888 6263
1 2 5977 6263 1656
1 2 1729 6264 6265
1 2 6263 6265 6264
1 2 6264 1656 6263
1 2 6265 6263 888
1 2 888 3235 6265
1 2 6266 6265 3235
1 2 3235 41 6266
1 2 6265 6266 1729
1 2 1656 6264 5978
1 2 6267 5978 6264
1 2 6264 1729 6267
1 2 5978 6267 387
1 2 170 4478 5528
1 2 6268 5528 4478
1 2 4478 1248 6268
1 2 5528 6268 1538
1 2 1424 6269 6270
1 2 6268 6270 6269
1 2 6269 1538 6268
1 2 6270 6268 1248
1 2 1248 4477 6270
1 2 5109 6270 4477
1 2 4477 274 5109
1 2 6270 5109 1424
1 2 1538 6269 5529
1 2 5114 5529 6269
1 2 6269 1424 5114
1 2 5529 5114 504
1 2 139 6271 2734
1 2 6272 2734 6271
1 2 6271 1730 6272
1 2 2734 6272 737
1 2 1731 6273 6274
1 2 6272 6274 6273
1 2 6273 737 6272
1 2 6274 6272 1730
1 2 1730 6275 6274
1 2 6276 6274 6275
1 2 6275 454 6276
1 2 6274 6276 1731
1 2 737 6273 2739
1 2 6277 2739 6273
1 2 6273 1731 6277
1 2 2739 6277 302
1 2 38 6278 3957
1 2 6279 3957 6278
1 2 6278 1732 6279
1 2 3957 6279 1099
1 2 1733 6280 6281
1 2 6279 6281 6280
1 2 6280 1099 6279
1 2 6281 6279 1732
1 2 1732 6282 6281
1 2 6283 6281 6282
1 2 6282 39 6283
1 2 6281 6283 1733
1 2 1099 6280 3958
1 2 6284 3958 6280
1 2 6280 1733 6284
1 2 3958 6284 410
1 2 100 5126 6286
1 2 6285 6286 5126
1 2 5126 1427 6285
1 2 6286 6285 1735
1 2 1734 6287 6288
1 2 6285 6288 6287
1 2 6287 1735 6285
1 2 6288 6285 1427
1 2 1427 5122 6288
1 2 6289 6288 5122
1 2 5122 264 6289
1 2 6288 6289 1734
1 2 1735 6287 6291
1 2 6290 6291 6287
1 2 6287 1734 6290
1 2 6291 6290 449
1 2 418 6292 6294
1 2 6293 6294 6292
1 2 6292 1736 6293
1 2 6294 6293 1737
1 2 1585 6295 6296
1 2 6293 6296 6295
1 2 6295 1737 6293
1 2 6296 6293 1736
1 2 1736 6297 6296
1 2 5694 6296 6297
1 2 6297 435 5694
1 2 6296 5694 1585
1 2 1737 6295 6298
1 2 5700 6298 6295
1 2 6295 1585 5700
1 2 6298 5700 230
1 2 101 6131 6300
1 2 6299 6300 6131
1 2 6131 1691 6299
1 2 6300 6299 1738
1 2 1036 6301 6302
1 2 6299 6302 6301
1 2 6301 1738 6299
1 2 6302 6299 1691
1 2 1691 6127 6302
1 2 3736 6302 6127
1 2 6127 266 3736
1 2 6302 3736 1036
1 2 1738 6301 6303
1 2 3741 6303 6301
1 2 6301 1036 3741
1 2 6303 3741 508
1 2 277 6136 2850
1 2 6304 2850 6136
1 2 6136 1695 6304
1 2 2850 6304 772
1 2 1038 6305 6306
1 2 6304 6306 6305
1 2 6305 772 6304
1 2 6306 6304 1695
1 2 1695 6142 6306
1 2 3743 6306 6142
1 2 6142 403 3743
1 2 6306 3743 1038
1 2 772 6305 2851
1 2 3748 2851 6305
1 2 6305 1038 3748
1 2 2851 3748 158
1 2 144 6307 6309
1 2 6308 6309 6307
1 2 6307 1739 6308
1 2 6309 6308 1740
1 2 1709 6310 6311
1 2 6308 6311 6310
1 2 6310 1740 6308
1 2 6311 6308 1739
1 2 1739 6312 6311
1 2 6186 6311 6312
1 2 6312 276 6186
1 2 6311 6186 1709
1 2 1740 6310 6313
1 2 6191 6313 6310
1 2 6310 1709 6191
1 2 6313 6191 385
1 2 521 5153 2813
1 2 6314 2813 5153
1 2 5153 1434 6314
1 2 2813 6314 761
1 2 675 6315 6316
1 2 6314 6316 6315
1 2 6315 761 6314
1 2 6316 6314 1434
1 2 1434 5148 6316
1 2 2534 6316 5148
1 2 5148 459 2534
1 2 6316 2534 675
1 2 761 6315 2807
1 2 2533 2807 6315
1 2 6315 675 2533
1 2 2807 2533 81
1 2 402 3672 4190
1 2 6317 4190 3672
1 2 3672 1016 6317
1 2 4190 6317 1166
1 2 1741 6318 6319
1 2 6317 6319 6318
1 2 6318 1166 6317
1 2 6319 6317 1016
1 2 1016 3667 6319
1 2 6320 6319 3667
1 2 3667 549 6320
1 2 6319 6320 1741
1 2 1166 6318 4185
1 2 6321 4185 6318
1 2 6318 1741 6321
1 2 4185 6321 117
1 2 276 6312 6323
1 2 6322 6323 6312
1 2 6312 1739 6322
1 2 6323 6322 1742
1 2 1346 6324 6325
1 2 6322 6325 6324
1 2 6324 1742 6322
1 2 6325 6322 1739
1 2 1739 6307 6325
1 2 4821 6325 6307
1 2 6307 144 4821
1 2 6325 4821 1346
1 2 1742 6324 6326
1 2 4826 6326 6324
1 2 6324 1346 4826
1 2 6326 4826 371
1 2 421 6327 5301
1 2 6328 5301 6327
1 2 6327 1743 6328
1 2 5301 6328 1477
1 2 1744 6329 6330
1 2 6328 6330 6329
1 2 6329 1477 6328
1 2 6330 6328 1743
1 2 1743 6331 6330
1 2 6332 6330 6331
1 2 6331 548 6332
1 2 6330 6332 1744
1 2 1477 6329 5298
1 2 6333 5298 6329
1 2 6329 1744 6333
1 2 5298 6333 255
1 2 432 4390 6335
1 2 6334 6335 4390
1 2 4390 1224 6334
1 2 6335 6334 1745
1 2 1104 6336 6337
1 2 6334 6337 6336
1 2 6336 1745 6334
1 2 6337 6334 1224
1 2 1224 4389 6337
1 2 3974 6337 4389
1 2 4389 82 3974
1 2 6337 3974 1104
1 2 1745 6336 6338
1 2 3973 6338 6336
1 2 6336 1104 3973
1 2 6338 3973 313
1 2 97 6116 3187
1 2 6339 3187 6116
1 2 6116 1688 6339
1 2 3187 6339 873
1 2 1746 6340 6341
1 2 6339 6341 6340
1 2 6340 873 6339
1 2 6341 6339 1688
1 2 1688 6112 6341
1 2 6342 6341 6112
1 2 6112 300 6342
1 2 6341 6342 1746
1 2 873 6340 3182
1 2 6343 3182 6340
1 2 6340 1746 6343
1 2 3182 6343 379
1 2 161 4858 4059
1 2 6344 4059 4858
1 2 4858 1356 6344
1 2 4059 6344 1129
1 2 1747 6345 6346
1 2 6344 6346 6345
1 2 6345 1129 6344
1 2 6346 6344 1356
1 2 1356 4857 6346
1 2 6347 6346 4857
1 2 4857 271 6347
1 2 6346 6347 1747
1 2 1129 6345 4060
1 2 6348 4060 6345
1 2 6345 1747 6348
1 2 4060 6348 455
1 2 46 6349 3461
1 2 6350 3461 6349
1 2 6349 1748 6350
1 2 3461 6350 953
1 2 1681 6351 6352
1 2 6350 6352 6351
1 2 6351 953 6350
1 2 6352 6350 1748
1 2 1748 6353 6352
1 2 6078 6352 6353
1 2 6353 47 6078
1 2 6352 6078 1681
1 2 953 6351 3462
1 2 6084 3462 6351
1 2 6351 1681 6084
1 2 3462 6084 461
1 2 148 6354 6356
1 2 6355 6356 6354
1 2 6354 1749 6355
1 2 6356 6355 1751
1 2 1750 6357 6358
1 2 6355 6358 6357
1 2 6357 1751 6355
1 2 6358 6355 1749
1 2 1749 6359 6358
1 2 6360 6358 6359
1 2 6359 334 6360
1 2 6358 6360 1750
1 2 1751 6357 6362
1 2 6361 6362 6357
1 2 6357 1750 6361
1 2 6362 6361 437
1 2 435 6297 5061
1 2 6363 5061 6297
1 2 6297 1736 6363
1 2 5061 6363 1410
1 2 1291 6364 6365
1 2 6363 6365 6364
1 2 6364 1410 6363
1 2 6365 6363 1736
1 2 1736 6292 6365
1 2 4630 6365 6292
1 2 6292 418 4630
1 2 6365 4630 1291
1 2 1410 6364 5062
1 2 4629 5062 6364
1 2 6364 1291 4629
1 2 5062 4629 154
1 2 285 2711 6367
1 2 6366 6367 2711
1 2 2711 729 6366
1 2 6367 6366 1753
1 2 1752 6368 6369
1 2 6366 6369 6368
1 2 6368 1753 6366
1 2 6369 6366 729
1 2 729 2710 6369
1 2 6370 6369 2710
1 2 2710 141 6370
1 2 6369 6370 1752
1 2 1753 6368 6372
1 2 6371 6372 6368
1 2 6368 1752 6371
1 2 6372 6371 464
1 2 381 4466 5881
1 2 6373 5881 4466
1 2 4466 1247 6373
1 2 5881 6373 1632
1 2 1754 6374 6375
1 2 6373 6375 6374
1 2 6374 1632 6373
1 2 6375 6373 1247
1 2 1247 4472 6375
1 2 6376 6375 4472
1 2 4472 202 6376
1 2 6375 6376 1754
1 2 1632 6374 5878
1 2 6377 5878 6374
1 2 6374 1754 6377
1 2 5878 6377 319
1 2 124 6378 6380
1 2 6379 6380 6378
1 2 6378 1755 6379
1 2 6380 6379 1757
1 2 1756 6381 6382
1 2 6379 6382 6381
1 2 6381 1757 6379
1 2 6382 6379 1755
1 2 1755 6383 6382
1 2 6384 6382 6383
1 2 6383 259 6384
1 2 6382 6384 1756
1 2 1757 6381 6386
1 2 6385 6386 6381
1 2 6381 1756 6385
1 2 6386 6385 495
1 2 259 6383 6388
1 2 6387 6388 6383
1 2 6383 1755 6387
1 2 6388 6387 1758
1 2 815 6389 6390
1 2 6387 6390 6389
1 2 6389 1758 6387
1 2 6390 6387 1755
1 2 1755 6378 6390
1 2 2987 6390 6378
1 2 6378 124 2987
1 2 6390 2987 815
1 2 1758 6389 6391
1 2 2990 6391 6389
1 2 6389 815 2990
1 2 6391 2990 471
1 2 283 6392 6394
1 2 6393 6394 6392
1 2 6392 1759 6393
1 2 6394 6393 1761
1 2 1760 6395 6396
1 2 6393 6396 6395
1 2 6395 1761 6393
1 2 6396 6393 1759
1 2 1759 6397 6396
1 2 6398 6396 6397
1 2 6397 144 6398
1 2 6396 6398 1760
1 2 1761 6395 6400
1 2 6399 6400 6395
1 2 6395 1760 6399
1 2 6400 6399 440
1 2 415 6401 5989
1 2 6402 5989 6401
1 2 6401 1762 6402
1 2 5989 6402 1659
1 2 1683 6403 6404
1 2 6402 6404 6403
1 2 6403 1659 6402
1 2 6404 6402 1762
1 2 1762 6405 6404
1 2 6094 6404 6405
1 2 6405 419 6094
1 2 6404 6094 1683
1 2 1659 6403 5986
1 2 6093 5986 6403
1 2 6403 1683 6093
1 2 5986 6093 258
1 2 550 6162 6407
1 2 6406 6407 6162
1 2 6162 1700 6406
1 2 6407 6406 1763
1 2 1398 6408 6409
1 2 6406 6409 6408
1 2 6408 1763 6406
1 2 6409 6406 1700
1 2 1700 6157 6409
1 2 5018 6409 6157
1 2 6157 557 5018
1 2 6409 5018 1398
1 2 1763 6408 6410
1 2 5017 6410 6408
1 2 6408 1398 5017
1 2 6410 5017 249
1 2 323 4049 6412
1 2 6411 6412 4049
1 2 4049 1128 6411
1 2 6412 6411 1764
1 2 1718 6413 6414
1 2 6411 6414 6413
1 2 6413 1764 6411
1 2 6414 6411 1128
1 2 1128 4054 6414
1 2 6220 6414 4054
1 2 4054 63 6220
1 2 6414 6220 1718
1 2 1764 6413 6415
1 2 6224 6415 6413
1 2 6413 1718 6224
1 2 6415 6224 404
1 2 548 6331 6417
1 2 6416 6417 6331
1 2 6331 1743 6416
1 2 6417 6416 1765
1 2 1206 6418 6419
1 2 6416 6419 6418
1 2 6418 1765 6416
1 2 6419 6416 1743
1 2 1743 6327 6419
1 2 4328 6419 6327
1 2 6327 421 4328
1 2 6419 4328 1206
1 2 1765 6418 6420
1 2 4327 6420 6418
1 2 6418 1206 4327
1 2 6420 4327 115
1 2 308 5373 6234
1 2 6421 6234 5373
1 2 5373 1496 6421
1 2 6234 6421 1720
1 2 706 6422 6423
1 2 6421 6423 6422
1 2 6422 1720 6421
1 2 6423 6421 1496
1 2 1496 5368 6423
1 2 2629 6423 5368
1 2 5368 198 2629
1 2 6423 2629 706
1 2 1720 6422 6235
1 2 2634 6235 6422
1 2 6422 706 2634
1 2 6235 2634 356
1 2 267 5210 6425
1 2 6424 6425 5210
1 2 5210 1451 6424
1 2 6425 6424 1767
1 2 1766 6426 6427
1 2 6424 6427 6426
1 2 6426 1767 6424
1 2 6427 6424 1451
1 2 1451 5206 6427
1 2 6428 6427 5206
1 2 5206 127 6428
1 2 6427 6428 1766
1 2 1767 6426 6430
1 2 6429 6430 6426
1 2 6426 1766 6429
1 2 6430 6429 440
1 2 334 6431 3746
1 2 6432 3746 6431
1 2 6431 1768 6432
1 2 3746 6432 1037
1 2 1769 6433 6434
1 2 6432 6434 6433
1 2 6433 1037 6432
1 2 6434 6432 1768
1 2 1768 6435 6434
1 2 6436 6434 6435
1 2 6435 337 6436
1 2 6434 6436 1769
1 2 1037 6433 3747
1 2 6437 3747 6433
1 2 6433 1769 6437
1 2 3747 6437 158
1 2 334 6359 6431
1 2 6438 6431 6359
1 2 6359 1749 6438
1 2 6431 6438 1768
1 2 810 6439 6440
1 2 6438 6440 6439
1 2 6439 1768 6438
1 2 6440 6438 1749
1 2 1749 6354 6440
1 2 2965 6440 6354
1 2 6354 148 2965
1 2 6440 2965 810
1 2 1768 6439 6435
1 2 2971 6435 6439
1 2 6439 810 2971
1 2 6435 2971 337
1 2 289 5047 6442
1 2 6441 6442 5047
1 2 5047 1405 6441
1 2 6442 6441 1771
1 2 1770 6443 6444
1 2 6441 6444 6443
1 2 6443 1771 6441
1 2 6444 6441 1405
1 2 1405 5042 6444
1 2 6445 6444 5042
1 2 5042 18 6445
1 2 6444 6445 1770
1 2 1771 6443 6447
1 2 6446 6447 6443
1 2 6443 1770 6446
1 2 6447 6446 422
1 2 249 3003 6410
1 2 6448 6410 3003
1 2 3003 818 6448
1 2 6410 6448 1763
1 2 1772 6449 6450
1 2 6448 6450 6449
1 2 6449 1763 6448
1 2 6450 6448 818
1 2 818 3002 6450
1 2 6451 6450 3002
1 2 3002 284 6451
1 2 6450 6451 1772
1 2 1763 6449 6407
1 2 6452 6407 6449
1 2 6449 1772 6452
1 2 6407 6452 550
1 2 102 6252 6454
1 2 6453 6454 6252
1 2 6252 1724 6453
1 2 6454 6453 1773
1 2 1753 6455 6456
1 2 6453 6456 6455
1 2 6455 1773 6453
1 2 6456 6453 1724
1 2 1724 6247 6456
1 2 6367 6456 6247
1 2 6247 285 6367
1 2 6456 6367 1753
1 2 1773 6455 6457
1 2 6372 6457 6455
1 2 6455 1753 6372
1 2 6457 6372 464
1 2 1 6458 4780
1 2 6459 4780 6458
1 2 6458 1774 6459
1 2 4780 6459 1334
1 2 1146 6460 6461
1 2 6459 6461 6460
1 2 6460 1334 6459
1 2 6461 6459 1774
1 2 1774 6462 6461
1 2 4117 6461 6462
1 2 6462 2 4117
1 2 6461 4117 1146
1 2 1334 6460 4781
1 2 4120 4781 6460
1 2 6460 1146 4120
1 2 4781 4120 383
1 2 237 4213 5145
1 2 6463 5145 4213
1 2 4213 1173 6463
1 2 5145 6463 1432
1 2 1775 6464 6465
1 2 6463 6465 6464
1 2 6464 1432 6463
1 2 6465 6463 1173
1 2 1173 4216 6465
1 2 6466 6465 4216
1 2 4216 361 6466
1 2 6465 6466 1775
1 2 1432 6464 5146
1 2 6467 5146 6464
1 2 6464 1775 6467
1 2 5146 6467 457
1 2 283 6468 2648
1 2 6469 2648 6468
1 2 6468 1776 6469
1 2 2648 6469 710
1 2 984 6470 6471
1 2 6469 6471 6470
1 2 6470 710 6469
1 2 6471 6469 1776
1 2 1776 6472 6471
1 2 3562 6471 6472
1 2 6472 127 3562
1 2 6471 3562 984
1 2 710 6470 2649
1 2 3565 2649 6470
1 2 6470 984 3565
1 2 2649 3565 420
1 2 182 6473 6475
1 2 6474 6475 6473
1 2 6473 1777 6474
1 2 6475 6474 1779
1 2 1778 6476 6477
1 2 6474 6477 6476
1 2 6476 1779 6474
1 2 6477 6474 1777
1 2 1777 6478 6477
1 2 6479 6477 6478
1 2 6478 288 6479
1 2 6477 6479 1778
1 2 1779 6476 6481
1 2 6480 6481 6476
1 2 6476 1778 6480
1 2 6481 6480 556
1 2 508 3740 6483
1 2 6482 6483 3740
1 2 3740 1035 6482
1 2 6483 6482 1780
1 2 1525 6484 6485
1 2 6482 6485 6484
1 2 6484 1780 6482
1 2 6485 6482 1035
1 2 1035 3739 6485
1 2 5473 6485 3739
1 2 3739 301 5473
1 2 6485 5473 1525
1 2 1780 6484 6486
1 2 5478 6486 6484
1 2 6484 1525 5478
1 2 6486 5478 187
1 2 193 5853 2256
1 2 6487 2256 5853
1 2 5853 1624 6487
1 2 2256 6487 586
1 2 1726 6488 6489
1 2 6487 6489 6488
1 2 6488 586 6487
1 2 6489 6487 1624
1 2 1624 5849 6489
1 2 6249 6489 5849
1 2 5849 285 6249
1 2 6489 6249 1726
1 2 586 6488 2257
1 2 6255 2257 6488
1 2 6488 1726 6255
1 2 2257 6255 512
1 2 48 6490 6165
1 2 6491 6165 6490
1 2 6490 1781 6491
1 2 6165 6491 1702
1 2 1782 6492 6493
1 2 6491 6493 6492
1 2 6492 1702 6491
1 2 6493 6491 1781
1 2 1781 6494 6493
1 2 6495 6493 6494
1 2 6494 49 6495
1 2 6493 6495 1782
1 2 1702 6492 6159
1 2 6496 6159 6492
1 2 6492 1782 6496
1 2 6159 6496 557
1 2 14 6497 6499
1 2 6498 6499 6497
1 2 6497 1783 6498
1 2 6499 6498 1784
1 2 1640 6500 6501
1 2 6498 6501 6500
1 2 6500 1784 6498
1 2 6501 6498 1783
1 2 1783 6502 6501
1 2 5912 6501 6502
1 2 6502 15 5912
1 2 6501 5912 1640
1 2 1784 6500 6503
1 2 5915 6503 6500
1 2 6500 1640 5915
1 2 6503 5915 400
1 2 272 4449 6505
1 2 6504 6505 4449
1 2 4449 1241 6504
1 2 6505 6504 1786
1 2 1785 6506 6507
1 2 6504 6507 6506
1 2 6506 1786 6504
1 2 6507 6504 1241
1 2 1241 4454 6507
1 2 6508 6507 4454
1 2 4454 179 6508
1 2 6507 6508 1785
1 2 1786 6506 6510
1 2 6509 6510 6506
1 2 6506 1785 6509
1 2 6510 6509 542
1 2 87 2868 6512
1 2 6511 6512 2868
1 2 2868 778 6511
1 2 6512 6511 1787
1 2 1284 6513 6514
1 2 6511 6514 6513
1 2 6513 1787 6511
1 2 6514 6511 778
1 2 778 2867 6514
1 2 4599 6514 2867
1 2 2867 275 4599
1 2 6514 4599 1284
1 2 1787 6513 6515
1 2 4603 6515 6513
1 2 6513 1284 4603
1 2 6515 4603 469
1 2 405 5814 6517
1 2 6516 6517 5814
1 2 5814 1615 6516
1 2 6517 6516 1788
1 2 820 6518 6519
1 2 6516 6519 6518
1 2 6518 1788 6516
1 2 6519 6516 1615
1 2 1615 5817 6519
1 2 3010 6519 5817
1 2 5817 396 3010
1 2 6519 3010 820
1 2 1788 6518 6520
1 2 3009 6520 6518
1 2 6518 820 3009
1 2 6520 3009 200
1 2 126 6521 5963
1 2 6522 5963 6521
1 2 6521 1789 6522
1 2 5963 6522 1652
1 2 1790 6523 6524
1 2 6522 6524 6523
1 2 6523 1652 6522
1 2 6524 6522 1789
1 2 1789 6525 6524
1 2 6526 6524 6525
1 2 6525 271 6526
1 2 6524 6526 1790
1 2 1652 6523 5964
1 2 6527 5964 6523
1 2 6523 1790 6527
1 2 5964 6527 528
1 2 297 5406 6529
1 2 6528 6529 5406
1 2 5406 1505 6528
1 2 6529 6528 1792
1 2 1791 6530 6531
1 2 6528 6531 6530
1 2 6530 1792 6528
1 2 6531 6528 1505
1 2 1505 5401 6531
1 2 6532 6531 5401
1 2 5401 51 6532
1 2 6531 6532 1791
1 2 1792 6530 6534
1 2 6533 6534 6530
1 2 6530 1791 6533
1 2 6534 6533 434
1 2 168 6535 6537
1 2 6536 6537 6535
1 2 6535 1793 6536
1 2 6537 6536 1794
1 2 1771 6538 6539
1 2 6536 6539 6538
1 2 6538 1794 6536
1 2 6539 6536 1793
1 2 1793 6540 6539
1 2 6442 6539 6540
1 2 6540 289 6442
1 2 6539 6442 1771
1 2 1794 6538 6541
1 2 6447 6541 6538
1 2 6538 1771 6447
1 2 6541 6447 422
1 2 564 5970 6217
1 2 6542 6217 5970
1 2 5970 1654 6542
1 2 6217 6542 1716
1 2 1795 6543 6544
1 2 6542 6544 6543
1 2 6543 1716 6542
1 2 6544 6542 1654
1 2 1654 5966 6544
1 2 6545 6544 5966
1 2 5966 455 6545
1 2 6544 6545 1795
1 2 1716 6543 6212
1 2 6546 6212 6543
1 2 6543 1795 6546
1 2 6212 6546 126
1 2 197 6547 6549
1 2 6548 6549 6547
1 2 6547 1796 6548
1 2 6549 6548 1798
1 2 1797 6550 6551
1 2 6548 6551 6550
1 2 6550 1798 6548
1 2 6551 6548 1796
1 2 1796 6552 6551
1 2 6553 6551 6552
1 2 6552 482 6553
1 2 6551 6553 1797
1 2 1798 6550 6555
1 2 6554 6555 6550
1 2 6550 1797 6554
1 2 6555 6554 502
1 2 127 6472 6428
1 2 6556 6428 6472
1 2 6472 1776 6556
1 2 6428 6556 1766
1 2 1761 6557 6558
1 2 6556 6558 6557
1 2 6557 1766 6556
1 2 6558 6556 1776
1 2 1776 6468 6558
1 2 6394 6558 6468
1 2 6468 283 6394
1 2 6558 6394 1761
1 2 1766 6557 6429
1 2 6400 6429 6557
1 2 6557 1761 6400
1 2 6429 6400 440
1 2 70 5887 6560
1 2 6559 6560 5887
1 2 5887 1635 6559
1 2 6560 6559 1800
1 2 1799 6561 6562
1 2 6559 6562 6561
1 2 6561 1800 6559
1 2 6562 6559 1635
1 2 1635 5893 6562
1 2 6563 6562 5893
1 2 5893 293 6563
1 2 6562 6563 1799
1 2 1800 6561 6565
1 2 6564 6565 6561
1 2 6561 1799 6564
1 2 6565 6564 539
1 2 418 6566 5510
1 2 6567 5510 6566
1 2 6566 1801 6567
1 2 5510 6567 1534
1 2 1802 6568 6569
1 2 6567 6569 6568
1 2 6568 1534 6567
1 2 6569 6567 1801
1 2 1801 6570 6569
1 2 6571 6569 6570
1 2 6570 89 6571
1 2 6569 6571 1802
1 2 1534 6568 5511
1 2 6572 5511 6568
1 2 6568 1802 6572
1 2 5511 6572 540
1 2 322 4382 6574
1 2 6573 6574 4382
1 2 4382 1221 6573
1 2 6574 6573 1803
1 2 1721 6575 6576
1 2 6573 6576 6575
1 2 6575 1803 6573
1 2 6576 6573 1221
1 2 1221 4377 6576
1 2 6230 6576 4377
1 2 4377 152 6230
1 2 6576 6230 1721
1 2 1803 6575 6577
1 2 6236 6577 6575
1 2 6575 1721 6236
1 2 6577 6236 356
1 2 271 6525 6347
1 2 6578 6347 6525
1 2 6525 1789 6578
1 2 6347 6578 1747
1 2 1795 6579 6580
1 2 6578 6580 6579
1 2 6579 1747 6578
1 2 6580 6578 1789
1 2 1789 6521 6580
1 2 6546 6580 6521
1 2 6521 126 6546
1 2 6580 6546 1795
1 2 1747 6579 6348
1 2 6545 6348 6579
1 2 6579 1795 6545
1 2 6348 6545 455
1 2 54 2727 6582
1 2 6581 6582 2727
1 2 2727 734 6581
1 2 6582 6581 1804
1 2 875 6583 6584
1 2 6581 6584 6583
1 2 6583 1804 6581
1 2 6584 6581 734
1 2 734 2726 6584
1 2 3189 6584 2726
1 2 2726 279 3189
1 2 6584 3189 875
1 2 1804 6583 6585
1 2 3194 6585 6583
1 2 6583 875 3194
1 2 6585 3194 497
1 2 454 6275 6587
1 2 6586 6587 6275
1 2 6275 1730 6586
1 2 6587 6586 1805
1 2 1260 6588 6589
1 2 6586 6589 6588
1 2 6588 1805 6586
1 2 6589 6586 1730
1 2 1730 6271 6589
1 2 4515 6589 6271
1 2 6271 139 4515
1 2 6589 4515 1260
1 2 1805 6588 6590
1 2 4519 6590 6588
1 2 6588 1260 4519
1 2 6590 4519 333
1 2 68 6591 6593
1 2 6592 6593 6591
1 2 6591 1806 6592
1 2 6593 6592 1808
1 2 1807 6594 6595
1 2 6592 6595 6594
1 2 6594 1808 6592
1 2 6595 6592 1806
1 2 1806 6596 6595
1 2 6597 6595 6596
1 2 6596 69 6597
1 2 6595 6597 1807
1 2 1808 6594 6599
1 2 6598 6599 6594
1 2 6594 1807 6598
1 2 6599 6598 463
1 2 364 2530 5315
1 2 6600 5315 2530
1 2 2530 676 6600
1 2 5315 6600 1481
1 2 1809 6601 6602
1 2 6600 6602 6601
1 2 6601 1481 6600
1 2 6602 6600 676
1 2 676 2535 6602
1 2 6603 6602 2535
1 2 2535 459 6603
1 2 6602 6603 1809
1 2 1481 6601 5311
1 2 6604 5311 6601
1 2 6601 1809 6604
1 2 5311 6604 170
1 2 269 3359 6606
1 2 6605 6606 3359
1 2 3359 924 6605
1 2 6606 6605 1811
1 2 1810 6607 6608
1 2 6605 6608 6607
1 2 6607 1811 6605
1 2 6608 6605 924
1 2 924 3358 6608
1 2 6609 6608 3358
1 2 3358 201 6609
1 2 6608 6609 1810
1 2 1811 6607 6611
1 2 6610 6611 6607
1 2 6607 1810 6610
1 2 6611 6610 572
1 2 459 5150 6613
1 2 6612 6613 5150
1 2 5150 1436 6612
1 2 6613 6612 1813
1 2 1812 6614 6615
1 2 6612 6615 6614
1 2 6614 1813 6612
1 2 6615 6612 1436
1 2 1436 5156 6615
1 2 6616 6615 5156
1 2 5156 204 6616
1 2 6615 6616 1812
1 2 1813 6614 6618
1 2 6617 6618 6614
1 2 6614 1812 6617
1 2 6618 6617 370
1 2 308 6233 6620
1 2 6619 6620 6233
1 2 6233 1719 6619
1 2 6620 6619 1814
1 2 1657 6621 6622
1 2 6619 6622 6621
1 2 6621 1814 6619
1 2 6622 6619 1719
1 2 1719 6228 6622
1 2 5974 6622 6228
1 2 6228 152 5974
1 2 6622 5974 1657
1 2 1814 6621 6623
1 2 5979 6623 6621
1 2 6621 1657 5979
1 2 6623 5979 387
1 2 271 5451 6526
1 2 6624 6526 5451
1 2 5451 1520 6624
1 2 6526 6624 1790
1 2 1815 6625 6626
1 2 6624 6626 6625
1 2 6625 1790 6624
1 2 6626 6624 1520
1 2 1520 5456 6626
1 2 6627 6626 5456
1 2 5456 183 6627
1 2 6626 6627 1815
1 2 1790 6625 6527
1 2 6628 6527 6625
1 2 6625 1815 6628
1 2 6527 6628 528
1 2 462 3081 6630
1 2 6629 6630 3081
1 2 3081 841 6629
1 2 6630 6629 1817
1 2 1816 6631 6632
1 2 6629 6632 6631
1 2 6631 1817 6629
1 2 6632 6629 841
1 2 841 3080 6632
1 2 6633 6632 3080
1 2 3080 11 6633
1 2 6632 6633 1816
1 2 1817 6631 6635
1 2 6634 6635 6631
1 2 6631 1816 6634
1 2 6635 6634 12
1 2 274 4219 6637
1 2 6636 6637 4219
1 2 4219 1176 6636
1 2 6637 6636 1819
1 2 1818 6638 6639
1 2 6636 6639 6638
1 2 6638 1819 6636
1 2 6639 6636 1176
1 2 1176 4225 6639
1 2 6640 6639 4225
1 2 4225 114 6640
1 2 6639 6640 1818
1 2 1819 6638 6642
1 2 6641 6642 6638
1 2 6638 1818 6641
1 2 6642 6641 527
1 2 104 6643 2632
1 2 6644 2632 6643
1 2 6643 1820 6644
1 2 2632 6644 705
1 2 1803 6645 6646
1 2 6644 6646 6645
1 2 6645 705 6644
1 2 6646 6644 1820
1 2 1820 6647 6646
1 2 6574 6646 6647
1 2 6647 322 6574
1 2 6646 6574 1803
1 2 705 6645 2633
1 2 6577 2633 6645
1 2 6645 1803 6577
1 2 2633 6577 356
1 2 164 5898 5847
1 2 6648 5847 5898
1 2 5898 1636 6648
1 2 5847 6648 1623
1 2 1792 6649 6650
1 2 6648 6650 6649
1 2 6649 1623 6648
1 2 6650 6648 1636
1 2 1636 5894 6650
1 2 6529 6650 5894
1 2 5894 297 6529
1 2 6650 6529 1792
1 2 1623 6649 5848
1 2 6534 5848 6649
1 2 6649 1792 6534
1 2 5848 6534 434
1 2 65 6651 5334
1 2 6652 5334 6651
1 2 6651 1821 6652
1 2 5334 6652 1486
1 2 1822 6653 6654
1 2 6652 6654 6653
1 2 6653 1486 6652
1 2 6654 6652 1821
1 2 1821 6655 6654
1 2 6656 6654 6655
1 2 6655 66 6656
1 2 6654 6656 1822
1 2 1486 6653 5335
1 2 6657 5335 6653
1 2 6653 1822 6657
1 2 5335 6657 406
1 2 17 5049 6659
1 2 6658 6659 5049
1 2 5049 1406 6658
1 2 6659 6658 1824
1 2 1823 6660 6661
1 2 6658 6661 6660
1 2 6660 1824 6658
1 2 6661 6658 1406
1 2 1406 5048 6661
1 2 6662 6661 5048
1 2 5048 289 6662
1 2 6661 6662 1823
1 2 1824 6660 6664
1 2 6663 6664 6660
1 2 6660 1823 6663
1 2 6664 6663 453
1 2 179 6665 3898
1 2 6666 3898 6665
1 2 6665 1825 6666
1 2 3898 6666 1083
1 2 1826 6667 6668
1 2 6666 6668 6667
1 2 6667 1083 6666
1 2 6668 6666 1825
1 2 1825 6669 6668
1 2 6670 6668 6669
1 2 6669 289 6670
1 2 6668 6670 1826
1 2 1083 6667 3892
1 2 6671 3892 6667
1 2 6667 1826 6671
1 2 3892 6671 369
1 2 300 6672 6342
1 2 6673 6342 6672
1 2 6672 1827 6673
1 2 6342 6673 1746
1 2 1185 6674 6675
1 2 6673 6675 6674
1 2 6674 1746 6673
1 2 6675 6673 1827
1 2 1827 6676 6675
1 2 4259 6675 6676
1 2 6676 172 4259
1 2 6675 4259 1185
1 2 1746 6674 6343
1 2 4258 6343 6674
1 2 6674 1185 4258
1 2 6343 4258 379
1 2 282 6677 5388
1 2 6678 5388 6677
1 2 6677 1828 6678
1 2 5388 6678 1501
1 2 1704 6679 6680
1 2 6678 6680 6679
1 2 6679 1501 6678
1 2 6680 6678 1828
1 2 1828 6681 6680
1 2 6168 6680 6681
1 2 6681 159 6168
1 2 6680 6168 1704
1 2 1501 6679 5384
1 2 6172 5384 6679
1 2 6679 1704 6172
1 2 5384 6172 448
1 2 316 4725 5615
1 2 6682 5615 4725
1 2 4725 1319 6682
1 2 5615 6682 1562
1 2 1829 6683 6684
1 2 6682 6684 6683
1 2 6683 1562 6682
1 2 6684 6682 1319
1 2 1319 4730 6684
1 2 6685 6684 4730
1 2 4730 537 6685
1 2 6684 6685 1829
1 2 1562 6683 5609
1 2 6686 5609 6683
1 2 6683 1829 6686
1 2 5609 6686 67
1 2 289 6669 6662
1 2 6687 6662 6669
1 2 6669 1825 6687
1 2 6662 6687 1823
1 2 1240 6688 6689
1 2 6687 6689 6688
1 2 6688 1823 6687
1 2 6689 6687 1825
1 2 1825 6665 6689
1 2 4453 6689 6665
1 2 6665 179 4453
1 2 6689 4453 1240
1 2 1823 6688 6663
1 2 4452 6663 6688
1 2 6688 1240 4452
1 2 6663 4452 453
1 2 69 6690 6692
1 2 6691 6692 6690
1 2 6690 1830 6691
1 2 6692 6691 1831
1 2 1800 6693 6694
1 2 6691 6694 6693
1 2 6693 1831 6691
1 2 6694 6691 1830
1 2 1830 6695 6694
1 2 6560 6694 6695
1 2 6695 70 6560
1 2 6694 6560 1800
1 2 1831 6693 6696
1 2 6565 6696 6693
1 2 6693 1800 6565
1 2 6696 6565 539
1 2 289 6540 6670
1 2 6697 6670 6540
1 2 6540 1793 6697
1 2 6670 6697 1826
1 2 1832 6698 6699
1 2 6697 6699 6698
1 2 6698 1826 6697
1 2 6699 6697 1793
1 2 1793 6535 6699
1 2 6700 6699 6535
1 2 6535 168 6700
1 2 6699 6700 1832
1 2 1826 6698 6671
1 2 6701 6671 6698
1 2 6698 1832 6701
1 2 6671 6701 369
1 2 477 6702 3928
1 2 6703 3928 6702
1 2 6702 1833 6703
1 2 3928 6703 1092
1 2 1425 6704 6705
1 2 6703 6705 6704
1 2 6704 1092 6703
1 2 6705 6703 1833
1 2 1833 6706 6705
1 2 5120 6705 6706
1 2 6706 441 5120
1 2 6705 5120 1425
1 2 1092 6704 3923
1 2 5119 3923 6704
1 2 6704 1425 5119
1 2 3923 5119 90
1 2 515 4403 6708
1 2 6707 6708 4403
1 2 4403 1227 6707
1 2 6708 6707 1834
1 2 1614 6709 6710
1 2 6707 6710 6709
1 2 6709 1834 6707
1 2 6710 6707 1227
1 2 1227 4402 6710
1 2 5807 6710 4402
1 2 4402 389 5807
1 2 6710 5807 1614
1 2 1834 6709 6711
1 2 5812 6711 6709
1 2 6709 1614 5812
1 2 6711 5812 108
1 2 419 6405 4491
1 2 6712 4491 6405
1 2 6405 1762 6712
1 2 4491 6712 1252
1 2 1377 6713 6714
1 2 6712 6714 6713
1 2 6713 1252 6712
1 2 6714 6712 1762
1 2 1762 6401 6714
1 2 4936 6714 6401
1 2 6401 415 4936
1 2 6714 4936 1377
1 2 1252 6713 4492
1 2 4935 4492 6713
1 2 6713 1377 4935
1 2 4492 4935 153
1 2 318 5729 6716
1 2 6715 6716 5729
1 2 5729 1592 6715
1 2 6716 6715 1836
1 2 1835 6717 6718
1 2 6715 6718 6717
1 2 6717 1836 6715
1 2 6718 6715 1592
1 2 1592 5728 6718
1 2 6719 6718 5728
1 2 5728 4 6719
1 2 6718 6719 1835
1 2 1836 6717 6721
1 2 6720 6721 6717
1 2 6717 1835 6720
1 2 6721 6720 456
1 2 278 4443 6723
1 2 6722 6723 4443
1 2 4443 1239 6722
1 2 6723 6722 1837
1 2 1547 6724 6725
1 2 6722 6725 6724
1 2 6724 1837 6722
1 2 6725 6722 1239
1 2 1239 4447 6725
1 2 5556 6725 4447
1 2 4447 151 5556
1 2 6725 5556 1547
1 2 1837 6724 6726
1 2 5561 6726 6724
1 2 6724 1547 5561
1 2 6726 5561 465
1 2 283 2831 6728
1 2 6727 6728 2831
1 2 2831 768 6727
1 2 6728 6727 1839
1 2 1838 6729 6730
1 2 6727 6730 6729
1 2 6729 1839 6727
1 2 6730 6727 768
1 2 768 2836 6730
1 2 6731 6730 2836
1 2 2836 95 6731
1 2 6730 6731 1838
1 2 1839 6729 6733
1 2 6732 6733 6729
1 2 6729 1838 6732
1 2 6733 6732 401
1 2 144 6397 4283
1 2 6734 4283 6397
1 2 6397 1759 6734
1 2 4283 6734 1193
1 2 1839 6735 6736
1 2 6734 6736 6735
1 2 6735 1193 6734
1 2 6736 6734 1759
1 2 1759 6392 6736
1 2 6728 6736 6392
1 2 6392 283 6728
1 2 6736 6728 1839
1 2 1193 6735 4284
1 2 6733 4284 6735
1 2 6735 1839 6733
1 2 4284 6733 401
1 2 159 6681 5741
1 2 6737 5741 6681
1 2 6681 1828 6737
1 2 5741 6737 1595
1 2 1840 6738 6739
1 2 6737 6739 6738
1 2 6738 1595 6737
1 2 6739 6737 1828
1 2 1828 6677 6739
1 2 6740 6739 6677
1 2 6677 282 6740
1 2 6739 6740 1840
1 2 1595 6738 5742
1 2 6741 5742 6738
1 2 6738 1840 6741
1 2 5742 6741 475
1 2 489 6742 6744
1 2 6743 6744 6742
1 2 6742 1841 6743
1 2 6744 6743 1842
1 2 1751 6745 6746
1 2 6743 6746 6745
1 2 6745 1842 6743
1 2 6746 6743 1841
1 2 1841 6747 6746
1 2 6356 6746 6747
1 2 6747 148 6356
1 2 6746 6356 1751
1 2 1842 6745 6748
1 2 6362 6748 6745
1 2 6745 1751 6362
1 2 6748 6362 437
1 2 322 6647 5462
1 2 6749 5462 6647
1 2 6647 1820 6749
1 2 5462 6749 1522
1 2 1843 6750 6751
1 2 6749 6751 6750
1 2 6750 1522 6749
1 2 6751 6749 1820
1 2 1820 6643 6751
1 2 6752 6751 6643
1 2 6643 104 6752
1 2 6751 6752 1843
1 2 1522 6750 5466
1 2 6753 5466 6750
1 2 6750 1843 6753
1 2 5466 6753 551
1 2 182 4156 6755
1 2 6754 6755 4156
1 2 4156 1156 6754
1 2 6755 6754 1844
1 2 1819 6756 6757
1 2 6754 6757 6756
1 2 6756 1844 6754
1 2 6757 6754 1156
1 2 1156 4155 6757
1 2 6637 6757 4155
1 2 4155 274 6637
1 2 6757 6637 1819
1 2 1844 6756 6758
1 2 6642 6758 6756
1 2 6756 1819 6642
1 2 6758 6642 527
1 2 397 3023 5485
1 2 6759 5485 3023
1 2 3023 824 6759
1 2 5485 6759 1527
1 2 1845 6760 6761
1 2 6759 6761 6760
1 2 6760 1527 6759
1 2 6761 6759 824
1 2 824 3022 6761
1 2 6762 6761 3022
1 2 3022 473 6762
1 2 6761 6762 1845
1 2 1527 6760 5481
1 2 6763 5481 6760
1 2 6760 1845 6763
1 2 5481 6763 111
1 2 302 6764 6766
1 2 6765 6766 6764
1 2 6764 1846 6765
1 2 6766 6765 1847
1 2 1181 6767 6768
1 2 6765 6768 6767
1 2 6767 1847 6765
1 2 6768 6765 1846
1 2 1846 6769 6768
1 2 4241 6768 6769
1 2 6769 146 4241
1 2 6768 4241 1181
1 2 1847 6767 6770
1 2 4244 6770 6767
1 2 6767 1181 4244
1 2 6770 4244 534
1 2 552 5321 6772
1 2 6771 6772 5321
1 2 5321 1482 6771
1 2 6772 6771 1848
1 2 1599 6773 6774
1 2 6771 6774 6773
1 2 6773 1848 6771
1 2 6774 6771 1482
1 2 1482 5320 6774
1 2 5756 6774 5320
1 2 5320 321 5756
1 2 6774 5756 1599
1 2 1848 6773 6775
1 2 5755 6775 6773
1 2 6773 1599 5755
1 2 6775 5755 13
1 2 134 6139 5774
1 2 6776 5774 6139
1 2 6139 1693 6776
1 2 5774 6776 1603
1 2 1135 6777 6778
1 2 6776 6778 6777
1 2 6777 1603 6776
1 2 6778 6776 1693
1 2 1693 6134 6778
1 2 4080 6778 6134
1 2 6134 277 4080
1 2 6778 4080 1135
1 2 1603 6777 5775
1 2 4079 5775 6777
1 2 6777 1135 4079
1 2 5775 4079 474
1 2 142 2860 6780
1 2 6779 6780 2860
1 2 2860 775 6779
1 2 6780 6779 1849
1 2 1422 6781 6782
1 2 6779 6782 6781
1 2 6781 1849 6779
1 2 6782 6779 775
1 2 775 2859 6782
1 2 5103 6782 2859
1 2 2859 280 5103
1 2 6782 5103 1422
1 2 1849 6781 6783
1 2 5107 6783 6781
1 2 6781 1422 5107
1 2 6783 5107 413
1 2 441 6706 6785
1 2 6784 6785 6706
1 2 6706 1833 6784
1 2 6785 6784 1851
1 2 1850 6786 6787
1 2 6784 6787 6786
1 2 6786 1851 6784
1 2 6787 6784 1833
1 2 1833 6702 6787
1 2 6788 6787 6702
1 2 6702 477 6788
1 2 6787 6788 1850
1 2 1851 6786 6790
1 2 6789 6790 6786
1 2 6786 1850 6789
1 2 6790 6789 253
1 2 287 3574 6792
1 2 6791 6792 3574
1 2 3574 988 6791
1 2 6792 6791 1853
1 2 1852 6793 6794
1 2 6791 6794 6793
1 2 6793 1853 6791
1 2 6794 6791 988
1 2 988 3579 6794
1 2 6795 6794 3579
1 2 3579 185 6795
1 2 6794 6795 1852
1 2 1853 6793 6797
1 2 6796 6797 6793
1 2 6793 1852 6796
1 2 6797 6796 541
1 2 238 5237 4890
1 2 6798 4890 5237
1 2 5237 1461 6798
1 2 4890 6798 1365
1 2 1854 6799 6800
1 2 6798 6800 6799
1 2 6799 1365 6798
1 2 6800 6798 1461
1 2 1461 5242 6800
1 2 6801 6800 5242
1 2 5242 562 6801
1 2 6800 6801 1854
1 2 1365 6799 4891
1 2 6802 4891 6799
1 2 6799 1854 6802
1 2 4891 6802 355
1 2 100 6803 3539
1 2 6804 3539 6803
1 2 6803 1855 6804
1 2 3539 6804 977
1 2 1282 6805 6806
1 2 6804 6806 6805
1 2 6805 977 6804
1 2 6806 6804 1855
1 2 1855 6807 6806
1 2 4591 6806 6807
1 2 6807 299 4591
1 2 6806 4591 1282
1 2 977 6805 3533
1 2 4596 3533 6805
1 2 6805 1282 4596
1 2 3533 4596 378
1 2 353 5255 6809
1 2 6808 6809 5255
1 2 5255 1464 6808
1 2 6809 6808 1856
1 2 1478 6810 6811
1 2 6808 6811 6810
1 2 6810 1856 6808
1 2 6811 6808 1464
1 2 1464 5250 6811
1 2 5307 6811 5250
1 2 5250 30 5307
1 2 6811 5307 1478
1 2 1856 6810 6812
1 2 5306 6812 6810
1 2 6810 1478 5306
1 2 6812 5306 436
1 2 168 6813 6815
1 2 6814 6815 6813
1 2 6813 1857 6814
1 2 6815 6814 1859
1 2 1858 6816 6817
1 2 6814 6817 6816
1 2 6816 1859 6814
1 2 6817 6814 1857
1 2 1857 6818 6817
1 2 6819 6817 6818
1 2 6818 329 6819
1 2 6817 6819 1858
1 2 1859 6816 6821
1 2 6820 6821 6816
1 2 6816 1858 6820
1 2 6821 6820 519
1 2 50 5408 6823
1 2 6822 6823 5408
1 2 5408 1506 6822
1 2 6823 6822 1860
1 2 1648 6824 6825
1 2 6822 6825 6824
1 2 6824 1860 6822
1 2 6825 6822 1506
1 2 1506 5407 6825
1 2 5941 6825 5407
1 2 5407 297 5941
1 2 6825 5941 1648
1 2 1860 6824 6826
1 2 5946 6826 6824
1 2 6824 1648 5946
1 2 6826 5946 438
1 2 41 6827 6266
1 2 6828 6266 6827
1 2 6827 1861 6828
1 2 6266 6828 1729
1 2 1862 6829 6830
1 2 6828 6830 6829
1 2 6829 1729 6828
1 2 6830 6828 1861
1 2 1861 6831 6830
1 2 6832 6830 6831
1 2 6831 42 6832
1 2 6830 6832 1862
1 2 1729 6829 6267
1 2 6833 6267 6829
1 2 6829 1862 6833
1 2 6267 6833 387
1 2 183 6834 6836
1 2 6835 6836 6834
1 2 6834 1863 6835
1 2 6836 6835 1865
1 2 1864 6837 6838
1 2 6835 6838 6837
1 2 6837 1865 6835
1 2 6838 6835 1863
1 2 1863 6839 6838
1 2 6840 6838 6839
1 2 6839 299 6840
1 2 6838 6840 1864
1 2 1865 6837 6842
1 2 6841 6842 6837
1 2 6837 1864 6841
1 2 6842 6841 449
1 2 357 6843 6845
1 2 6844 6845 6843
1 2 6843 1866 6844
1 2 6845 6844 1867
1 2 1395 6846 6847
1 2 6844 6847 6846
1 2 6846 1867 6844
1 2 6847 6844 1866
1 2 1866 6848 6847
1 2 5006 6847 6848
1 2 6848 412 5006
1 2 6847 5006 1395
1 2 1867 6846 6849
1 2 5005 6849 6846
1 2 6846 1395 5005
1 2 6849 5005 174
1 2 572 6850 6611
1 2 6851 6611 6850
1 2 6850 1868 6851
1 2 6611 6851 1811
1 2 1869 6852 6853
1 2 6851 6853 6852
1 2 6852 1811 6851
1 2 6853 6851 1868
1 2 1868 6854 6853
1 2 6855 6853 6854
1 2 6854 573 6855
1 2 6853 6855 1869
1 2 1811 6852 6606
1 2 6856 6606 6852
1 2 6852 1869 6856
1 2 6606 6856 269
1 2 333 3648 6590
1 2 6857 6590 3648
1 2 3648 1009 6857
1 2 6590 6857 1805
1 2 1314 6858 6859
1 2 6857 6859 6858
1 2 6858 1805 6857
1 2 6859 6857 1009
1 2 1009 3647 6859
1 2 4711 6859 3647
1 2 3647 220 4711
1 2 6859 4711 1314
1 2 1805 6858 6587
1 2 4710 6587 6858
1 2 6858 1314 4710
1 2 6587 4710 454
1 2 291 3654 3127
1 2 6860 3127 3654
1 2 3654 1010 6860
1 2 3127 6860 855
1 2 1870 6861 6862
1 2 6860 6862 6861
1 2 6861 855 6860
1 2 6862 6860 1010
1 2 1010 3649 6862
1 2 6863 6862 3649
1 2 3649 77 6863
1 2 6862 6863 1870
1 2 855 6861 3122
1 2 6864 3122 6861
1 2 6861 1870 6864
1 2 3122 6864 427
1 2 489 6865 6867
1 2 6866 6867 6865
1 2 6865 1871 6866
1 2 6867 6866 1873
1 2 1872 6868 6869
1 2 6866 6869 6868
1 2 6868 1873 6866
1 2 6869 6866 1871
1 2 1871 6870 6869
1 2 6871 6869 6870
1 2 6870 478 6871
1 2 6869 6871 1872
1 2 1873 6868 6873
1 2 6872 6873 6868
1 2 6868 1872 6872
1 2 6873 6872 230
1 2 57 6874 6876
1 2 6875 6876 6874
1 2 6874 1874 6875
1 2 6876 6875 1876
1 2 1875 6877 6878
1 2 6875 6878 6877
1 2 6877 1876 6875
1 2 6878 6875 1874
1 2 1874 6879 6878
1 2 6880 6878 6879
1 2 6879 58 6880
1 2 6878 6880 1875
1 2 1876 6877 6882
1 2 6881 6882 6877
1 2 6877 1875 6881
1 2 6882 6881 375
1 2 61 6883 4767
1 2 6884 4767 6883
1 2 6883 1877 6884
1 2 4767 6884 1330
1 2 1030 6885 6886
1 2 6884 6886 6885
1 2 6885 1330 6884
1 2 6886 6884 1877
1 2 1877 6887 6886
1 2 3711 6886 6887
1 2 6887 62 3711
1 2 6886 3711 1030
1 2 1330 6885 4768
1 2 3717 4768 6885
1 2 6885 1030 3717
1 2 4768 3717 391
1 2 95 4573 6889
1 2 6888 6889 4573
1 2 4573 1275 6888
1 2 6889 6888 1879
1 2 1878 6890 6891
1 2 6888 6891 6890
1 2 6890 1879 6888
1 2 6891 6888 1275
1 2 1275 4572 6891
1 2 6892 6891 4572
1 2 4572 278 6892
1 2 6891 6892 1878
1 2 1879 6890 6894
1 2 6893 6894 6890
1 2 6890 1878 6893
1 2 6894 6893 555
1 2 42 5173 6832
1 2 6895 6832 5173
1 2 5173 1443 6895
1 2 6832 6895 1862
1 2 1814 6896 6897
1 2 6895 6897 6896
1 2 6896 1862 6895
1 2 6897 6895 1443
1 2 1443 5179 6897
1 2 6620 6897 5179
1 2 5179 308 6620
1 2 6897 6620 1814
1 2 1862 6896 6833
1 2 6623 6833 6896
1 2 6896 1814 6623
1 2 6833 6623 387
1 2 213 6898 6900
1 2 6899 6900 6898
1 2 6898 1880 6899
1 2 6900 6899 1881
1 2 1698 6901 6902
1 2 6899 6902 6901
1 2 6901 1881 6899
1 2 6902 6899 1880
1 2 1880 6903 6902
1 2 6155 6902 6903
1 2 6903 326 6155
1 2 6902 6155 1698
1 2 1881 6901 6904
1 2 6150 6904 6901
1 2 6901 1698 6150
1 2 6904 6150 538
1 2 412 6848 5634
1 2 6905 5634 6848
1 2 6848 1866 6905
1 2 5634 6905 1567
1 2 1882 6906 6907
1 2 6905 6907 6906
1 2 6906 1567 6905
1 2 6907 6905 1866
1 2 1866 6843 6907
1 2 6908 6907 6843
1 2 6843 357 6908
1 2 6907 6908 1882
1 2 1567 6906 5635
1 2 6909 5635 6906
1 2 6906 1882 6909
1 2 5635 6909 189
1 2 295 6171 5718
1 2 6910 5718 6171
1 2 6171 1703 6910
1 2 5718 6910 1590
1 2 1883 6911 6912
1 2 6910 6912 6911
1 2 6911 1590 6910
1 2 6912 6910 1703
1 2 1703 6166 6912
1 2 6913 6912 6166
1 2 6166 159 6913
1 2 6912 6913 1883
1 2 1590 6911 5719
1 2 6914 5719 6911
1 2 6911 1883 6914
1 2 5719 6914 447
1 2 284 6081 6451
1 2 6915 6451 6081
1 2 6081 1679 6915
1 2 6451 6915 1772
1 2 1884 6916 6917
1 2 6915 6917 6916
1 2 6916 1772 6915
1 2 6917 6915 1679
1 2 1679 6076 6917
1 2 6918 6917 6076
1 2 6076 47 6918
1 2 6917 6918 1884
1 2 1772 6916 6452
1 2 6919 6452 6916
1 2 6916 1884 6919
1 2 6452 6919 550
1 2 482 6552 6921
1 2 6920 6921 6552
1 2 6552 1796 6920
1 2 6921 6920 1885
1 2 831 6922 6923
1 2 6920 6923 6922
1 2 6922 1885 6920
1 2 6923 6920 1796
1 2 1796 6547 6923
1 2 3050 6923 6547
1 2 6547 197 3050
1 2 6923 3050 831
1 2 1885 6922 6924
1 2 3049 6924 6922
1 2 6922 831 3049
1 2 6924 3049 384
1 2 299 6807 6840
1 2 6925 6840 6807
1 2 6807 1855 6925
1 2 6840 6925 1864
1 2 1735 6926 6927
1 2 6925 6927 6926
1 2 6926 1864 6925
1 2 6927 6925 1855
1 2 1855 6803 6927
1 2 6286 6927 6803
1 2 6803 100 6286
1 2 6927 6286 1735
1 2 1864 6926 6841
1 2 6291 6841 6926
1 2 6926 1735 6291
1 2 6841 6291 449
1 2 310 5596 6120
1 2 6928 6120 5596
1 2 5596 1555 6928
1 2 6120 6928 1689
1 2 1876 6929 6930
1 2 6928 6930 6929
1 2 6929 1689 6928
1 2 6930 6928 1555
1 2 1555 5591 6930
1 2 6876 6930 5591
1 2 5591 57 6876
1 2 6930 6876 1876
1 2 1689 6929 6121
1 2 6882 6121 6929
1 2 6929 1876 6882
1 2 6121 6882 375
1 2 281 2433 5327
1 2 6931 5327 2433
1 2 2433 646 6931
1 2 5327 6931 1484
1 2 1886 6932 6933
1 2 6931 6933 6932
1 2 6932 1484 6931
1 2 6933 6931 646
1 2 646 2439 6933
1 2 6934 6933 2439
1 2 2439 72 6934
1 2 6933 6934 1886
1 2 1484 6932 5328
1 2 6935 5328 6932
1 2 6932 1886 6935
1 2 5328 6935 505
1 2 9 6936 6938
1 2 6937 6938 6936
1 2 6936 1887 6937
1 2 6938 6937 1889
1 2 1888 6939 6940
1 2 6937 6940 6939
1 2 6939 1889 6937
1 2 6940 6937 1887
1 2 1887 6941 6940
1 2 6942 6940 6941
1 2 6941 10 6942
1 2 6940 6942 1888
1 2 1889 6939 6944
1 2 6943 6944 6939
1 2 6939 1888 6943
1 2 6944 6943 491
1 2 133 2909 6946
1 2 6945 6946 2909
1 2 2909 792 6945
1 2 6946 6945 1890
1 2 1786 6947 6948
1 2 6945 6948 6947
1 2 6947 1890 6945
1 2 6948 6945 792
1 2 792 2914 6948
1 2 6505 6948 2914
1 2 2914 272 6505
1 2 6948 6505 1786
1 2 1890 6947 6949
1 2 6510 6949 6947
1 2 6947 1786 6510
1 2 6949 6510 542
1 2 282 5196 6740
1 2 6950 6740 5196
1 2 5196 1447 6950
1 2 6740 6950 1840
1 2 1651 6951 6952
1 2 6950 6952 6951
1 2 6951 1840 6950
1 2 6952 6950 1447
1 2 1447 5195 6952
1 2 5955 6952 5195
1 2 5195 130 5955
1 2 6952 5955 1651
1 2 1840 6951 6741
1 2 5958 6741 6951
1 2 6951 1651 5958
1 2 6741 5958 475
1 2 317 4791 6954
1 2 6953 6954 4791
1 2 4791 1339 6953
1 2 6954 6953 1891
1 2 906 6955 6956
1 2 6953 6956 6955
1 2 6955 1891 6953
1 2 6956 6953 1339
1 2 1339 4797 6956
1 2 3290 6956 4797
1 2 4797 208 3290
1 2 6956 3290 906
1 2 1891 6955 6957
1 2 3295 6957 6955
1 2 6955 906 3295
1 2 6957 3295 390
1 2 59 6958 6960
1 2 6959 6960 6958
1 2 6958 1892 6959
1 2 6960 6959 1894
1 2 1893 6961 6962
1 2 6959 6962 6961
1 2 6961 1894 6959
1 2 6962 6959 1892
1 2 1892 6963 6962
1 2 6964 6962 6963
1 2 6963 439 6964
1 2 6962 6964 1893
1 2 1894 6961 6966
1 2 6965 6966 6961
1 2 6961 1893 6965
1 2 6966 6965 58
1 2 279 4575 6968
1 2 6967 6968 4575
1 2 4575 1277 6967
1 2 6968 6967 1896
1 2 1895 6969 6970
1 2 6967 6970 6969
1 2 6969 1896 6967
1 2 6970 6967 1277
1 2 1277 4580 6970
1 2 6971 6970 4580
1 2 4580 172 6971
1 2 6970 6971 1895
1 2 1896 6969 6973
1 2 6972 6973 6969
1 2 6969 1895 6972
1 2 6973 6972 566
1 2 472 6261 6975
1 2 6974 6975 6261
1 2 6261 1727 6974
1 2 6975 6974 1897
1 2 1317 6976 6977
1 2 6974 6977 6976
1 2 6976 1897 6974
1 2 6977 6974 1727
1 2 1727 6260 6977
1 2 4718 6977 6260
1 2 6260 252 4718
1 2 6977 4718 1317
1 2 1897 6976 6978
1 2 4723 6978 6976
1 2 6976 1317 4723
1 2 6978 4723 380
1 2 232 4271 4101
1 2 6979 4101 4271
1 2 4271 1191 6979
1 2 4101 6979 1141
1 2 1898 6980 6981
1 2 6979 6981 6980
1 2 6980 1141 6979
1 2 6981 6979 1191
1 2 1191 4276 6981
1 2 6982 6981 4276
1 2 4276 431 6982
1 2 6981 6982 1898
1 2 1141 6980 4102
1 2 6983 4102 6980
1 2 6980 1898 6983
1 2 4102 6983 524
1 2 325 4548 4637
1 2 6984 4637 4548
1 2 4548 1270 6984
1 2 4637 6984 1294
1 2 904 6985 6986
1 2 6984 6986 6985
1 2 6985 1294 6984
1 2 6986 6984 1270
1 2 1270 4554 6986
1 2 3283 6986 4554
1 2 4554 136 3283
1 2 6986 3283 904
1 2 1294 6985 4638
1 2 3288 4638 6985
1 2 6985 904 3288
1 2 4638 3288 368
1 2 85 3814 6988
1 2 6987 6988 3814
1 2 3814 1057 6987
1 2 6988 6987 1900
1 2 1899 6989 6990
1 2 6987 6990 6989
1 2 6989 1900 6987
1 2 6990 6987 1057
1 2 1057 3813 6990
1 2 6991 6990 3813
1 2 3813 292 6991
1 2 6990 6991 1899
1 2 1900 6989 6993
1 2 6992 6993 6989
1 2 6989 1899 6992
1 2 6993 6992 424
1 2 73 4878 6995
1 2 6994 6995 4878
1 2 4878 1363 6994
1 2 6995 6994 1901
1 2 1485 6996 6997
1 2 6994 6997 6996
1 2 6996 1901 6994
1 2 6997 6994 1363
1 2 1363 4884 6997
1 2 5324 6997 4884
1 2 4884 286 5324
1 2 6997 5324 1485
1 2 1901 6996 6998
1 2 5329 6998 6996
1 2 6996 1485 5329
1 2 6998 5329 505
1 2 95 6999 6731
1 2 7000 6731 6999
1 2 6999 1902 7000
1 2 6731 7000 1838
1 2 1670 7001 7002
1 2 7000 7002 7001
1 2 7001 1838 7000
1 2 7002 7000 1902
1 2 1902 7003 7002
1 2 6041 7002 7003
1 2 7003 315 6041
1 2 7002 6041 1670
1 2 1838 7001 6732
1 2 6044 6732 7001
1 2 7001 1670 6044
1 2 6732 6044 401
1 2 132 3179 4998
1 2 7004 4998 3179
1 2 3179 870 7004
1 2 4998 7004 1393
1 2 1891 7005 7006
1 2 7004 7006 7005
1 2 7005 1393 7004
1 2 7006 7004 870
1 2 870 3178 7006
1 2 6954 7006 3178
1 2 3178 317 6954
1 2 7006 6954 1891
1 2 1393 7005 4995
1 2 6957 4995 7005
1 2 7005 1891 6957
1 2 4995 6957 390
1 2 47 7007 6918
1 2 7008 6918 7007
1 2 7007 1903 7008
1 2 6918 7008 1884
1 2 1701 7009 7010
1 2 7008 7010 7009
1 2 7009 1884 7008
1 2 7010 7008 1903
1 2 1903 7011 7010
1 2 6164 7010 7011
1 2 7011 48 6164
1 2 7010 6164 1701
1 2 1884 7009 6919
1 2 6163 6919 7009
1 2 7009 1701 6163
1 2 6919 6163 550
1 2 331 3110 7013
1 2 7012 7013 3110
1 2 3110 849 7012
1 2 7013 7012 1904
1 2 1338 7014 7015
1 2 7012 7015 7014
1 2 7014 1904 7012
1 2 7015 7012 849
1 2 849 3109 7015
1 2 4796 7015 3109
1 2 3109 208 4796
1 2 7015 4796 1338
1 2 1904 7014 7016
1 2 4795 7016 7014
1 2 7014 1338 4795
1 2 7016 4795 488
1 2 307 4268 7018
1 2 7017 7018 4268
1 2 4268 1188 7017
1 2 7018 7017 1905
1 2 1850 7019 7020
1 2 7017 7020 7019
1 2 7019 1905 7017
1 2 7020 7017 1188
1 2 1188 4267 7020
1 2 6789 7020 4267
1 2 4267 253 6789
1 2 7020 6789 1850
1 2 1905 7019 7021
1 2 6788 7021 7019
1 2 7019 1850 6788
1 2 7021 6788 477
1 2 245 4617 5836
1 2 7022 5836 4617
1 2 4617 1289 7022
1 2 5836 7022 1620
1 2 1906 7023 7024
1 2 7022 7024 7023
1 2 7023 1620 7022
1 2 7024 7022 1289
1 2 1289 4622 7024
1 2 7025 7024 4622
1 2 4622 340 7025
1 2 7024 7025 1906
1 2 1620 7023 5832
1 2 7026 5832 7023
1 2 7023 1906 7026
1 2 5832 7026 481
1 2 457 6467 7028
1 2 7027 7028 6467
1 2 6467 1775 7027
1 2 7028 7027 1907
1 2 930 7029 7030
1 2 7027 7030 7029
1 2 7029 1907 7027
1 2 7030 7027 1775
1 2 1775 6466 7030
1 2 3379 7030 6466
1 2 6466 361 3379
1 2 7030 3379 930
1 2 1907 7029 7031
1 2 3378 7031 7029
1 2 7029 930 3378
1 2 7031 3378 110
1 2 501 7032 3519
1 2 7033 3519 7032
1 2 7032 1908 7033
1 2 3519 7033 970
1 2 1661 7034 7035
1 2 7033 7035 7034
1 2 7034 970 7033
1 2 7035 7033 1908
1 2 1908 7036 7035
1 2 5996 7035 7036
1 2 7036 332 5996
1 2 7035 5996 1661
1 2 970 7034 3520
1 2 5999 3520 7034
1 2 7034 1661 5999
1 2 3520 5999 106
1 2 104 7037 6752
1 2 7038 6752 7037
1 2 7037 1909 7038
1 2 6752 7038 1843
1 2 1910 7039 7040
1 2 7038 7040 7039
1 2 7039 1843 7038
1 2 7040 7038 1909
1 2 1909 7041 7040
1 2 7042 7040 7041
1 2 7041 409 7042
1 2 7040 7042 1910
1 2 1843 7039 6753
1 2 7043 6753 7039
1 2 7039 1910 7043
1 2 6753 7043 551
1 2 292 2927 6991
1 2 7044 6991 2927
1 2 2927 795 7044
1 2 6991 7044 1899
1 2 1696 7045 7046
1 2 7044 7046 7045
1 2 7045 1899 7044
1 2 7046 7044 795
1 2 795 2922 7046
1 2 6148 7046 2922
1 2 2922 156 6148
1 2 7046 6148 1696
1 2 1899 7045 6992
1 2 6147 6992 7045
1 2 7045 1696 6147
1 2 6992 6147 424
1 2 275 3046 7048
1 2 7047 7048 3046
1 2 3046 832 7047
1 2 7048 7047 1912
1 2 1911 7049 7050
1 2 7047 7050 7049
1 2 7049 1912 7047
1 2 7050 7047 832
1 2 832 3051 7050
1 2 7051 7050 3051
1 2 3051 197 7051
1 2 7050 7051 1911
1 2 1912 7049 7053
1 2 7052 7053 7049
1 2 7049 1911 7052
1 2 7053 7052 523
1 2 195 5910 7055
1 2 7054 7055 5910
1 2 5910 1639 7054
1 2 7055 7054 1913
1 2 922 7056 7057
1 2 7054 7057 7056
1 2 7056 1913 7054
1 2 7057 7054 1639
1 2 1639 5906 7057
1 2 3346 7057 5906
1 2 5906 280 3346
1 2 7057 3346 922
1 2 1913 7056 7058
1 2 3351 7058 7056
1 2 7056 922 3351
1 2 7058 3351 494
1 2 157 7059 3618
1 2 7060 3618 7059
1 2 7059 1914 7060
1 2 3618 7060 1000
1 2 796 7061 7062
1 2 7060 7062 7061
1 2 7061 1000 7060
1 2 7062 7060 1914
1 2 1914 7063 7062
1 2 2929 7062 7063
1 2 7063 473 2929
1 2 7062 2929 796
1 2 1000 7061 3612
1 2 2928 3612 7061
1 2 7061 796 2928
1 2 3612 2928 292
1 2 403 6141 3016
1 2 7064 3016 6141
1 2 6141 1694 7064
1 2 3016 7064 822
1 2 1098 7065 7066
1 2 7064 7066 7065
1 2 7065 822 7064
1 2 7066 7064 1694
1 2 1694 6140 7066
1 2 3949 7066 6140
1 2 6140 134 3949
1 2 7066 3949 1098
1 2 822 7065 3017
1 2 3952 3017 7065
1 2 7065 1098 3952
1 2 3017 3952 304
1 2 551 7043 7068
1 2 7067 7068 7043
1 2 7043 1910 7067
1 2 7068 7067 1915
1 2 1132 7069 7070
1 2 7067 7070 7069
1 2 7069 1915 7067
1 2 7070 7067 1910
1 2 1910 7042 7070
1 2 4063 7070 7042
1 2 7042 409 4063
1 2 7070 4063 1132
1 2 1915 7069 7071
1 2 4068 7071 7069
1 2 7069 1132 4068
1 2 7071 4068 255
1 2 295 5717 7073
1 2 7072 7073 5717
1 2 5717 1589 7072
1 2 7073 7072 1916
1 2 1267 7074 7075
1 2 7072 7075 7074
1 2 7074 1916 7072
1 2 7075 7072 1589
1 2 1589 5713 7075
1 2 4545 7075 5713
1 2 5713 219 4545
1 2 7075 4545 1267
1 2 1916 7074 7076
1 2 4544 7076 7074
1 2 7074 1267 4544
1 2 7076 4544 517
1 2 49 7077 7079
1 2 7078 7079 7077
1 2 7077 1917 7078
1 2 7079 7078 1918
1 2 1860 7080 7081
1 2 7078 7081 7080
1 2 7080 1918 7078
1 2 7081 7078 1917
1 2 1917 7082 7081
1 2 6823 7081 7082
1 2 7082 50 6823
1 2 7081 6823 1860
1 2 1918 7080 7083
1 2 6826 7083 7080
1 2 7080 1860 6826
1 2 7083 6826 438
1 2 573 6854 7085
1 2 7084 7085 6854
1 2 6854 1868 7084
1 2 7085 7084 1920
1 2 1919 7086 7087
1 2 7084 7087 7086
1 2 7086 1920 7084
1 2 7087 7084 1868
1 2 1868 6850 7087
1 2 7088 7087 6850
1 2 6850 572 7088
1 2 7087 7088 1919
1 2 1920 7086 7090
1 2 7089 7090 7086
1 2 7086 1919 7089
1 2 7090 7089 103
1 2 399 5691 7092
1 2 7091 7092 5691
1 2 5691 1582 7091
1 2 7092 7091 1921
1 2 1160 7093 7094
1 2 7091 7094 7093
1 2 7093 1921 7091
1 2 7094 7091 1582
1 2 1582 5690 7094
1 2 4169 7094 5690
1 2 5690 145 4169
1 2 7094 4169 1160
1 2 1921 7093 7095
1 2 4168 7095 7093
1 2 7093 1160 4168
1 2 7095 4168 347
1 2 6 7096 7098
1 2 7097 7098 7096
1 2 7096 1922 7097
1 2 7098 7097 1923
1 2 1414 7099 7100
1 2 7097 7100 7099
1 2 7099 1923 7097
1 2 7100 7097 1922
1 2 1922 7101 7100
1 2 5074 7100 7101
1 2 7101 7 5074
1 2 7100 5074 1414
1 2 1923 7099 7102
1 2 5079 7102 7099
1 2 7099 1414 5079
1 2 7102 5079 428
1 2 288 6111 6479
1 2 7103 6479 6111
1 2 6111 1687 7103
1 2 6479 7103 1778
1 2 1924 7104 7105
1 2 7103 7105 7104
1 2 7104 1778 7103
1 2 7105 7103 1687
1 2 1687 6107 7105
1 2 7106 7105 6107
1 2 6107 363 7106
1 2 7105 7106 1924
1 2 1778 7104 6480
1 2 7107 6480 7104
1 2 7104 1924 7107
1 2 6480 7107 556
1 2 513 7108 7110
1 2 7109 7110 7108
1 2 7108 1925 7109
1 2 7110 7109 1926
1 2 1668 7111 7112
1 2 7109 7112 7111
1 2 7111 1926 7109
1 2 7112 7109 1925
1 2 1925 7113 7112
1 2 6027 7112 7113
1 2 7113 424 6027
1 2 7112 6027 1668
1 2 1926 7111 7114
1 2 6031 7114 7111
1 2 7111 1668 6031
1 2 7114 6031 207
1 2 159 4263 6913
1 2 7115 6913 4263
1 2 4263 1189 7115
1 2 6913 7115 1883
1 2 1927 7116 7117
1 2 7115 7117 7116
1 2 7116 1883 7115
1 2 7117 7115 1189
1 2 1189 4269 7117
1 2 7118 7117 4269
1 2 4269 307 7118
1 2 7117 7118 1927
1 2 1883 7116 6914
1 2 7119 6914 7116
1 2 7116 1927 7119
1 2 6914 7119 447
1 2 77 7120 6863
1 2 7121 6863 7120
1 2 7120 1928 7121
1 2 6863 7121 1870
1 2 1929 7122 7123
1 2 7121 7123 7122
1 2 7122 1870 7121
1 2 7123 7121 1928
1 2 1928 7124 7123
1 2 7125 7123 7124
1 2 7124 78 7125
1 2 7123 7125 1929
1 2 1870 7122 6864
1 2 7126 6864 7122
1 2 7122 1929 7126
1 2 6864 7126 427
1 2 478 6870 5476
1 2 7127 5476 6870
1 2 6870 1871 7127
1 2 5476 7127 1524
1 2 1930 7128 7129
1 2 7127 7129 7128
1 2 7128 1524 7127
1 2 7129 7127 1871
1 2 1871 6865 7129
1 2 7130 7129 6865
1 2 6865 489 7130
1 2 7129 7130 1930
1 2 1524 7128 5477
1 2 7131 5477 7128
1 2 7128 1930 7131
1 2 5477 7131 187
1 2 56 5598 7133
1 2 7132 7133 5598
1 2 5598 1556 7132
1 2 7133 7132 1932
1 2 1931 7134 7135
1 2 7132 7135 7134
1 2 7134 1932 7132
1 2 7135 7132 1556
1 2 1556 5597 7135
1 2 7136 7135 5597
1 2 5597 310 7136
1 2 7135 7136 1931
1 2 1932 7134 7138
1 2 7137 7138 7134
1 2 7134 1931 7137
1 2 7138 7137 444
1 2 51 7139 6532
1 2 7140 6532 7139
1 2 7139 1933 7140
1 2 6532 7140 1791
1 2 1272 7141 7142
1 2 7140 7142 7141
1 2 7141 1791 7140
1 2 7142 7140 1933
1 2 1933 7143 7142
1 2 4556 7142 7143
1 2 7143 52 4556
1 2 7142 4556 1272
1 2 1791 7141 6533
1 2 4561 6533 7141
1 2 7141 1272 4561
1 2 6533 4561 434
1 2 559 3695 5381
1 2 7144 5381 3695
1 2 3695 1023 7144
1 2 5381 7144 1499
1 2 1934 7145 7146
1 2 7144 7146 7145
1 2 7145 1499 7144
1 2 7146 7144 1023
1 2 1023 3694 7146
1 2 7147 7146 3694
1 2 3694 354 7147
1 2 7146 7147 1934
1 2 1499 7145 5376
1 2 7148 5376 7145
1 2 7145 1934 7148
1 2 5376 7148 184
1 2 278 7149 6892
1 2 7150 6892 7149
1 2 7149 1935 7150
1 2 6892 7150 1878
1 2 1159 7151 7152
1 2 7150 7152 7151
1 2 7151 1878 7150
1 2 7152 7150 1935
1 2 1935 7153 7152
1 2 4159 7152 7153
1 2 7153 190 4159
1 2 7152 4159 1159
1 2 1878 7151 6893
1 2 4164 6893 7151
1 2 7151 1159 4164
1 2 6893 4164 555
1 2 339 3300 7155
1 2 7154 7155 3300
1 2 3300 907 7154
1 2 7155 7154 1936
1 2 616 7156 7157
1 2 7154 7157 7156
1 2 7156 1936 7154
1 2 7157 7154 907
1 2 907 3296 7157
1 2 2347 7157 3296
1 2 3296 211 2347
1 2 7157 2347 616
1 2 1936 7156 7158
1 2 2346 7158 7156
1 2 7156 616 2346
1 2 7158 2346 535
1 2 161 2887 4804
1 2 7159 4804 2887
1 2 2887 786 7159
1 2 4804 7159 1341
1 2 1937 7160 7161
1 2 7159 7161 7160
1 2 7160 1341 7159
1 2 7161 7159 786
1 2 786 2893 7161
1 2 7162 7161 2893
1 2 2893 303 7162
1 2 7161 7162 1937
1 2 1341 7160 4799
1 2 7163 4799 7160
1 2 7160 1937 7163
1 2 4799 7163 425
1 2 349 3500 5030
1 2 7164 5030 3500
1 2 3500 966 7164
1 2 5030 7164 1402
1 2 1938 7165 7166
1 2 7164 7166 7165
1 2 7165 1402 7164
1 2 7166 7164 966
1 2 966 3505 7166
1 2 7167 7166 3505
1 2 3505 458 7167
1 2 7166 7167 1938
1 2 1402 7165 5031
1 2 7168 5031 7165
1 2 7165 1938 7168
1 2 5031 7168 196
1 2 27 5199 7170
1 2 7169 7170 5199
1 2 5199 1450 7169
1 2 7170 7169 1940
1 2 1939 7171 7172
1 2 7169 7172 7171
1 2 7171 1940 7169
1 2 7172 7169 1450
1 2 1450 5205 7172
1 2 7173 7172 5205
1 2 5205 326 7173
1 2 7172 7173 1939
1 2 1940 7171 7175
1 2 7174 7175 7171
1 2 7171 1939 7174
1 2 7175 7174 446
1 2 174 4196 7177
1 2 7176 7177 4196
1 2 4196 1167 7176
1 2 7177 7176 1941
1 2 1362 7178 7179
1 2 7176 7179 7178
1 2 7178 1941 7176
1 2 7179 7176 1167
1 2 1167 4195 7179
1 2 4883 7179 4195
1 2 4195 286 4883
1 2 7179 4883 1362
1 2 1941 7178 7180
1 2 4882 7180 7178
1 2 7178 1362 4882
1 2 7180 4882 484
1 2 75 7181 7183
1 2 7182 7183 7181
1 2 7181 1942 7182
1 2 7183 7182 1943
1 2 1126 7184 7185
1 2 7182 7185 7184
1 2 7184 1943 7182
1 2 7185 7182 1942
1 2 1942 7186 7185
1 2 4042 7185 7186
1 2 7186 76 4042
1 2 7185 4042 1126
1 2 1943 7184 7187
1 2 4047 7187 7184
1 2 7184 1126 4047
1 2 7187 4047 509
1 2 526 4368 7189
1 2 7188 7189 4368
1 2 4368 1217 7188
1 2 7189 7188 1944
1 2 895 7190 7191
1 2 7188 7191 7190
1 2 7190 1944 7188
1 2 7191 7188 1217
1 2 1217 4367 7191
1 2 3259 7191 4367
1 2 4367 532 3259
1 2 7191 3259 895
1 2 1944 7190 7192
1 2 3258 7192 7190
1 2 7190 895 3258
1 2 7192 3258 119
1 2 83 7193 5573
1 2 7194 5573 7193
1 2 7193 1945 7194
1 2 5573 7194 1550
1 2 1946 7195 7196
1 2 7194 7196 7195
1 2 7195 1550 7194
1 2 7196 7194 1945
1 2 1945 7197 7196
1 2 7198 7196 7197
1 2 7197 518 7198
1 2 7196 7198 1946
1 2 1550 7195 5568
1 2 7199 5568 7195
1 2 7195 1946 7199
1 2 5568 7199 371
1 2 303 3803 7162
1 2 7200 7162 3803
1 2 3803 1056 7200
1 2 7162 7200 1937
1 2 1947 7201 7202
1 2 7200 7202 7201
1 2 7201 1937 7200
1 2 7202 7200 1056
1 2 1056 3808 7202
1 2 7203 7202 3808
1 2 3808 96 7203
1 2 7202 7203 1947
1 2 1937 7201 7163
1 2 7204 7163 7201
1 2 7201 1947 7204
1 2 7163 7204 425
1 2 298 5579 7206
1 2 7205 7206 5579
1 2 5579 1551 7205
1 2 7206 7205 1949
1 2 1948 7207 7208
1 2 7205 7208 7207
1 2 7207 1949 7205
1 2 7208 7205 1551
1 2 1551 5574 7208
1 2 7209 7208 5574
1 2 5574 83 7209
1 2 7208 7209 1948
1 2 1949 7207 7211
1 2 7210 7211 7207
1 2 7207 1948 7210
1 2 7211 7210 506
1 2 491 6943 7213
1 2 7212 7213 6943
1 2 6943 1888 7212
1 2 7213 7212 1950
1 2 897 7214 7215
1 2 7212 7215 7214
1 2 7214 1950 7212
1 2 7215 7212 1888
1 2 1888 6942 7215
1 2 3266 7215 6942
1 2 6942 10 3266
1 2 7215 3266 897
1 2 1950 7214 7216
1 2 3265 7216 7214
1 2 7214 897 3265
1 2 7216 3265 330
1 2 395 7217 7219
1 2 7218 7219 7217
1 2 7217 1951 7218
1 2 7219 7218 1952
1 2 1324 7220 7221
1 2 7218 7221 7220
1 2 7220 1952 7218
1 2 7221 7218 1951
1 2 1951 7222 7221
1 2 4741 7221 7222
1 2 7222 499 4741
1 2 7221 4741 1324
1 2 1952 7220 7223
1 2 4746 7223 7220
1 2 7220 1324 4746
1 2 7223 4746 88
1 2 343 7224 7226
1 2 7225 7226 7224
1 2 7224 1953 7225
1 2 7226 7225 1954
1 2 642 7227 7228
1 2 7225 7228 7227
1 2 7227 1954 7225
1 2 7228 7225 1953
1 2 1953 7229 7228
1 2 2429 7228 7229
1 2 7229 413 2429
1 2 7228 2429 642
1 2 1954 7227 7230
1 2 2428 7230 7227
1 2 7227 642 2428
1 2 7230 2428 192
1 2 293 7231 4865
1 2 7232 4865 7231
1 2 7231 1955 7232
1 2 4865 7232 1358
1 2 698 7233 7234
1 2 7232 7234 7233
1 2 7233 1358 7232
1 2 7234 7232 1955
1 2 1955 7235 7234
1 2 2602 7234 7235
1 2 7235 165 2602
1 2 7234 2602 698
1 2 1358 7233 4860
1 2 2606 4860 7233
1 2 7233 698 2606
1 2 4860 2606 429
1 2 439 6963 7237
1 2 7236 7237 6963
1 2 6963 1892 7236
1 2 7237 7236 1957
1 2 1956 7238 7239
1 2 7236 7239 7238
1 2 7238 1957 7236
1 2 7239 7236 1892
1 2 1892 6958 7239
1 2 7240 7239 6958
1 2 6958 59 7240
1 2 7239 7240 1956
1 2 1957 7238 7242
1 2 7241 7242 7238
1 2 7238 1956 7241
1 2 7242 7241 486
1 2 18 7243 6445
1 2 7244 6445 7243
1 2 7243 1958 7244
1 2 6445 7244 1770
1 2 1959 7245 7246
1 2 7244 7246 7245
1 2 7245 1770 7244
1 2 7246 7244 1958
1 2 1958 7247 7246
1 2 7248 7246 7247
1 2 7247 19 7248
1 2 7246 7248 1959
1 2 1770 7245 6446
1 2 7249 6446 7245
1 2 7245 1959 7249
1 2 6446 7249 422
1 2 467 7250 7252
1 2 7251 7252 7250
1 2 7250 1960 7251
1 2 7252 7251 1961
1 2 1109 7253 7254
1 2 7251 7254 7253
1 2 7253 1961 7251
1 2 7254 7251 1960
1 2 1960 7255 7254
1 2 3990 7254 7255
1 2 7255 442 3990
1 2 7254 3990 1109
1 2 1961 7253 7256
1 2 3989 7256 7253
1 2 7253 1109 3989
1 2 7256 3989 231
1 2 26 7257 7259
1 2 7258 7259 7257
1 2 7257 1962 7258
1 2 7259 7258 1963
1 2 1940 7260 7261
1 2 7258 7261 7260
1 2 7260 1963 7258
1 2 7261 7258 1962
1 2 1962 7262 7261
1 2 7170 7261 7262
1 2 7262 27 7170
1 2 7261 7170 1940
1 2 1963 7260 7263
1 2 7175 7263 7260
1 2 7260 1940 7175
1 2 7263 7175 446
1 2 31 7264 5983
1 2 7265 5983 7264
1 2 7264 1964 7265
1 2 5983 7265 1658
1 2 1965 7266 7267
1 2 7265 7267 7266
1 2 7266 1658 7265
1 2 7267 7265 1964
1 2 1964 7268 7267
1 2 7269 7267 7268
1 2 7268 32 7269
1 2 7267 7269 1965
1 2 1658 7266 5984
1 2 7270 5984 7266
1 2 7266 1965 7270
1 2 5984 7270 470
1 2 121 4486 5994
1 2 7271 5994 4486
1 2 4486 1251 7271
1 2 5994 7271 1660
1 2 1966 7272 7273
1 2 7271 7273 7272
1 2 7272 1660 7271
1 2 7273 7271 1251
1 2 1251 4485 7273
1 2 7274 7273 4485
1 2 4485 294 7274
1 2 7273 7274 1966
1 2 1660 7272 5991
1 2 7275 5991 7272
1 2 7272 1966 7275
1 2 5991 7275 493
1 2 332 7036 4298
1 2 7276 4298 7036
1 2 7036 1908 7276
1 2 4298 7276 1198
1 2 1967 7277 7278
1 2 7276 7278 7277
1 2 7277 1198 7276
1 2 7278 7276 1908
1 2 1908 7032 7278
1 2 7279 7278 7032
1 2 7032 501 7279
1 2 7278 7279 1967
1 2 1198 7277 4299
1 2 7280 4299 7277
1 2 7277 1967 7280
1 2 4299 7280 243
1 2 442 7255 3490
1 2 7281 3490 7255
1 2 7255 1960 7281
1 2 3490 7281 962
1 2 1968 7282 7283
1 2 7281 7283 7282
1 2 7282 962 7281
1 2 7283 7281 1960
1 2 1960 7250 7283
1 2 7284 7283 7250
1 2 7250 467 7284
1 2 7283 7284 1968
1 2 962 7282 3491
1 2 7285 3491 7282
1 2 7282 1968 7285
1 2 3491 7285 80
1 2 524 6983 7287
1 2 7286 7287 6983
1 2 6983 1898 7286
1 2 7287 7286 1969
1 2 1565 7288 7289
1 2 7286 7289 7288
1 2 7288 1969 7286
1 2 7289 7286 1898
1 2 1898 6982 7289
1 2 5628 7289 6982
1 2 6982 431 5628
1 2 7289 5628 1565
1 2 1969 7288 7290
1 2 5627 7290 7288
1 2 7288 1565 5627
1 2 7290 5627 111
1 2 129 3075 7292
1 2 7291 7292 3075
1 2 3075 839 7291
1 2 7292 7291 1970
1 2 1896 7293 7294
1 2 7291 7294 7293
1 2 7293 1970 7291
1 2 7294 7291 839
1 2 839 3074 7294
1 2 6968 7294 3074
1 2 3074 279 6968
1 2 7294 6968 1896
1 2 1970 7293 7295
1 2 6973 7295 7293
1 2 7293 1896 6973
1 2 7295 6973 566
1 2 440 6399 7297
1 2 7296 7297 6399
1 2 6399 1760 7296
1 2 7297 7296 1971
1 2 1740 7298 7299
1 2 7296 7299 7298
1 2 7298 1971 7296
1 2 7299 7296 1760
1 2 1760 6398 7299
1 2 6309 7299 6398
1 2 6398 144 6309
1 2 7299 6309 1740
1 2 1971 7298 7300
1 2 6313 7300 7298
1 2 7298 1740 6313
1 2 7300 6313 385
1 2 114 5685 6640
1 2 7301 6640 5685
1 2 5685 1580 7301
1 2 6640 7301 1818
1 2 1972 7302 7303
1 2 7301 7303 7302
1 2 7302 1818 7301
1 2 7303 7301 1580
1 2 1580 5684 7303
1 2 7304 7303 5684
1 2 5684 288 7304
1 2 7303 7304 1972
1 2 1818 7302 6641
1 2 7305 6641 7302
1 2 7302 1972 7305
1 2 6641 7305 527
1 2 160 4109 7307
1 2 7306 7307 4109
1 2 4109 1143 7306
1 2 7307 7306 1974
1 2 1973 7308 7309
1 2 7306 7309 7308
1 2 7308 1974 7306
1 2 7309 7306 1143
1 2 1143 4108 7309
1 2 7310 7309 4108
1 2 4108 276 7310
1 2 7309 7310 1973
1 2 1974 7308 7312
1 2 7311 7312 7308
1 2 7308 1973 7311
1 2 7312 7311 518
1 2 284 2948 6082
1 2 7313 6082 2948
1 2 2948 804 7313
1 2 6082 7313 1680
1 2 1467 7314 7315
1 2 7313 7315 7314
1 2 7314 1680 7313
1 2 7315 7313 804
1 2 804 2953 7315
1 2 5264 7315 2953
1 2 2953 176 5264
1 2 7315 5264 1467
1 2 1680 7314 6083
1 2 5263 6083 7314
1 2 7314 1467 5263
1 2 6083 5263 461
1 2 294 5286 7274
1 2 7316 7274 5286
1 2 5286 1475 7316
1 2 7274 7316 1966
1 2 1564 7317 7318
1 2 7316 7318 7317
1 2 7317 1966 7316
1 2 7318 7316 1475
1 2 1475 5291 7318
1 2 5617 7318 5291
1 2 5291 173 5617
1 2 7318 5617 1564
1 2 1966 7317 7275
1 2 5622 7275 7317
1 2 7317 1564 5622
1 2 7275 5622 493
1 2 520 7319 7321
1 2 7320 7321 7319
1 2 7319 1975 7320
1 2 7321 7320 1976
1 2 1049 7322 7323
1 2 7320 7323 7322
1 2 7322 1976 7320
1 2 7323 7320 1975
1 2 1975 7324 7323
1 2 3781 7323 7324
1 2 7324 107 3781
1 2 7323 3781 1049
1 2 1976 7322 7325
1 2 3785 7325 7322
1 2 7322 1049 3785
1 2 7325 3785 377
1 2 155 7326 5435
1 2 7327 5435 7326
1 2 7326 1977 7327
1 2 5435 7327 1514
1 2 1949 7328 7329
1 2 7327 7329 7328
1 2 7328 1514 7327
1 2 7329 7327 1977
1 2 1977 7330 7329
1 2 7206 7329 7330
1 2 7330 298 7206
1 2 7329 7206 1949
1 2 1514 7328 5436
1 2 7211 5436 7328
1 2 7328 1949 7211
1 2 5436 7211 506
1 2 293 4864 6563
1 2 7331 6563 4864
1 2 4864 1357 7331
1 2 6563 7331 1799
1 2 1978 7332 7333
1 2 7331 7333 7332
1 2 7332 1799 7331
1 2 7333 7331 1357
1 2 1357 4863 7333
1 2 7334 7333 4863
1 2 4863 205 7334
1 2 7333 7334 1978
1 2 1799 7332 6564
1 2 7335 6564 7332
1 2 7332 1978 7335
1 2 6564 7335 539
1 2 165 7235 5067
1 2 7336 5067 7235
1 2 7235 1955 7336
1 2 5067 7336 1411
1 2 1634 7337 7338
1 2 7336 7338 7337
1 2 7337 1411 7336
1 2 7338 7336 1955
1 2 1955 7231 7338
1 2 5892 7338 7231
1 2 7231 293 5892
1 2 7338 5892 1634
1 2 1411 7337 5064
1 2 5891 5064 7337
1 2 7337 1634 5891
1 2 5064 5891 443
1 2 436 5012 6812
1 2 7339 6812 5012
1 2 5012 1397 7339
1 2 6812 7339 1856
1 2 1201 7340 7341
1 2 7339 7341 7340
1 2 7340 1856 7339
1 2 7341 7339 1397
1 2 1397 5011 7341
1 2 4302 7341 5011
1 2 5011 149 4302
1 2 7341 4302 1201
1 2 1856 7340 6809
1 2 4308 6809 7340
1 2 7340 1201 4308
1 2 6809 4308 353
1 2 176 5641 7343
1 2 7342 7343 5641
1 2 5641 1569 7342
1 2 7343 7342 1980
1 2 1979 7344 7345
1 2 7342 7345 7344
1 2 7344 1980 7342
1 2 7345 7342 1569
1 2 1569 5637 7345
1 2 7346 7345 5637
1 2 5637 290 7346
1 2 7345 7346 1979
1 2 1980 7344 7348
1 2 7347 7348 7344
1 2 7344 1979 7347
1 2 7348 7347 560
1 2 94 7349 4632
1 2 7350 4632 7349
1 2 7349 1981 7350
1 2 4632 7350 1293
1 2 1982 7351 7352
1 2 7350 7352 7351
1 2 7351 1293 7350
1 2 7352 7350 1981
1 2 1981 7353 7352
1 2 7354 7352 7353
1 2 7353 393 7354
1 2 7352 7354 1982
1 2 1293 7351 4636
1 2 7355 4636 7351
1 2 7351 1982 7355
1 2 4636 7355 325
1 2 405 7356 5367
1 2 7357 5367 7356
1 2 7356 1983 7357
1 2 5367 7357 1495
1 2 1984 7358 7359
1 2 7357 7359 7358
1 2 7358 1495 7357
1 2 7359 7357 1983
1 2 1983 7360 7359
1 2 7361 7359 7360
1 2 7360 94 7361
1 2 7359 7361 1984
1 2 1495 7358 5362
1 2 7362 5362 7358
1 2 7358 1984 7362
1 2 5362 7362 314
1 2 326 7363 7173
1 2 7364 7173 7363
1 2 7363 1985 7364
1 2 7173 7364 1939
1 2 1986 7365 7366
1 2 7364 7366 7365
1 2 7365 1939 7364
1 2 7366 7364 1985
1 2 1985 7367 7366
1 2 7368 7366 7367
1 2 7367 186 7368
1 2 7366 7368 1986
1 2 1939 7365 7174
1 2 7369 7174 7365
1 2 7365 1986 7369
1 2 7174 7369 446
1 2 570 7370 3386
1 2 7371 3386 7370
1 2 7370 1987 7371
1 2 3386 7371 932
1 2 1310 7372 7373
1 2 7371 7373 7372
1 2 7372 932 7371
1 2 7373 7371 1987
1 2 1987 7374 7373
1 2 4698 7373 7374
1 2 7374 460 4698
1 2 7373 4698 1310
1 2 932 7372 3387
1 2 4697 3387 7372
1 2 7372 1310 4697
1 2 3387 4697 242
1 2 79 7375 7377
1 2 7376 7377 7375
1 2 7375 1988 7376
1 2 7377 7376 1989
1 2 628 7378 7379
1 2 7376 7379 7378
1 2 7378 1989 7376
1 2 7379 7376 1988
1 2 1988 7380 7379
1 2 2377 7379 7380
1 2 7380 0 2377
1 2 7379 2377 628
1 2 1989 7378 7381
1 2 2382 7381 7378
1 2 7378 628 2382
1 2 7381 2382 430
1 2 190 7153 7383
1 2 7382 7383 7153
1 2 7153 1935 7382
1 2 7383 7382 1991
1 2 1990 7384 7385
1 2 7382 7385 7384
1 2 7384 1991 7382
1 2 7385 7382 1935
1 2 1935 7149 7385
1 2 7386 7385 7149
1 2 7149 278 7386
1 2 7385 7386 1990
1 2 1991 7384 7388
1 2 7387 7388 7384
1 2 7384 1990 7387
1 2 7388 7387 568
1 2 16 7389 3323
1 2 7390 3323 7389
1 2 7389 1992 7390
1 2 3323 7390 914
1 2 1824 7391 7392
1 2 7390 7392 7391
1 2 7391 914 7390
1 2 7392 7390 1992
1 2 1992 7393 7392
1 2 6659 7392 7393
1 2 7393 17 6659
1 2 7392 6659 1824
1 2 914 7391 3324
1 2 6664 3324 7391
1 2 7391 1824 6664
1 2 3324 6664 453
1 2 309 7394 7396
1 2 7395 7396 7394
1 2 7394 1993 7395
1 2 7396 7395 1995
1 2 1994 7397 7398
1 2 7395 7398 7397
1 2 7397 1995 7395
1 2 7398 7395 1993
1 2 1993 7399 7398
1 2 7400 7398 7399
1 2 7399 175 7400
1 2 7398 7400 1994
1 2 1995 7397 7402
1 2 7401 7402 7397
1 2 7397 1994 7401
1 2 7402 7401 526
1 2 307 3497 7118
1 2 7403 7118 3497
1 2 3497 963 7403
1 2 7118 7403 1927
1 2 1164 7404 7405
1 2 7403 7405 7404
1 2 7404 1927 7403
1 2 7405 7403 963
1 2 963 3496 7405
1 2 4178 7405 3496
1 2 3496 109 4178
1 2 7405 4178 1164
1 2 1927 7404 7119
1 2 4183 7119 7404
1 2 7404 1164 4183
1 2 7119 4183 447
1 2 33 7406 4463
1 2 7407 4463 7406
1 2 7406 1996 7407
1 2 4463 7407 1244
1 2 1997 7408 7409
1 2 7407 7409 7408
1 2 7408 1244 7407
1 2 7409 7407 1996
1 2 1996 7410 7409
1 2 7411 7409 7410
1 2 7410 34 7411
1 2 7409 7411 1997
1 2 1244 7408 4457
1 2 7412 4457 7408
1 2 7408 1997 7412
1 2 4457 7412 517
1 2 125 3432 5240
1 2 7413 5240 3432
1 2 3432 946 7413
1 2 5240 7413 1460
1 2 1998 7414 7415
1 2 7413 7415 7414
1 2 7414 1460 7413
1 2 7415 7413 946
1 2 946 3435 7415
1 2 7416 7415 3435
1 2 3435 319 7416
1 2 7415 7416 1998
1 2 1460 7414 5241
1 2 7417 5241 7414
1 2 7414 1998 7417
1 2 5241 7417 562
1 2 343 4014 7224
1 2 7418 7224 4014
1 2 4014 1117 7418
1 2 7224 7418 1953
1 2 1849 7419 7420
1 2 7418 7420 7419
1 2 7419 1953 7418
1 2 7420 7418 1117
1 2 1117 4013 7420
1 2 6780 7420 4013
1 2 4013 142 6780
1 2 7420 6780 1849
1 2 1953 7419 7229
1 2 6783 7229 7419
1 2 7419 1849 6783
1 2 7229 6783 413
1 2 168 6815 7422
1 2 7421 7422 6815
1 2 6815 1859 7421
1 2 7422 7421 2000
1 2 1999 7423 7424
1 2 7421 7424 7423
1 2 7423 2000 7421
1 2 7424 7421 1859
1 2 1859 6821 7424
1 2 7425 7424 6821
1 2 6821 519 7425
1 2 7424 7425 1999
1 2 2000 7423 7427
1 2 7426 7427 7423
1 2 7423 1999 7426
1 2 7427 7426 411
1 2 172 6676 6971
1 2 7428 6971 6676
1 2 6676 1827 7428
1 2 6971 7428 1895
1 2 2001 7429 7430
1 2 7428 7430 7429
1 2 7429 1895 7428
1 2 7430 7428 1827
1 2 1827 6672 7430
1 2 7431 7430 6672
1 2 6672 300 7431
1 2 7430 7431 2001
1 2 1895 7429 6972
1 2 7432 6972 7429
1 2 7429 2001 7432
1 2 6972 7432 566
1 2 299 6839 7434
1 2 7433 7434 6839
1 2 6839 1863 7433
1 2 7434 7433 2003
1 2 2002 7435 7436
1 2 7433 7436 7435
1 2 7435 2003 7433
1 2 7436 7433 1863
1 2 1863 6834 7436
1 2 7437 7436 6834
1 2 6834 183 7437
1 2 7436 7437 2002
1 2 2003 7435 7439
1 2 7438 7439 7435
1 2 7435 2002 7438
1 2 7439 7438 553
1 2 28 7440 6156
1 2 7441 6156 7440
1 2 7440 2004 7441
1 2 6156 7441 1699
1 2 2005 7442 7443
1 2 7441 7443 7442
1 2 7442 1699 7441
1 2 7443 7441 2004
1 2 2004 7444 7443
1 2 7445 7443 7444
1 2 7444 29 7445
1 2 7443 7445 2005
1 2 1699 7442 6152
1 2 7446 6152 7442
1 2 7442 2005 7446
1 2 6152 7446 538
1 2 288 6478 7304
1 2 7447 7304 6478
1 2 6478 1777 7447
1 2 7304 7447 1972
1 2 1844 7448 7449
1 2 7447 7449 7448
1 2 7448 1972 7447
1 2 7449 7447 1777
1 2 1777 6473 7449
1 2 6755 7449 6473
1 2 6473 182 6755
1 2 7449 6755 1844
1 2 1972 7448 7305
1 2 6758 7305 7448
1 2 7448 1844 6758
1 2 7305 6758 527
1 2 239 4145 5828
1 2 7450 5828 4145
1 2 4145 1155 7450
1 2 5828 7450 1618
1 2 2006 7451 7452
1 2 7450 7452 7451
1 2 7451 1618 7450
1 2 7452 7450 1155
1 2 1155 4150 7452
1 2 7453 7452 4150
1 2 4150 338 7453
1 2 7452 7453 2006
1 2 1618 7451 5829
1 2 7454 5829 7451
1 2 7451 2006 7454
1 2 5829 7454 426
1 2 34 3165 7411
1 2 7455 7411 3165
1 2 3165 866 7455
1 2 7411 7455 1997
1 2 1916 7456 7457
1 2 7455 7457 7456
1 2 7456 1997 7455
1 2 7457 7455 866
1 2 866 3164 7457
1 2 7073 7457 3164
1 2 3164 295 7073
1 2 7457 7073 1916
1 2 1997 7456 7412
1 2 7076 7412 7456
1 2 7456 1916 7076
1 2 7412 7076 517
1 2 110 3106 7031
1 2 7458 7031 3106
1 2 3106 850 7458
1 2 7031 7458 1907
1 2 2007 7459 7460
1 2 7458 7460 7459
1 2 7459 1907 7458
1 2 7460 7458 850
1 2 850 3111 7460
1 2 7461 7460 3111
1 2 3111 331 7461
1 2 7460 7461 2007
1 2 1907 7459 7028
1 2 7462 7028 7459
1 2 7459 2007 7462
1 2 7028 7462 457
1 2 55 7463 2754
1 2 7464 2754 7463
1 2 7463 2008 7464
1 2 2754 7464 742
1 2 1932 7465 7466
1 2 7464 7466 7465
1 2 7465 742 7464
1 2 7466 7464 2008
1 2 2008 7467 7466
1 2 7133 7466 7467
1 2 7467 56 7133
1 2 7466 7133 1932
1 2 742 7465 2755
1 2 7138 2755 7465
1 2 7465 1932 7138
1 2 2755 7138 444
1 2 450 7468 7470
1 2 7469 7470 7468
1 2 7468 2009 7469
1 2 7470 7469 2010
1 2 990 7471 7472
1 2 7469 7472 7471
1 2 7471 2010 7469
1 2 7472 7469 2009
1 2 2009 7473 7472
1 2 3586 7472 7473
1 2 7473 131 3586
1 2 7472 3586 990
1 2 2010 7471 7474
1 2 3585 7474 7471
1 2 7471 990 3585
1 2 7474 3585 298
1 2 179 3897 6508
1 2 7475 6508 3897
1 2 3897 1082 7475
1 2 6508 7475 1785
1 2 2011 7476 7477
1 2 7475 7477 7476
1 2 7476 1785 7475
1 2 7477 7475 1082
1 2 1082 3896 7477
1 2 7478 7477 3896
1 2 3896 296 7478
1 2 7477 7478 2011
1 2 1785 7476 6509
1 2 7479 6509 7476
1 2 7476 2011 7479
1 2 6509 7479 542
1 2 341 7480 5843
1 2 7481 5843 7480
1 2 7480 2012 7481
1 2 5843 7481 1622
1 2 2013 7482 7483
1 2 7481 7483 7482
1 2 7482 1622 7481
1 2 7483 7481 2012
1 2 2012 7484 7483
1 2 7485 7483 7484
1 2 7484 157 7485
1 2 7483 7485 2013
1 2 1622 7482 5838
1 2 7486 5838 7482
1 2 7482 2013 7486
1 2 5838 7486 398
1 2 314 7362 7488
1 2 7487 7488 7362
1 2 7362 1984 7487
1 2 7488 7487 2014
1 2 1728 7489 7490
1 2 7487 7490 7489
1 2 7489 2014 7487
1 2 7490 7487 1984
1 2 1984 7361 7490
1 2 6257 7490 7361
1 2 7361 94 6257
1 2 7490 6257 1728
1 2 2014 7489 7491
1 2 6262 7491 7489
1 2 7489 1728 6262
1 2 7491 6262 472
1 2 305 7492 7494
1 2 7493 7494 7492
1 2 7492 2015 7493
1 2 7494 7493 2016
1 2 1682 7495 7496
1 2 7493 7496 7495
1 2 7495 2016 7493
1 2 7496 7493 2015
1 2 2015 7497 7496
1 2 6089 7496 7497
1 2 7497 108 6089
1 2 7496 6089 1682
1 2 2016 7495 7498
1 2 6088 7498 7495
1 2 7495 1682 6088
1 2 7498 6088 496
1 2 43 7499 5348
1 2 7500 5348 7499
1 2 7499 2017 7500
1 2 5348 7500 1490
1 2 2018 7501 7502
1 2 7500 7502 7501
1 2 7501 1490 7500
1 2 7502 7500 2017
1 2 2017 7503 7502
1 2 7504 7502 7503
1 2 7503 44 7504
1 2 7502 7504 2018
1 2 1490 7501 5349
1 2 7505 5349 7501
1 2 7501 2018 7505
1 2 5349 7505 533
1 2 214 3493 3926
1 2 7506 3926 3493
1 2 3493 964 7506
1 2 3926 7506 1091
1 2 1905 7507 7508
1 2 7506 7508 7507
1 2 7507 1091 7506
1 2 7508 7506 964
1 2 964 3498 7508
1 2 7018 7508 3498
1 2 3498 307 7018
1 2 7508 7018 1905
1 2 1091 7507 3927
1 2 7021 3927 7507
1 2 7507 1905 7021
1 2 3927 7021 477
1 2 339 7155 4744
1 2 7509 4744 7155
1 2 7155 1936 7509
1 2 4744 7509 1323
1 2 2019 7510 7511
1 2 7509 7511 7510
1 2 7510 1323 7509
1 2 7511 7509 1936
1 2 1936 7158 7511
1 2 7512 7511 7158
1 2 7158 535 7512
1 2 7511 7512 2019
1 2 1323 7510 4745
1 2 7513 4745 7510
1 2 7510 2019 7513
1 2 4745 7513 88
1 2 22 7514 7516
1 2 7515 7516 7514
1 2 7514 2020 7515
1 2 7516 7515 2022
1 2 2021 7517 7518
1 2 7515 7518 7517
1 2 7517 2022 7515
1 2 7518 7515 2020
1 2 2020 7519 7518
1 2 7520 7518 7519
1 2 7519 23 7520
1 2 7518 7520 2021
1 2 2022 7517 7522
1 2 7521 7522 7517
1 2 7517 2021 7521
1 2 7522 7521 433
1 2 298 7330 7474
1 2 7523 7474 7330
1 2 7330 1977 7523
1 2 7474 7523 2010
1 2 2023 7524 7525
1 2 7523 7525 7524
1 2 7524 2010 7523
1 2 7525 7523 1977
1 2 1977 7326 7525
1 2 7526 7525 7326
1 2 7326 155 7526
1 2 7525 7526 2023
1 2 2010 7524 7470
1 2 7527 7470 7524
1 2 7524 2023 7527
1 2 7470 7527 450
1 2 306 5260 7529
1 2 7528 7529 5260
1 2 5260 1468 7528
1 2 7529 7528 2024
1 2 1980 7530 7531
1 2 7528 7531 7530
1 2 7530 2024 7528
1 2 7531 7528 1468
1 2 1468 5265 7531
1 2 7343 7531 5265
1 2 5265 176 7343
1 2 7531 7343 1980
1 2 2024 7530 7532
1 2 7348 7532 7530
1 2 7530 1980 7348
1 2 7532 7348 560
1 2 4 7533 6719
1 2 7534 6719 7533
1 2 7533 2025 7534
1 2 6719 7534 1835
1 2 1374 7535 7536
1 2 7534 7536 7535
1 2 7535 1835 7534
1 2 7536 7534 2025
1 2 2025 7537 7536
1 2 4918 7536 7537
1 2 7537 5 4918
1 2 7536 4918 1374
1 2 1835 7535 6720
1 2 4924 6720 7535
1 2 7535 1374 4924
1 2 6720 4924 456
1 2 357 6845 3919
1 2 7538 3919 6845
1 2 6845 1867 7538
1 2 3919 7538 1089
1 2 1941 7539 7540
1 2 7538 7540 7539
1 2 7539 1089 7538
1 2 7540 7538 1867
1 2 1867 6849 7540
1 2 7177 7540 6849
1 2 6849 174 7177
1 2 7540 7177 1941
1 2 1089 7539 3920
1 2 7180 3920 7539
1 2 7539 1941 7180
1 2 3920 7180 484
1 2 130 2399 5796
1 2 7541 5796 2399
1 2 2399 635 7541
1 2 5796 7541 1609
1 2 2003 7542 7543
1 2 7541 7543 7542
1 2 7542 1609 7541
1 2 7543 7541 635
1 2 635 2405 7543
1 2 7434 7543 2405
1 2 2405 299 7434
1 2 7543 7434 2003
1 2 1609 7542 5797
1 2 7439 5797 7542
1 2 7542 2003 7439
1 2 5797 7439 553
1 2 119 7544 7192
1 2 7545 7192 7544
1 2 7544 2026 7545
1 2 7192 7545 1944
1 2 1995 7546 7547
1 2 7545 7547 7546
1 2 7546 1944 7545
1 2 7547 7545 2026
1 2 2026 7548 7547
1 2 7396 7547 7548
1 2 7548 309 7396
1 2 7547 7396 1995
1 2 1944 7546 7189
1 2 7402 7189 7546
1 2 7546 1995 7402
1 2 7189 7402 526
1 2 331 3881 7461
1 2 7549 7461 3881
1 2 3881 1077 7549
1 2 7461 7549 2007
1 2 1433 7550 7551
1 2 7549 7551 7550
1 2 7550 2007 7549
1 2 7551 7549 1077
1 2 1077 3880 7551
1 2 5142 7551 3880
1 2 3880 180 5142
1 2 7551 5142 1433
1 2 2007 7550 7462
1 2 5147 7462 7550
1 2 7550 1433 5147
1 2 7462 5147 457
1 2 128 3773 6177
1 2 7552 6177 3773
1 2 3773 1047 7552
1 2 6177 7552 1705
1 2 1853 7553 7554
1 2 7552 7554 7553
1 2 7553 1705 7552
1 2 7554 7552 1047
1 2 1047 3778 7554
1 2 6792 7554 3778
1 2 3778 287 6792
1 2 7554 6792 1853
1 2 1705 7553 6178
1 2 6797 6178 7553
1 2 7553 1853 6797
1 2 6178 6797 541
1 2 259 4664 6384
1 2 7555 6384 4664
1 2 4664 1302 7555
1 2 6384 7555 1756
1 2 2027 7556 7557
1 2 7555 7557 7556
1 2 7556 1756 7555
1 2 7557 7555 1302
1 2 1302 4669 7557
1 2 7558 7557 4669
1 2 4669 352 7558
1 2 7557 7558 2027
1 2 1756 7556 6385
1 2 7559 6385 7556
1 2 7556 2027 7559
1 2 6385 7559 495
1 2 465 7560 6726
1 2 7561 6726 7560
1 2 7560 2028 7561
1 2 6726 7561 1837
1 2 1990 7562 7563
1 2 7561 7563 7562
1 2 7562 1837 7561
1 2 7563 7561 2028
1 2 2028 7564 7563
1 2 7387 7563 7564
1 2 7564 568 7387
1 2 7563 7387 1990
1 2 1837 7562 6723
1 2 7386 6723 7562
1 2 7562 1990 7386
1 2 6723 7386 278
1 2 325 7355 5084
1 2 7565 5084 7355
1 2 7355 1982 7565
1 2 5084 7565 1415
1 2 1376 7566 7567
1 2 7565 7567 7566
1 2 7566 1415 7565
1 2 7567 7565 1982
1 2 1982 7354 7567
1 2 4926 7567 7354
1 2 7354 393 4926
1 2 7567 4926 1376
1 2 1415 7566 5085
1 2 4931 5085 7566
1 2 7566 1376 4931
1 2 5085 4931 162
1 2 310 4255 7136
1 2 7568 7136 4255
1 2 4255 1186 7568
1 2 7136 7568 1931
1 2 1276 7569 7570
1 2 7568 7570 7569
1 2 7569 1931 7568
1 2 7570 7568 1186
1 2 1186 4260 7570
1 2 4579 7570 4260
1 2 4260 172 4579
1 2 7570 4579 1276
1 2 1931 7569 7137
1 2 4578 7137 7569
1 2 7569 1276 4578
1 2 7137 4578 444
1 2 19 4832 7248
1 2 7571 7248 4832
1 2 4832 1347 7571
1 2 7248 7571 1959
1 2 2029 7572 7573
1 2 7571 7573 7572
1 2 7572 1959 7571
1 2 7573 7571 1347
1 2 1347 4831 7573
1 2 7574 7573 4831
1 2 4831 329 7574
1 2 7573 7574 2029
1 2 1959 7572 7249
1 2 7575 7249 7572
1 2 7572 2029 7575
1 2 7249 7575 422
1 2 151 4210 4499
1 2 7576 4499 4210
1 2 4210 1171 7576
1 2 4499 7576 1255
1 2 1764 7577 7578
1 2 7576 7578 7577
1 2 7577 1255 7576
1 2 7578 7576 1171
1 2 1171 4209 7578
1 2 6412 7578 4209
1 2 4209 323 6412
1 2 7578 6412 1764
1 2 1255 7577 4500
1 2 6415 4500 7577
1 2 7577 1764 6415
1 2 4500 6415 404
1 2 562 7417 7580
1 2 7579 7580 7417
1 2 7417 1998 7579
1 2 7580 7579 2030
1 2 1754 7581 7582
1 2 7579 7582 7581
1 2 7581 2030 7579
1 2 7582 7579 1998
1 2 1998 7416 7582
1 2 6377 7582 7416
1 2 7416 319 6377
1 2 7582 6377 1754
1 2 2030 7581 7583
1 2 6376 7583 7581
1 2 7581 1754 6376
1 2 7583 6376 202
1 2 463 6598 7585
1 2 7584 7585 6598
1 2 6598 1807 7584
1 2 7585 7584 2031
1 2 1831 7586 7587
1 2 7584 7587 7586
1 2 7586 2031 7584
1 2 7587 7584 1807
1 2 1807 6597 7587
1 2 6692 7587 6597
1 2 6597 69 6692
1 2 7587 6692 1831
1 2 2031 7586 7588
1 2 6696 7588 7586
1 2 7586 1831 6696
1 2 7588 6696 539
1 2 332 4297 7590
1 2 7589 7590 4297
1 2 4297 1197 7589
1 2 7590 7589 2032
1 2 1757 7591 7592
1 2 7589 7592 7591
1 2 7591 2032 7589
1 2 7592 7589 1197
1 2 1197 4293 7592
1 2 6380 7592 4293
1 2 4293 124 6380
1 2 7592 6380 1757
1 2 2032 7591 7593
1 2 6386 7593 7591
1 2 7591 1757 6386
1 2 7593 6386 495
1 2 250 5875 5283
1 2 7594 5283 5875
1 2 5875 1630 7594
1 2 5283 7594 1473
1 2 1976 7595 7596
1 2 7594 7596 7595
1 2 7595 1473 7594
1 2 7596 7594 1630
1 2 1630 5870 7596
1 2 7321 7596 5870
1 2 5870 520 7321
1 2 7596 7321 1976
1 2 1473 7595 5284
1 2 7325 5284 7595
1 2 7595 1976 7325
1 2 5284 7325 377
1 2 149 4407 7598
1 2 7597 7598 4407
1 2 4407 1230 7597
1 2 7598 7597 2033
1 2 2014 7599 7600
1 2 7597 7600 7599
1 2 7599 2033 7597
1 2 7600 7597 1230
1 2 1230 4411 7600
1 2 7488 7600 4411
1 2 4411 314 7488
1 2 7600 7488 2014
1 2 2033 7599 7601
1 2 7491 7601 7599
1 2 7599 2014 7491
1 2 7601 7491 472
1 2 409 7041 7603
1 2 7602 7603 7041
1 2 7041 1909 7602
1 2 7603 7602 2034
1 2 602 7604 7605
1 2 7602 7605 7604
1 2 7604 2034 7602
1 2 7605 7602 1909
1 2 1909 7037 7605
1 2 2297 7605 7037
1 2 7037 104 2297
1 2 7605 2297 602
1 2 2034 7604 7606
1 2 2303 7606 7604
1 2 7604 602 2303
1 2 7606 2303 345
1 2 59 7607 7240
1 2 7608 7240 7607
1 2 7607 2035 7608
1 2 7240 7608 1956
1 2 1232 7609 7610
1 2 7608 7610 7609
1 2 7609 1956 7608
1 2 7610 7608 2035
1 2 2035 7611 7610
1 2 4421 7610 7611
1 2 7611 60 4421
1 2 7610 4421 1232
1 2 1956 7609 7241
1 2 4424 7241 7609
1 2 7609 1232 4424
1 2 7241 4424 486
1 2 326 6903 7613
1 2 7612 7613 6903
1 2 6903 1880 7612
1 2 7613 7612 2036
1 2 1533 7614 7615
1 2 7612 7615 7614
1 2 7614 2036 7612
1 2 7615 7612 1880
1 2 1880 6898 7615
1 2 5506 7615 6898
1 2 6898 213 5506
1 2 7615 5506 1533
1 2 2036 7614 7616
1 2 5505 7616 7614
1 2 7614 1533 5505
1 2 7616 5505 445
1 2 146 6769 4969
1 2 7617 4969 6769
1 2 6769 1846 7617
1 2 4969 7617 1386
1 2 1731 7618 7619
1 2 7617 7619 7618
1 2 7618 1386 7617
1 2 7619 7617 1846
1 2 1846 6764 7619
1 2 6277 7619 6764
1 2 6764 302 6277
1 2 7619 6277 1731
1 2 1386 7618 4964
1 2 6276 4964 7618
1 2 7618 1731 6276
1 2 4964 6276 454
1 2 53 7620 5904
1 2 7621 5904 7620
1 2 7620 2037 7621
1 2 5904 7621 1638
1 2 1804 7622 7623
1 2 7621 7623 7622
1 2 7622 1638 7621
1 2 7623 7621 2037
1 2 2037 7624 7623
1 2 6582 7623 7624
1 2 7624 54 6582
1 2 7623 6582 1804
1 2 1638 7622 5905
1 2 6585 5905 7622
1 2 7622 1804 6585
1 2 5905 6585 497
1 2 80 7285 7626
1 2 7625 7626 7285
1 2 7285 1968 7625
1 2 7626 7625 2039
1 2 2038 7627 7628
1 2 7625 7628 7627
1 2 7627 2039 7625
1 2 7628 7625 1968
1 2 1968 7284 7628
1 2 7629 7628 7284
1 2 7284 467 7629
1 2 7628 7629 2038
1 2 2039 7627 7631
1 2 7630 7631 7627
1 2 7627 2038 7630
1 2 7631 7630 365
1 2 226 3877 7633
1 2 7632 7633 3877
1 2 3877 1078 7632
1 2 7633 7632 2040
1 2 1904 7634 7635
1 2 7632 7635 7634
1 2 7634 2040 7632
1 2 7635 7632 1078
1 2 1078 3882 7635
1 2 7013 7635 3882
1 2 3882 331 7013
1 2 7635 7013 1904
1 2 2040 7634 7636
1 2 7016 7636 7634
1 2 7634 1904 7016
1 2 7636 7016 488
1 2 464 6371 7638
1 2 7637 7638 6371
1 2 6371 1752 7637
1 2 7638 7637 2042
1 2 2041 7639 7640
1 2 7637 7640 7639
1 2 7639 2042 7637
1 2 7640 7637 1752
1 2 1752 6370 7640
1 2 7641 7640 6370
1 2 6370 141 7641
1 2 7640 7641 2041
1 2 2042 7639 7643
1 2 7642 7643 7639
1 2 7639 2041 7642
1 2 7643 7642 565
1 2 185 7644 6795
1 2 7645 6795 7644
1 2 7644 2043 7645
1 2 6795 7645 1852
1 2 1706 7646 7647
1 2 7645 7647 7646
1 2 7646 1852 7645
1 2 7647 7645 2043
1 2 2043 7648 7647
1 2 6174 7647 7648
1 2 7648 311 6174
1 2 7647 6174 1706
1 2 1852 7646 6796
1 2 6179 6796 7646
1 2 7646 1706 6179
1 2 6796 6179 541
1 2 167 5014 5944
1 2 7649 5944 5014
1 2 5014 1399 7649
1 2 5944 7649 1647
1 2 2044 7650 7651
1 2 7649 7651 7650
1 2 7650 1647 7649
1 2 7651 7649 1399
1 2 1399 5019 7651
1 2 7652 7651 5019
1 2 5019 557 7652
1 2 7651 7652 2044
1 2 1647 7650 5945
1 2 7653 5945 7650
1 2 7650 2044 7653
1 2 5945 7653 438
1 2 460 7374 6196
1 2 7654 6196 7374
1 2 7374 1987 7654
1 2 6196 7654 1710
1 2 2045 7655 7656
1 2 7654 7656 7655
1 2 7655 1710 7654
1 2 7656 7654 1987
1 2 1987 7370 7656
1 2 7657 7656 7370
1 2 7370 570 7657
1 2 7656 7657 2045
1 2 1710 7655 6193
1 2 7658 6193 7655
1 2 7655 2045 7658
1 2 6193 7658 99
1 2 347 7659 7095
1 2 7660 7095 7659
1 2 7659 2046 7660
1 2 7095 7660 1921
1 2 2047 7661 7662
1 2 7660 7662 7661
1 2 7661 1921 7660
1 2 7662 7660 2046
1 2 2046 7663 7662
1 2 7664 7662 7663
1 2 7663 194 7664
1 2 7662 7664 2047
1 2 1921 7661 7092
1 2 7665 7092 7661
1 2 7661 2047 7665
1 2 7092 7665 399
1 2 499 7222 7667
1 2 7666 7667 7222
1 2 7222 1951 7666
1 2 7667 7666 2048
1 2 1463 7668 7669
1 2 7666 7669 7668
1 2 7668 2048 7666
1 2 7669 7666 1951
1 2 1951 7217 7669
1 2 5244 7669 7217
1 2 7217 395 5244
1 2 7669 5244 1463
1 2 2048 7668 7670
1 2 5249 7670 7668
1 2 7668 1463 5249
1 2 7670 5249 228
1 2 94 7360 7349
1 2 7671 7349 7360
1 2 7360 1983 7671
1 2 7349 7671 1981
1 2 2049 7672 7673
1 2 7671 7673 7672
1 2 7672 1981 7671
1 2 7673 7671 1983
1 2 1983 7356 7673
1 2 7674 7673 7356
1 2 7356 405 7674
1 2 7673 7674 2049
1 2 1981 7672 7353
1 2 7675 7353 7672
1 2 7672 2049 7675
1 2 7353 7675 393
1 2 175 7399 7677
1 2 7676 7677 7399
1 2 7399 1993 7676
1 2 7677 7676 2051
1 2 2050 7678 7679
1 2 7676 7679 7678
1 2 7678 2051 7676
1 2 7679 7676 1993
1 2 1993 7394 7679
1 2 7680 7679 7394
1 2 7394 309 7680
1 2 7679 7680 2050
1 2 2051 7678 7682
1 2 7681 7682 7678
1 2 7678 2050 7681
1 2 7682 7681 507
1 2 194 7683 7685
1 2 7684 7685 7683
1 2 7683 2052 7684
1 2 7685 7684 2053
1 2 2038 7686 7687
1 2 7684 7687 7686
1 2 7686 2053 7684
1 2 7687 7684 2052
1 2 2052 7688 7687
1 2 7630 7687 7688
1 2 7688 365 7630
1 2 7687 7630 2038
1 2 2053 7686 7689
1 2 7629 7689 7686
1 2 7686 2038 7629
1 2 7689 7629 467
1 2 412 3665 5007
1 2 7690 5007 3665
1 2 3665 1014 7690
1 2 5007 7690 1396
1 2 2054 7691 7692
1 2 7690 7692 7691
1 2 7691 1396 7690
1 2 7692 7690 1014
1 2 1014 3664 7692
1 2 7693 7692 3664
1 2 3664 105 7693
1 2 7692 7693 2054
1 2 1396 7691 5001
1 2 7694 5001 7691
1 2 7691 2054 7694
1 2 5001 7694 522
1 2 432 6335 6064
1 2 7695 6064 6335
1 2 6335 1745 7695
1 2 6064 7695 1676
1 2 1416 7696 7697
1 2 7695 7697 7696
1 2 7696 1676 7695
1 2 7697 7695 1745
1 2 1745 6338 7697
1 2 5081 7697 6338
1 2 6338 313 5081
1 2 7697 5081 1416
1 2 1676 7696 6065
1 2 5086 6065 7696
1 2 7696 1416 5086
1 2 6065 5086 162
1 2 108 7497 6711
1 2 7698 6711 7497
1 2 7497 2015 7698
1 2 6711 7698 1834
1 2 1685 7699 7700
1 2 7698 7700 7699
1 2 7699 1834 7698
1 2 7700 7698 2015
1 2 2015 7492 7700
1 2 6097 7700 7492
1 2 7492 305 6097
1 2 7700 6097 1685
1 2 1834 7699 6708
1 2 6101 6708 7699
1 2 7699 1685 6101
1 2 6708 6101 515
1 2 473 7063 7702
1 2 7701 7702 7063
1 2 7063 1914 7701
1 2 7702 7701 2055
1 2 2012 7703 7704
1 2 7701 7704 7703
1 2 7703 2055 7701
1 2 7704 7701 1914
1 2 1914 7059 7704
1 2 7484 7704 7059
1 2 7059 157 7484
1 2 7704 7484 2012
1 2 2055 7703 7705
1 2 7480 7705 7703
1 2 7703 2012 7480
1 2 7705 7480 341
1 2 342 4567 7707
1 2 7706 7707 4567
1 2 4567 1273 7706
1 2 7707 7706 2056
1 2 1758 7708 7709
1 2 7706 7709 7708
1 2 7708 2056 7706
1 2 7709 7706 1273
1 2 1273 4566 7709
1 2 6388 7709 4566
1 2 4566 259 6388
1 2 7709 6388 1758
1 2 2056 7708 7710
1 2 6391 7710 7708
1 2 7708 1758 6391
1 2 7710 6391 471
1 2 181 5100 7712
1 2 7711 7712 5100
1 2 5100 1420 7711
1 2 7712 7711 2057
1 2 2016 7713 7714
1 2 7711 7714 7713
1 2 7713 2057 7711
1 2 7714 7711 1420
1 2 1420 5099 7714
1 2 7494 7714 5099
1 2 5099 305 7494
1 2 7714 7494 2016
1 2 2057 7713 7715
1 2 7498 7715 7713
1 2 7713 2016 7498
1 2 7715 7498 496
1 2 568 7564 3792
1 2 7716 3792 7564
1 2 7564 2028 7716
1 2 3792 7716 1051
1 2 2058 7717 7718
1 2 7716 7718 7717
1 2 7717 1051 7716
1 2 7718 7716 2028
1 2 2028 7560 7718
1 2 7719 7718 7560
1 2 7560 465 7719
1 2 7718 7719 2058
1 2 1051 7717 3787
1 2 7720 3787 7717
1 2 7717 2058 7720
1 2 3787 7720 123
1 2 158 6437 4608
1 2 7721 4608 6437
1 2 6437 1769 7721
1 2 4608 7721 1285
1 2 2059 7722 7723
1 2 7721 7723 7722
1 2 7722 1285 7721
1 2 7723 7721 1769
1 2 1769 6436 7723
1 2 7724 7723 6436
1 2 6436 337 7724
1 2 7723 7724 2059
1 2 1285 7722 4609
1 2 7725 4609 7722
1 2 7722 2059 7725
1 2 4609 7725 476
1 2 465 5560 7727
1 2 7726 7727 5560
1 2 5560 1546 7726
1 2 7727 7726 2061
1 2 2060 7728 7729
1 2 7726 7729 7728
1 2 7728 2061 7726
1 2 7729 7726 1546
1 2 1546 5559 7729
1 2 7730 7729 5559
1 2 5559 251 7730
1 2 7729 7730 2060
1 2 2061 7728 7732
1 2 7731 7732 7728
1 2 7728 2060 7731
1 2 7732 7731 545
1 2 155 7733 7526
1 2 7734 7526 7733
1 2 7733 2062 7734
1 2 7526 7734 2023
1 2 2063 7735 7736
1 2 7734 7736 7735
1 2 7735 2023 7734
1 2 7736 7734 2062
1 2 2062 7737 7736
1 2 7738 7736 7737
1 2 7737 480 7738
1 2 7736 7738 2063
1 2 2023 7735 7527
1 2 7739 7527 7735
1 2 7735 2063 7739
1 2 7527 7739 450
1 2 186 5863 7741
1 2 7740 7741 5863
1 2 5863 1627 7740
1 2 7741 7740 2064
1 2 2032 7742 7743
1 2 7740 7743 7742
1 2 7742 2064 7740
1 2 7743 7740 1627
1 2 1627 5862 7743
1 2 7590 7743 5862
1 2 5862 332 7590
1 2 7743 7590 2032
1 2 2064 7742 7744
1 2 7593 7744 7742
1 2 7742 2032 7593
1 2 7744 7593 495
1 2 409 7603 3636
1 2 7745 3636 7603
1 2 7603 2034 7745
1 2 3636 7745 1006
1 2 1264 7746 7747
1 2 7745 7747 7746
1 2 7746 1006 7745
1 2 7747 7745 2034
1 2 2034 7606 7747
1 2 4534 7747 7606
1 2 7606 345 4534
1 2 7747 4534 1264
1 2 1006 7746 3630
1 2 4533 3630 7746
1 2 7746 1264 4533
1 2 3630 4533 223
1 2 516 7748 2510
1 2 7749 2510 7748
1 2 7748 2065 7749
1 2 2510 7749 668
1 2 1604 7750 7751
1 2 7749 7751 7750
1 2 7750 668 7749
1 2 7751 7749 2065
1 2 2065 7752 7751
1 2 5781 7751 7752
1 2 7752 496 5781
1 2 7751 5781 1604
1 2 668 7750 2505
1 2 5780 2505 7750
1 2 7750 1604 5780
1 2 2505 5780 254
1 2 300 2612 7431
1 2 7753 7431 2612
1 2 2612 699 7753
1 2 7431 7753 2001
1 2 1970 7754 7755
1 2 7753 7755 7754
1 2 7754 2001 7753
1 2 7755 7753 699
1 2 699 2611 7755
1 2 7292 7755 2611
1 2 2611 129 7292
1 2 7755 7292 1970
1 2 2001 7754 7432
1 2 7295 7432 7754
1 2 7754 1970 7295
1 2 7432 7295 566
1 2 290 3408 7346
1 2 7756 7346 3408
1 2 3408 938 7756
1 2 7346 7756 1979
1 2 2066 7757 7758
1 2 7756 7758 7757
1 2 7757 1979 7756
1 2 7758 7756 938
1 2 938 3407 7758
1 2 7759 7758 3407
1 2 3407 140 7759
1 2 7758 7759 2066
1 2 1979 7757 7347
1 2 7760 7347 7757
1 2 7757 2066 7760
1 2 7347 7760 560
1 2 66 7761 7763
1 2 7762 7763 7761
1 2 7761 2067 7762
1 2 7763 7762 2068
1 2 1829 7764 7765
1 2 7762 7765 7764
1 2 7764 2068 7762
1 2 7765 7762 2067
1 2 2067 7766 7765
1 2 6686 7765 7766
1 2 7766 67 6686
1 2 7765 6686 1829
1 2 2068 7764 7767
1 2 6685 7767 7764
1 2 7764 1829 6685
1 2 7767 6685 537
1 2 309 7548 7769
1 2 7768 7769 7548
1 2 7548 2026 7768
1 2 7769 7768 2069
1 2 1382 7770 7771
1 2 7768 7771 7770
1 2 7770 2069 7768
1 2 7771 7768 2026
1 2 2026 7544 7771
1 2 4950 7771 7544
1 2 7544 119 4950
1 2 7771 4950 1382
1 2 2069 7770 7772
1 2 4955 7772 7770
1 2 7770 1382 4955
1 2 7772 4955 487
1 2 72 7773 6934
1 2 7774 6934 7773
1 2 7773 2070 7774
1 2 6934 7774 1886
1 2 1901 7775 7776
1 2 7774 7776 7775
1 2 7775 1886 7774
1 2 7776 7774 2070
1 2 2070 7777 7776
1 2 6995 7776 7777
1 2 7777 73 6995
1 2 7776 6995 1901
1 2 1886 7775 6935
1 2 6998 6935 7775
1 2 7775 1901 6998
1 2 6935 6998 505
1 2 13 7778 6775
1 2 7779 6775 7778
1 2 7778 2071 7779
1 2 6775 7779 1848
1 2 2072 7780 7781
1 2 7779 7781 7780
1 2 7780 1848 7779
1 2 7781 7779 2071
1 2 2071 7782 7781
1 2 7783 7781 7782
1 2 7782 14 7783
1 2 7781 7783 2072
1 2 1848 7780 6772
1 2 7784 6772 7780
1 2 7780 2072 7784
1 2 6772 7784 552
1 2 522 7785 7787
1 2 7786 7787 7785
1 2 7785 2073 7786
1 2 7787 7786 2074
1 2 1954 7788 7789
1 2 7786 7789 7788
1 2 7788 2074 7786
1 2 7789 7786 2073
1 2 2073 7790 7789
1 2 7226 7789 7790
1 2 7790 343 7226
1 2 7789 7226 1954
1 2 2074 7788 7791
1 2 7230 7791 7788
1 2 7788 1954 7230
1 2 7791 7230 192
1 2 338 5444 7793
1 2 7792 7793 5444
1 2 5444 1518 7792
1 2 7793 7792 2075
1 2 2022 7794 7795
1 2 7792 7795 7794
1 2 7794 2075 7792
1 2 7795 7792 1518
1 2 1518 5449 7795
1 2 7516 7795 5449
1 2 5449 22 7516
1 2 7795 7516 2022
1 2 2075 7794 7796
1 2 7522 7796 7794
1 2 7794 2022 7522
1 2 7796 7522 433
1 2 511 4775 7798
1 2 7797 7798 4775
1 2 4775 1332 7797
1 2 7798 7797 2076
1 2 1438 7799 7800
1 2 7797 7800 7799
1 2 7799 2076 7797
1 2 7800 7797 1332
1 2 1332 4774 7800
1 2 5163 7800 4774
1 2 4774 346 5163
1 2 7800 5163 1438
1 2 2076 7799 7801
1 2 5162 7801 7799
1 2 7799 1438 5162
1 2 7801 5162 184
1 2 410 6284 7803
1 2 7802 7803 6284
1 2 6284 1733 7802
1 2 7803 7802 2077
1 2 1502 7804 7805
1 2 7802 7805 7804
1 2 7804 2077 7802
1 2 7805 7802 1733
1 2 1733 6283 7805
1 2 5394 7805 6283
1 2 6283 39 5394
1 2 7805 5394 1502
1 2 2077 7804 7806
1 2 5393 7806 7804
1 2 7804 1502 5393
1 2 7806 5393 567
1 2 143 6100 3309
1 2 7807 3309 6100
1 2 6100 1684 7807
1 2 3309 7807 910
1 2 1543 7808 7809
1 2 7807 7809 7808
1 2 7808 910 7807
1 2 7809 7807 1684
1 2 1684 6095 7809
1 2 5539 7809 6095
1 2 6095 305 5539
1 2 7809 5539 1543
1 2 910 7808 3304
1 2 5544 3304 7808
1 2 7808 1543 5544
1 2 3304 5544 529
1 2 320 3274 5442
1 2 7810 5442 3274
1 2 3274 900 7810
1 2 5442 7810 1516
1 2 702 7811 7812
1 2 7810 7812 7811
1 2 7811 1516 7810
1 2 7812 7810 900
1 2 900 3273 7812
1 2 2615 7812 3273
1 2 3273 125 2615
1 2 7812 2615 702
1 2 1516 7811 5439
1 2 2620 5439 7811
1 2 7811 702 2620
1 2 5439 2620 466
1 2 316 5614 2576
1 2 7813 2576 5614
1 2 5614 1561 7813
1 2 2576 7813 689
1 2 1808 7814 7815
1 2 7813 7815 7814
1 2 7814 689 7813
1 2 7815 7813 1561
1 2 1561 5613 7815
1 2 6593 7815 5613
1 2 5613 68 6593
1 2 7815 6593 1808
1 2 689 7814 2571
1 2 6599 2571 7814
1 2 7814 1808 6599
1 2 2571 6599 463
1 2 296 4070 7478
1 2 7816 7478 4070
1 2 4070 1134 7816
1 2 7478 7816 2011
1 2 1890 7817 7818
1 2 7816 7818 7817
1 2 7817 2011 7816
1 2 7818 7816 1134
1 2 1134 4075 7818
1 2 6946 7818 4075
1 2 4075 133 6946
1 2 7818 6946 1890
1 2 2011 7817 7479
1 2 6949 7479 7817
1 2 7817 1890 6949
1 2 7479 6949 542
1 2 518 7197 7820
1 2 7819 7820 7197
1 2 7197 1945 7819
1 2 7820 7819 2078
1 2 1552 7821 7822
1 2 7819 7822 7821
1 2 7821 2078 7819
1 2 7822 7819 1945
1 2 1945 7193 7822
1 2 5576 7822 7193
1 2 7193 83 5576
1 2 7822 5576 1552
1 2 2078 7821 7823
1 2 5580 7823 7821
1 2 7821 1552 5580
1 2 7823 5580 392
1 2 186 7367 5864
1 2 7824 5864 7367
1 2 7367 1985 7824
1 2 5864 7824 1628
1 2 2036 7825 7826
1 2 7824 7826 7825
1 2 7825 1628 7824
1 2 7826 7824 1985
1 2 1985 7363 7826
1 2 7613 7826 7363
1 2 7363 326 7613
1 2 7826 7613 2036
1 2 1628 7825 5858
1 2 7616 5858 7825
1 2 7825 2036 7616
1 2 5858 7616 445
1 2 253 5792 6790
1 2 7827 6790 5792
1 2 5792 1610 7827
1 2 6790 7827 1851
1 2 2079 7828 7829
1 2 7827 7829 7828
1 2 7828 1851 7827
1 2 7829 7827 1610
1 2 1610 5798 7829
1 2 7830 7829 5798
1 2 5798 553 7830
1 2 7829 7830 2079
1 2 1851 7828 6785
1 2 7831 6785 7828
1 2 7828 2079 7831
1 2 6785 7831 441
1 2 424 7113 6993
1 2 7832 6993 7113
1 2 7113 1925 7832
1 2 6993 7832 1900
1 2 2080 7833 7834
1 2 7832 7834 7833
1 2 7833 1900 7832
1 2 7834 7832 1925
1 2 1925 7108 7834
1 2 7835 7834 7108
1 2 7108 513 7835
1 2 7834 7835 2080
1 2 1900 7833 6988
1 2 7836 6988 7833
1 2 7833 2080 7836
1 2 6988 7836 85
1 2 312 7837 7839
1 2 7838 7839 7837
1 2 7837 2081 7838
1 2 7839 7838 2082
1 2 1665 7840 7841
1 2 7838 7841 7840
1 2 7840 2082 7838
1 2 7841 7838 2081
1 2 2081 7842 7841
1 2 6020 7841 7842
1 2 7842 166 6020
1 2 7841 6020 1665
1 2 2082 7840 7843
1 2 6019 7843 7840
1 2 7840 1665 6019
1 2 7843 6019 546
1 2 92 2486 3598
1 2 7844 3598 2486
1 2 2486 660 7844
1 2 3598 7844 993
1 2 1847 7845 7846
1 2 7844 7846 7845
1 2 7845 993 7844
1 2 7846 7844 660
1 2 660 2481 7846
1 2 6766 7846 2481
1 2 2481 302 6766
1 2 7846 6766 1847
1 2 993 7845 3599
1 2 6770 3599 7845
1 2 7845 1847 6770
1 2 3599 6770 534
1 2 101 3013 6132
1 2 7847 6132 3013
1 2 3013 823 7847
1 2 6132 7847 1692
1 2 980 7848 7849
1 2 7847 7849 7848
1 2 7848 1692 7847
1 2 7849 7847 823
1 2 823 3018 7849
1 2 3552 7849 3018
1 2 3018 304 3552
1 2 7849 3552 980
1 2 1692 7848 6133
1 2 3551 6133 7848
1 2 7848 980 3551
1 2 6133 3551 498
1 2 329 6818 7574
1 2 7850 7574 6818
1 2 6818 1857 7850
1 2 7574 7850 2029
1 2 1794 7851 7852
1 2 7850 7852 7851
1 2 7851 2029 7850
1 2 7852 7850 1857
1 2 1857 6813 7852
1 2 6537 7852 6813
1 2 6813 168 6537
1 2 7852 6537 1794
1 2 2029 7851 7575
1 2 6541 7575 7851
1 2 7851 1794 6541
1 2 7575 6541 422
1 2 105 3966 7693
1 2 7853 7693 3966
1 2 3966 1102 7853
1 2 7693 7853 2054
1 2 2073 7854 7855
1 2 7853 7855 7854
1 2 7854 2054 7853
1 2 7855 7853 1102
1 2 1102 3965 7855
1 2 7790 7855 3965
1 2 3965 343 7790
1 2 7855 7790 2073
1 2 2054 7854 7694
1 2 7785 7694 7854
1 2 7854 2073 7785
1 2 7694 7785 522
1 2 312 7856 7858
1 2 7857 7858 7856
1 2 7856 2083 7857
1 2 7858 7857 2085
1 2 2084 7859 7860
1 2 7857 7860 7859
1 2 7859 2085 7857
1 2 7860 7857 2083
1 2 2083 7861 7860
1 2 7862 7860 7861
1 2 7861 93 7862
1 2 7860 7862 2084
1 2 2085 7859 7864
1 2 7863 7864 7859
1 2 7859 2084 7863
1 2 7864 7863 536
1 2 315 7003 4162
1 2 7865 4162 7003
1 2 7003 1902 7865
1 2 4162 7865 1158
1 2 1879 7866 7867
1 2 7865 7867 7866
1 2 7866 1158 7865
1 2 7867 7865 1902
1 2 1902 6999 7867
1 2 6889 7867 6999
1 2 6999 95 6889
1 2 7867 6889 1879
1 2 1158 7866 4163
1 2 6894 4163 7866
1 2 7866 1879 6894
1 2 4163 6894 555
1 2 181 7712 7869
1 2 7868 7869 7712
1 2 7712 2057 7868
1 2 7869 7868 2086
1 2 2065 7870 7871
1 2 7868 7871 7870
1 2 7870 2086 7868
1 2 7871 7868 2057
1 2 2057 7715 7871
1 2 7752 7871 7715
1 2 7715 496 7752
1 2 7871 7752 2065
1 2 2086 7870 7872
1 2 7748 7872 7870
1 2 7870 2065 7748
1 2 7872 7748 516
1 2 334 2365 6360
1 2 7873 6360 2365
1 2 2365 622 7873
1 2 6360 7873 1750
1 2 2087 7874 7875
1 2 7873 7875 7874
1 2 7874 1750 7873
1 2 7875 7873 622
1 2 622 2364 7875
1 2 7876 7875 2364
1 2 2364 101 7876
1 2 7875 7876 2087
1 2 1750 7874 6361
1 2 7877 6361 7874
1 2 7874 2087 7877
1 2 6361 7877 437
1 2 12 5751 6635
1 2 7878 6635 5751
1 2 5751 1600 7878
1 2 6635 7878 1817
1 2 863 7879 7880
1 2 7878 7880 7879
1 2 7879 1817 7878
1 2 7880 7878 1600
1 2 1600 5757 7880
1 2 3156 7880 5757
1 2 5757 321 3156
1 2 7880 3156 863
1 2 1817 7879 6630
1 2 3155 6630 7879
1 2 7879 863 3155
1 2 6630 3155 462
1 2 380 4321 6978
1 2 7881 6978 4321
1 2 4321 1204 7881
1 2 6978 7881 1897
1 2 2033 7882 7883
1 2 7881 7883 7882
1 2 7882 1897 7881
1 2 7883 7881 1204
1 2 1204 4320 7883
1 2 7598 7883 4320
1 2 4320 149 7598
1 2 7883 7598 2033
1 2 1897 7882 6975
1 2 7601 6975 7882
1 2 7882 2033 7601
1 2 6975 7601 472
1 2 163 7884 7886
1 2 7885 7886 7884
1 2 7884 2088 7885
1 2 7886 7885 2089
1 2 2075 7887 7888
1 2 7885 7888 7887
1 2 7887 2089 7885
1 2 7888 7885 2088
1 2 2088 7889 7888
1 2 7793 7888 7889
1 2 7889 338 7793
1 2 7888 7793 2075
1 2 2089 7887 7890
1 2 7796 7890 7887
1 2 7887 2075 7796
1 2 7890 7796 433
1 2 177 7891 7893
1 2 7892 7893 7891
1 2 7891 2090 7892
1 2 7893 7892 2091
1 2 2085 7894 7895
1 2 7892 7895 7894
1 2 7894 2091 7892
1 2 7895 7892 2090
1 2 2090 7896 7895
1 2 7858 7895 7896
1 2 7896 312 7858
1 2 7895 7858 2085
1 2 2091 7894 7897
1 2 7864 7897 7894
1 2 7894 2085 7864
1 2 7897 7864 536
1 2 350 7898 7900
1 2 7899 7900 7898
1 2 7898 2092 7899
1 2 7900 7899 2094
1 2 2093 7901 7902
1 2 7899 7902 7901
1 2 7901 2094 7899
1 2 7902 7899 2092
1 2 2092 7903 7902
1 2 7904 7902 7903
1 2 7903 99 7904
1 2 7902 7904 2093
1 2 2094 7901 7906
1 2 7905 7906 7901
1 2 7901 2093 7905
1 2 7906 7905 414
1 2 102 6454 5093
1 2 7907 5093 6454
1 2 6454 1773 7907
1 2 5093 7907 1418
1 2 2095 7908 7909
1 2 7907 7909 7908
1 2 7908 1418 7907
1 2 7909 7907 1773
1 2 1773 6457 7909
1 2 7910 7909 6457
1 2 6457 464 7910
1 2 7909 7910 2095
1 2 1418 7908 5089
1 2 7911 5089 7908
1 2 7908 2095 7911
1 2 5089 7911 416
1 2 140 5933 7759
1 2 7912 7759 5933
1 2 5933 1644 7912
1 2 7759 7912 2066
1 2 2024 7913 7914
1 2 7912 7914 7913
1 2 7913 2066 7912
1 2 7914 7912 1644
1 2 1644 5932 7914
1 2 7529 7914 5932
1 2 5932 306 7529
1 2 7914 7529 2024
1 2 2066 7913 7760
1 2 7532 7760 7913
1 2 7913 2024 7532
1 2 7760 7532 560
1 2 359 7915 4762
1 2 7916 4762 7915
1 2 7915 2096 7916
1 2 4762 7916 1329
1 2 1573 7917 7918
1 2 7916 7918 7917
1 2 7917 1329 7916
1 2 7918 7916 2096
1 2 2096 7919 7918
1 2 5659 7918 7919
1 2 7919 561 5659
1 2 7918 5659 1573
1 2 1329 7917 4757
1 2 5658 4757 7917
1 2 7917 1573 5658
1 2 4757 5658 235
1 2 357 3760 7921
1 2 7920 7921 3760
1 2 3760 1044 7920
1 2 7921 7920 2097
1 2 1943 7922 7923
1 2 7920 7923 7922
1 2 7922 2097 7920
1 2 7923 7920 1044
1 2 1044 3766 7923
1 2 7183 7923 3766
1 2 3766 75 7183
1 2 7923 7183 1943
1 2 2097 7922 7924
1 2 7187 7924 7922
1 2 7922 1943 7187
1 2 7924 7187 509
1 2 311 7648 5235
1 2 7925 5235 7648
1 2 7648 2043 7925
1 2 5235 7925 1459
1 2 2098 7926 7927
1 2 7925 7927 7926
1 2 7926 1459 7925
1 2 7927 7925 2043
1 2 2043 7644 7927
1 2 7928 7927 7644
1 2 7644 185 7928
1 2 7927 7928 2098
1 2 1459 7926 5231
1 2 7929 5231 7926
1 2 7926 2098 7929
1 2 5231 7929 567
1 2 78 7930 7932
1 2 7931 7932 7930
1 2 7930 2099 7931
1 2 7932 7931 2101
1 2 2100 7933 7934
1 2 7931 7934 7933
1 2 7933 2101 7931
1 2 7934 7931 2099
1 2 2099 7935 7934
1 2 7936 7934 7935
1 2 7935 79 7936
1 2 7934 7936 2100
1 2 2101 7933 7938
1 2 7937 7938 7933
1 2 7933 2100 7937
1 2 7938 7937 547
1 2 93 7861 5036
1 2 7939 5036 7861
1 2 7861 2083 7939
1 2 5036 7939 1403
1 2 2082 7940 7941
1 2 7939 7941 7940
1 2 7940 1403 7939
1 2 7941 7939 2083
1 2 2083 7856 7941
1 2 7839 7941 7856
1 2 7856 312 7839
1 2 7941 7839 2082
1 2 1403 7940 5037
1 2 7843 5037 7940
1 2 7940 2082 7843
1 2 5037 7843 546
1 2 465 7727 7719
1 2 7942 7719 7727
1 2 7727 2061 7942
1 2 7719 7942 2058
1 2 2102 7943 7944
1 2 7942 7944 7943
1 2 7943 2058 7942
1 2 7944 7942 2061
1 2 2061 7732 7944
1 2 7945 7944 7732
1 2 7732 545 7945
1 2 7944 7945 2102
1 2 2058 7943 7720
1 2 7946 7720 7943
1 2 7943 2102 7946
1 2 7720 7946 123
1 2 338 7889 7453
1 2 7947 7453 7889
1 2 7889 2088 7947
1 2 7453 7947 2006
1 2 758 7948 7949
1 2 7947 7949 7948
1 2 7948 2006 7947
1 2 7949 7947 2088
1 2 2088 7884 7949
1 2 2799 7949 7884
1 2 7884 163 2799
1 2 7949 2799 758
1 2 2006 7948 7454
1 2 2804 7454 7948
1 2 7948 758 2804
1 2 7454 2804 426
1 2 23 5517 7520
1 2 7950 7520 5517
1 2 5517 1535 7950
1 2 7520 7950 2021
1 2 2103 7951 7952
1 2 7950 7952 7951
1 2 7951 2021 7950
1 2 7952 7950 1535
1 2 1535 5516 7952
1 2 7953 7952 5516
1 2 5516 342 7953
1 2 7952 7953 2103
1 2 2021 7951 7521
1 2 7954 7521 7951
1 2 7951 2103 7954
1 2 7521 7954 433
1 2 439 7237 5522
1 2 7955 5522 7237
1 2 7237 1957 7955
1 2 5522 7955 1537
1 2 1220 7956 7957
1 2 7955 7957 7956
1 2 7956 1537 7955
1 2 7957 7955 1957
1 2 1957 7242 7957
1 2 4372 7957 7242
1 2 7242 486 4372
1 2 7957 4372 1220
1 2 1537 7956 5523
1 2 4376 5523 7956
1 2 7956 1220 4376
1 2 5523 4376 222
1 2 177 7958 7960
1 2 7959 7960 7958
1 2 7958 2104 7959
1 2 7960 7959 2105
1 2 2069 7961 7962
1 2 7959 7962 7961
1 2 7961 2105 7959
1 2 7962 7959 2104
1 2 2104 7963 7962
1 2 7769 7962 7963
1 2 7963 309 7769
1 2 7962 7769 2069
1 2 2105 7961 7964
1 2 7772 7964 7961
1 2 7961 2069 7772
1 2 7964 7772 487
1 2 393 7675 4009
1 2 7965 4009 7675
1 2 7675 2049 7965
1 2 4009 7965 1116
1 2 1788 7966 7967
1 2 7965 7967 7966
1 2 7966 1116 7965
1 2 7967 7965 2049
1 2 2049 7674 7967
1 2 6517 7967 7674
1 2 7674 405 6517
1 2 7967 6517 1788
1 2 1116 7966 4003
1 2 6520 4003 7966
1 2 7966 1788 6520
1 2 4003 6520 200
1 2 167 5415 7969
1 2 7968 7969 5415
1 2 5415 1510 7968
1 2 7969 7968 2106
1 2 2094 7970 7971
1 2 7968 7971 7970
1 2 7970 2106 7968
1 2 7971 7968 1510
1 2 1510 5421 7971
1 2 7900 7971 5421
1 2 5421 350 7900
1 2 7971 7900 2094
1 2 2106 7970 7972
1 2 7906 7972 7970
1 2 7970 2094 7906
1 2 7972 7906 414
1 2 350 5900 7974
1 2 7973 7974 5900
1 2 5900 1637 7973
1 2 7974 7973 2108
1 2 2107 7975 7976
1 2 7973 7976 7975
1 2 7975 2108 7973
1 2 7976 7973 1637
1 2 1637 5899 7976
1 2 7977 7976 5899
1 2 5899 164 7977
1 2 7976 7977 2107
1 2 2108 7975 7979
1 2 7978 7979 7975
1 2 7975 2107 7978
1 2 7979 7978 563
1 2 216 3688 5734
1 2 7980 5734 3688
1 2 3688 1021 7980
1 2 5734 7980 1593
1 2 2109 7981 7982
1 2 7980 7982 7981
1 2 7981 1593 7980
1 2 7982 7980 1021
1 2 1021 3687 7982
1 2 7983 7982 3687
1 2 3687 324 7983
1 2 7982 7983 2109
1 2 1593 7981 5735
1 2 7984 5735 7981
1 2 7981 2109 7984
1 2 5735 7984 503
1 2 352 5582 7986
1 2 7985 7986 5582
1 2 5582 1554 7985
1 2 7986 7985 2110
1 2 1963 7987 7988
1 2 7985 7988 7987
1 2 7987 2110 7985
1 2 7988 7985 1554
1 2 1554 5587 7988
1 2 7259 7988 5587
1 2 5587 26 7259
1 2 7988 7259 1963
1 2 2110 7987 7989
1 2 7263 7989 7987
1 2 7987 1963 7263
1 2 7989 7263 446
1 2 221 7990 4341
1 2 7991 4341 7990
1 2 7990 2111 7991
1 2 4341 7991 1210
1 2 2063 7992 7993
1 2 7991 7993 7992
1 2 7992 1210 7991
1 2 7993 7991 2111
1 2 2111 7994 7993
1 2 7739 7993 7994
1 2 7994 450 7739
1 2 7993 7739 2063
1 2 1210 7992 4342
1 2 7738 4342 7992
1 2 7992 2063 7738
1 2 4342 7738 480
1 2 430 2984 7381
1 2 7995 7381 2984
1 2 2984 813 7995
1 2 7381 7995 1989
1 2 2100 7996 7997
1 2 7995 7997 7996
1 2 7996 1989 7995
1 2 7997 7995 813
1 2 813 2983 7997
1 2 7937 7997 2983
1 2 2983 547 7937
1 2 7997 7937 2100
1 2 1989 7996 7377
1 2 7936 7377 7996
1 2 7996 2100 7936
1 2 7377 7936 79
1 2 166 7842 4946
1 2 7998 4946 7842
1 2 7842 2081 7998
1 2 4946 7998 1379
1 2 2112 7999 8000
1 2 7998 8000 7999
1 2 7999 1379 7998
1 2 8000 7998 2081
1 2 2081 7837 8000
1 2 8001 8000 7837
1 2 7837 312 8001
1 2 8000 8001 2112
1 2 1379 7999 4947
1 2 8002 4947 7999
1 2 7999 2112 8002
1 2 4947 8002 490
1 2 312 7896 8004
1 2 8003 8004 7896
1 2 7896 2090 8003
1 2 8004 8003 2113
1 2 1457 8005 8006
1 2 8003 8006 8005
1 2 8005 2113 8003
1 2 8006 8003 2090
1 2 2090 7891 8006
1 2 5223 8006 7891
1 2 7891 177 5223
1 2 8006 5223 1457
1 2 2113 8005 8007
1 2 5228 8007 8005
1 2 8005 1457 5228
1 2 8007 5228 510
1 2 342 8008 7953
1 2 8009 7953 8008
1 2 8008 2114 8009
1 2 7953 8009 2103
1 2 2089 8010 8011
1 2 8009 8011 8010
1 2 8010 2103 8009
1 2 8011 8009 2114
1 2 2114 8012 8011
1 2 7886 8011 8012
1 2 8012 163 7886
1 2 8011 7886 2089
1 2 2103 8010 7954
1 2 7890 7954 8010
1 2 8010 2089 7890
1 2 7954 7890 433
1 2 309 7963 8014
1 2 8013 8014 7963
1 2 7963 2104 8013
1 2 8014 8013 2115
1 2 2091 8015 8016
1 2 8013 8016 8015
1 2 8015 2115 8013
1 2 8016 8013 2104
1 2 2104 7958 8016
1 2 7893 8016 7958
1 2 7958 177 7893
1 2 8016 7893 2091
1 2 2115 8015 8017
1 2 7897 8017 8015
1 2 8015 2091 7897
1 2 8017 7897 536
1 2 261 8018 5677
1 2 8019 5677 8018
1 2 8018 2116 8019
1 2 5677 8019 1578
1 2 2117 8020 8021
1 2 8019 8021 8020
1 2 8020 1578 8019
1 2 8021 8019 2116
1 2 2116 8022 8021
1 2 8023 8021 8022
1 2 8022 511 8023
1 2 8021 8023 2117
1 2 1578 8020 5678
1 2 8024 5678 8020
1 2 8020 2117 8024
1 2 5678 8024 574
1 2 374 5601 8026
1 2 8025 8026 5601
1 2 5601 1559 8025
1 2 8026 8025 2118
1 2 1923 8027 8028
1 2 8025 8028 8027
1 2 8027 2118 8025
1 2 8028 8025 1559
1 2 1559 5606 8028
1 2 7098 8028 5606
1 2 5606 6 7098
1 2 8028 7098 1923
1 2 2118 8027 8029
1 2 7102 8029 8027
1 2 8027 1923 7102
1 2 8029 7102 428
1 2 44 4034 7504
1 2 8030 7504 4034
1 2 4034 1122 8030
1 2 7504 8030 2018
1 2 2119 8031 8032
1 2 8030 8032 8031
1 2 8031 2018 8030
1 2 8032 8030 1122
1 2 1122 4033 8032
1 2 8033 8032 4033
1 2 4033 328 8033
1 2 8032 8033 2119
1 2 2018 8031 7505
1 2 8034 7505 8031
1 2 8031 2119 8034
1 2 7505 8034 533
1 2 574 8024 8036
1 2 8035 8036 8024
1 2 8024 2117 8035
1 2 8036 8035 2120
1 2 2076 8037 8038
1 2 8035 8038 8037
1 2 8037 2120 8035
1 2 8038 8035 2117
1 2 2117 8023 8038
1 2 7798 8038 8023
1 2 8023 511 7798
1 2 8038 7798 2076
1 2 2120 8037 8039
1 2 7801 8039 8037
1 2 8037 2076 7801
1 2 8039 7801 184
1 2 324 4903 7983
1 2 8040 7983 4903
1 2 4903 1368 8040
1 2 7983 8040 2109
1 2 1531 8041 8042
1 2 8040 8042 8041
1 2 8041 2109 8040
1 2 8042 8040 1368
1 2 1368 4902 8042
1 2 5494 8042 4902
1 2 4902 246 5494
1 2 8042 5494 1531
1 2 2109 8041 7984
1 2 5499 7984 8041
1 2 8041 1531 5499
1 2 7984 5499 503
1 2 318 6716 8044
1 2 8043 8044 6716
1 2 6716 1836 8043
1 2 8044 8043 2122
1 2 2121 8045 8046
1 2 8043 8046 8045
1 2 8045 2122 8043
1 2 8046 8043 1836
1 2 1836 6721 8046
1 2 8047 8046 6721
1 2 6721 456 8047
1 2 8046 8047 2121
1 2 2122 8045 8049
1 2 8048 8049 8045
1 2 8045 2121 8048
1 2 8049 8048 565
1 2 167 7969 4849
1 2 8050 4849 7969
1 2 7969 2106 8050
1 2 4849 8050 1353
1 2 2123 8051 8052
1 2 8050 8052 8051
1 2 8051 1353 8050
1 2 8052 8050 2106
1 2 2106 7972 8052
1 2 8053 8052 7972
1 2 7972 414 8053
1 2 8052 8053 2123
1 2 1353 8051 4850
1 2 8054 4850 8051
1 2 8051 2123 8054
1 2 4850 8054 372
1 2 340 6210 8056
1 2 8055 8056 6210
1 2 6210 1714 8055
1 2 8056 8055 2124
1 2 1889 8057 8058
1 2 8055 8058 8057
1 2 8057 2124 8055
1 2 8058 8055 1714
1 2 1714 6209 8058
1 2 6938 8058 6209
1 2 6209 9 6938
1 2 8058 6938 1889
1 2 2124 8057 8059
1 2 6944 8059 8057
1 2 8057 1889 6944
1 2 8059 6944 491
1 2 468 8060 8062
1 2 8061 8062 8060
1 2 8060 2125 8061
1 2 8062 8061 2126
1 2 1812 8063 8064
1 2 8061 8064 8063
1 2 8063 2126 8061
1 2 8064 8061 2125
1 2 2125 8065 8064
1 2 6617 8064 8065
1 2 8065 370 6617
1 2 8064 6617 1812
1 2 2126 8063 8066
1 2 6616 8066 8063
1 2 8063 1812 6616
1 2 8066 6616 204
1 2 359 8067 7915
1 2 8068 7915 8067
1 2 8067 2127 8068
1 2 7915 8068 2096
1 2 2128 8069 8070
1 2 8068 8070 8069
1 2 8069 2096 8068
1 2 8070 8068 2127
1 2 2127 8071 8070
1 2 8072 8070 8071
1 2 8071 112 8072
1 2 8070 8072 2128
1 2 2096 8069 7919
1 2 8073 7919 8069
1 2 8069 2128 8073
1 2 7919 8073 561
1 2 267 6425 6245
1 2 8074 6245 6425
1 2 6425 1767 8074
1 2 6245 8074 1723
1 2 1971 8075 8076
1 2 8074 8076 8075
1 2 8075 1723 8074
1 2 8076 8074 1767
1 2 1767 6430 8076
1 2 7297 8076 6430
1 2 6430 440 7297
1 2 8076 7297 1971
1 2 1723 8075 6246
1 2 7300 6246 8075
1 2 8075 1971 7300
1 2 6246 7300 385
1 2 501 8077 7279
1 2 8078 7279 8077
1 2 8077 2129 8078
1 2 7279 8078 1967
1 2 2130 8079 8080
1 2 8078 8080 8079
1 2 8079 1967 8078
1 2 8080 8078 2129
1 2 2129 8081 8080
1 2 8082 8080 8081
1 2 8081 571 8082
1 2 8080 8082 2130
1 2 1967 8079 7280
1 2 8083 7280 8079
1 2 8079 2130 8083
1 2 7280 8083 243
1 2 171 4098 5841
1 2 8084 5841 4098
1 2 4098 1142 8084
1 2 5841 8084 1621
1 2 2131 8085 8086
1 2 8084 8086 8085
1 2 8085 1621 8084
1 2 8086 8084 1142
1 2 1142 4103 8086
1 2 8087 8086 4103
1 2 4103 524 8087
1 2 8086 8087 2131
1 2 1621 8085 5842
1 2 8088 5842 8085
1 2 8085 2131 8088
1 2 5842 8088 341
1 2 32 5275 7269
1 2 8089 7269 5275
1 2 5275 1472 8089
1 2 7269 8089 1965
1 2 1446 8090 8091
1 2 8089 8091 8090
1 2 8090 1965 8089
1 2 8091 8089 1472
1 2 1472 5279 8091
1 2 5188 8091 5279
1 2 5279 362 5188
1 2 8091 5188 1446
1 2 1965 8090 7270
1 2 5191 7270 8090
1 2 8090 1446 5191
1 2 7270 5191 470
1 2 502 6554 8093
1 2 8092 8093 6554
1 2 6554 1797 8092
1 2 8093 8092 2132
1 2 947 8094 8095
1 2 8092 8095 8094
1 2 8094 2132 8092
1 2 8095 8092 1797
1 2 1797 6553 8095
1 2 3437 8095 6553
1 2 6553 482 3437
1 2 8095 3437 947
1 2 2132 8094 8096
1 2 3440 8096 8094
1 2 8094 947 3440
1 2 8096 3440 113
1 2 114 4224 8098
1 2 8097 8098 4224
1 2 4224 1175 8097
1 2 8098 8097 2133
1 2 2125 8099 8100
1 2 8097 8100 8099
1 2 8099 2133 8097
1 2 8100 8097 1175
1 2 1175 4223 8100
1 2 8065 8100 4223
1 2 4223 370 8065
1 2 8100 8065 2125
1 2 2133 8099 8101
1 2 8060 8101 8099
1 2 8099 2125 8060
1 2 8101 8060 468
1 2 96 3807 8103
1 2 8102 8103 3807
1 2 3807 1055 8102
1 2 8103 8102 2135
1 2 2134 8104 8105
1 2 8102 8105 8104
1 2 8104 2135 8102
1 2 8105 8102 1055
1 2 1055 3806 8105
1 2 8106 8105 3806
1 2 3806 398 8106
1 2 8105 8106 2134
1 2 2135 8104 8108
1 2 8107 8108 8104
1 2 8104 2134 8107
1 2 8108 8107 554
1 2 373 8109 8111
1 2 8110 8111 8109
1 2 8109 2136 8110
1 2 8111 8110 2137
1 2 1574 8112 8113
1 2 8110 8113 8112
1 2 8112 2137 8110
1 2 8113 8110 2136
1 2 2136 8114 8113
1 2 5655 8113 8114
1 2 8114 155 5655
1 2 8113 5655 1574
1 2 2137 8112 8115
1 2 5660 8115 8112
1 2 8112 1574 5660
1 2 8115 5660 561
1 2 188 8116 8118
1 2 8117 8118 8116
1 2 8116 2138 8117
1 2 8118 8117 2139
1 2 2124 8119 8120
1 2 8117 8120 8119
1 2 8119 2139 8117
1 2 8120 8117 2138
1 2 2138 8121 8120
1 2 8056 8120 8121
1 2 8121 340 8056
1 2 8120 8056 2124
1 2 2139 8119 8122
1 2 8059 8122 8119
1 2 8119 2124 8059
1 2 8122 8059 491
1 2 328 8123 8033
1 2 8124 8033 8123
1 2 8123 2140 8124
1 2 8033 8124 2119
1 2 1497 8125 8126
1 2 8124 8126 8125
1 2 8125 2119 8124
1 2 8126 8124 2140
1 2 2140 8127 8126
1 2 5370 8126 8127
1 2 8127 198 5370
1 2 8126 5370 1497
1 2 2119 8125 8034
1 2 5374 8034 8125
1 2 8125 1497 5374
1 2 8034 5374 533
1 2 188 8128 8130
1 2 8129 8130 8128
1 2 8128 2141 8129
1 2 8130 8129 2142
1 2 1722 8131 8132
1 2 8129 8132 8131
1 2 8131 2142 8129
1 2 8132 8129 2141
1 2 2141 8133 8132
1 2 6238 8132 8133
1 2 8133 330 6238
1 2 8132 6238 1722
1 2 2142 8131 8134
1 2 6241 8134 8131
1 2 8131 1722 6241
1 2 8134 6241 483
1 2 480 7737 5822
1 2 8135 5822 7737
1 2 7737 2062 8135
1 2 5822 8135 1616
1 2 2136 8136 8137
1 2 8135 8137 8136
1 2 8136 1616 8135
1 2 8137 8135 2062
1 2 2062 7733 8137
1 2 8114 8137 7733
1 2 7733 155 8114
1 2 8137 8114 2136
1 2 1616 8136 5819
1 2 8109 5819 8136
1 2 8136 2136 8109
1 2 5819 8109 373
1 2 166 2789 6021
1 2 8138 6021 2789
1 2 2789 753 8138
1 2 6021 8138 1666
1 2 2143 8139 8140
1 2 8138 8140 8139
1 2 8139 1666 8138
1 2 8140 8138 753
1 2 753 2788 8140
1 2 8141 8140 2788
1 2 2788 349 8141
1 2 8140 8141 2143
1 2 1666 8139 6016
1 2 8142 6016 8139
1 2 8139 2143 8142
1 2 6016 8142 520
1 2 230 5699 6873
1 2 8143 6873 5699
1 2 5699 1584 8143
1 2 6873 8143 1873
1 2 2144 8144 8145
1 2 8143 8145 8144
1 2 8144 1873 8143
1 2 8145 8143 1584
1 2 1584 5698 8145
1 2 8146 8145 5698
1 2 5698 389 8146
1 2 8145 8146 2144
1 2 1873 8144 6867
1 2 8147 6867 8144
1 2 8144 2144 8147
1 2 6867 8147 489
1 2 408 5267 8149
1 2 8148 8149 5267
1 2 5267 1470 8148
1 2 8149 8148 2146
1 2 2145 8150 8151
1 2 8148 8151 8150
1 2 8150 2146 8148
1 2 8151 8148 1470
1 2 1470 5272 8151
1 2 8152 8151 5272
1 2 5272 558 8152
1 2 8151 8152 2145
1 2 2146 8150 8154
1 2 8153 8154 8150
1 2 8150 2145 8153
1 2 8154 8153 96
1 2 231 5972 7256
1 2 8155 7256 5972
1 2 5972 1655 8155
1 2 7256 8155 1961
1 2 2147 8156 8157
1 2 8155 8157 8156
1 2 8156 1961 8155
1 2 8157 8155 1655
1 2 1655 5971 8157
1 2 8158 8157 5971
1 2 5971 564 8158
1 2 8157 8158 2147
1 2 1961 8156 7252
1 2 8159 7252 8156
1 2 8156 2147 8159
1 2 7252 8159 467
1 2 353 4307 8161
1 2 8160 8161 4307
1 2 4307 1200 8160
1 2 8161 8160 2148
1 2 1881 8162 8163
1 2 8160 8163 8162
1 2 8162 2148 8160
1 2 8163 8160 1200
1 2 1200 4306 8163
1 2 6900 8163 4306
1 2 4306 213 6900
1 2 8163 6900 1881
1 2 2148 8162 8164
1 2 6904 8164 8162
1 2 8162 1881 6904
1 2 8164 6904 538
1 2 408 8149 8166
1 2 8165 8166 8149
1 2 8149 2146 8165
1 2 8166 8165 2149
1 2 2135 8167 8168
1 2 8165 8168 8167
1 2 8167 2149 8165
1 2 8168 8165 2146
1 2 2146 8154 8168
1 2 8103 8168 8154
1 2 8154 96 8103
1 2 8168 8103 2135
1 2 2149 8167 8169
1 2 8108 8169 8167
1 2 8167 2135 8108
1 2 8169 8108 554
1 2 107 4754 3829
1 2 8170 3829 4754
1 2 4754 1326 8170
1 2 3829 8170 1062
1 2 2150 8171 8172
1 2 8170 8172 8171
1 2 8171 1062 8170
1 2 8172 8170 1326
1 2 1326 4753 8172
1 2 8173 8172 4753
1 2 4753 360 8173
1 2 8172 8173 2150
1 2 1062 8171 3830
1 2 8174 3830 8171
1 2 8171 2150 8174
1 2 3830 8174 483
1 2 329 3851 6819
1 2 8175 6819 3851
1 2 3851 1068 8175
1 2 6819 8175 1858
1 2 1650 8176 8177
1 2 8175 8177 8176
1 2 8176 1858 8175
1 2 8177 8175 1068
1 2 1068 3850 8177
1 2 5948 8177 3850
1 2 3850 239 5948
1 2 8177 5948 1650
1 2 1858 8176 6820
1 2 5953 6820 8176
1 2 8176 1650 5953
1 2 6820 5953 519
1 2 360 5532 8173
1 2 8178 8173 5532
1 2 5532 1541 8178
1 2 8173 8178 2150
1 2 2142 8179 8180
1 2 8178 8180 8179
1 2 8179 2150 8178
1 2 8180 8178 1541
1 2 1541 5537 8180
1 2 8130 8180 5537
1 2 5537 188 8130
1 2 8180 8130 2142
1 2 2150 8179 8174
1 2 8134 8174 8179
1 2 8179 2142 8134
1 2 8174 8134 483
1 2 414 8181 8053
1 2 8182 8053 8181
1 2 8181 2151 8182
1 2 8053 8182 2123
1 2 1440 8183 8184
1 2 8182 8184 8183
1 2 8183 2123 8182
1 2 8184 8182 2151
1 2 2151 8185 8184
1 2 5165 8184 8185
1 2 8185 234 5165
1 2 8184 5165 1440
1 2 2123 8183 8054
1 2 5170 8054 8183
1 2 8183 1440 5170
1 2 8054 5170 372
1 2 547 8186 7938
1 2 8187 7938 8186
1 2 8186 2152 8187
1 2 7938 8187 2101
1 2 1929 8188 8189
1 2 8187 8189 8188
1 2 8188 2101 8187
1 2 8189 8187 2152
1 2 2152 8190 8189
1 2 7126 8189 8190
1 2 8190 427 7126
1 2 8189 7126 1929
1 2 2101 8188 7932
1 2 7125 7932 8188
1 2 8188 1929 7125
1 2 7932 7125 78
1 2 330 8133 7216
1 2 8191 7216 8133
1 2 8133 2141 8191
1 2 7216 8191 1950
1 2 2139 8192 8193
1 2 8191 8193 8192
1 2 8192 1950 8191
1 2 8193 8191 2141
1 2 2141 8128 8193
1 2 8118 8193 8128
1 2 8128 188 8118
1 2 8193 8118 2139
1 2 1950 8192 7213
1 2 8122 7213 8192
1 2 8192 2139 8122
1 2 7213 8122 491
1 2 341 8194 7705
1 2 8195 7705 8194
1 2 8194 2153 8195
1 2 7705 8195 2055
1 2 1845 8196 8197
1 2 8195 8197 8196
1 2 8196 2055 8195
1 2 8197 8195 2153
1 2 2153 8198 8197
1 2 6763 8197 8198
1 2 8198 111 6763
1 2 8197 6763 1845
1 2 2055 8196 7702
1 2 6762 7702 8196
1 2 8196 1845 6762
1 2 7702 6762 473
1 2 141 3556 7641
1 2 8199 7641 3556
1 2 3556 983 8199
1 2 7641 8199 2041
1 2 2122 8200 8201
1 2 8199 8201 8200
1 2 8200 2041 8199
1 2 8201 8199 983
1 2 983 3560 8201
1 2 8044 8201 3560
1 2 3560 318 8044
1 2 8201 8044 2122
1 2 2041 8200 7642
1 2 8049 7642 8200
1 2 8200 2122 8049
1 2 7642 8049 565
1 2 29 5257 7445
1 2 8202 7445 5257
1 2 5257 1465 8202
1 2 7445 8202 2005
1 2 2148 8203 8204
1 2 8202 8204 8203
1 2 8203 2005 8202
1 2 8204 8202 1465
1 2 1465 5256 8204
1 2 8161 8204 5256
1 2 5256 353 8161
1 2 8204 8161 2148
1 2 2005 8203 7446
1 2 8164 7446 8203
1 2 8203 2148 8164
1 2 7446 8164 538
1 2 337 3025 7724
1 2 8205 7724 3025
1 2 3025 826 8205
1 2 7724 8205 2059
1 2 1678 8206 8207
1 2 8205 8207 8206
1 2 8206 2059 8205
1 2 8207 8205 826
1 2 826 3030 8207
1 2 6071 8207 3030
1 2 3030 84 6071
1 2 8207 6071 1678
1 2 2059 8206 7725
1 2 6075 7725 8206
1 2 8206 1678 6075
1 2 7725 6075 476
1 2 328 5929 8209
1 2 8208 8209 5929
1 2 5929 1645 8208
1 2 8209 8208 2155
1 2 2154 8210 8211
1 2 8208 8211 8210
1 2 8210 2155 8208
1 2 8211 8208 1645
1 2 1645 5934 8211
1 2 8212 8211 5934
1 2 5934 140 8212
1 2 8211 8212 2154
1 2 2155 8210 8214
1 2 8213 8214 8210
1 2 8210 2154 8213
1 2 8214 8213 575
1 2 374 8026 6050
1 2 8215 6050 8026
1 2 8026 2118 8215
1 2 6050 8215 1672
1 2 1493 8216 8217
1 2 8215 8217 8216
1 2 8216 1672 8215
1 2 8217 8215 2118
1 2 2118 8029 8217
1 2 5357 8217 8029
1 2 8029 428 5357
1 2 8217 5357 1493
1 2 1672 8216 6051
1 2 5356 6051 8216
1 2 8216 1493 5356
1 2 6051 5356 173
1 2 537 8218 7767
1 2 8219 7767 8218
1 2 8218 2156 8219
1 2 7767 8219 2068
1 2 1822 8220 8221
1 2 8219 8221 8220
1 2 8220 2068 8219
1 2 8221 8219 2156
1 2 2156 8222 8221
1 2 6657 8221 8222
1 2 8222 406 6657
1 2 8221 6657 1822
1 2 2068 8220 7763
1 2 6656 7763 8220
1 2 8220 1822 6656
1 2 7763 6656 66
1 2 233 2821 2902
1 2 8223 2902 2821
1 2 2821 763 8223
1 2 2902 8223 789
1 2 2152 8224 8225
1 2 8223 8225 8224
1 2 8224 789 8223
1 2 8225 8223 763
1 2 763 2820 8225
1 2 8190 8225 2820
1 2 2820 427 8190
1 2 8225 8190 2152
1 2 789 8224 2896
1 2 8186 2896 8224
1 2 8224 2152 8186
1 2 2896 8186 547
1 2 400 8226 6503
1 2 8227 6503 8226
1 2 8226 2157 8227
1 2 6503 8227 1784
1 2 2072 8228 8229
1 2 8227 8229 8228
1 2 8228 1784 8227
1 2 8229 8227 2157
1 2 2157 8230 8229
1 2 7784 8229 8230
1 2 8230 552 7784
1 2 8229 7784 2072
1 2 1784 8228 6499
1 2 7783 6499 8228
1 2 8228 2072 7783
1 2 6499 7783 14
1 2 199 8231 3682
1 2 8232 3682 8231
1 2 8231 2158 8232
1 2 3682 8232 1020
1 2 2129 8233 8234
1 2 8232 8234 8233
1 2 8233 1020 8232
1 2 8234 8232 2158
1 2 2158 8235 8234
1 2 8081 8234 8235
1 2 8235 571 8081
1 2 8234 8081 2129
1 2 1020 8233 3677
1 2 8077 3677 8233
1 2 8233 2129 8077
1 2 3677 8077 501
1 2 347 2636 8237
1 2 8236 8237 2636
1 2 2636 708 8236
1 2 8237 8236 2159
1 2 1741 8238 8239
1 2 8236 8239 8238
1 2 8238 2159 8236
1 2 8239 8236 708
1 2 708 2641 8239
1 2 6321 8239 2641
1 2 2641 117 6321
1 2 8239 6321 1741
1 2 2159 8238 8240
1 2 6320 8240 8238
1 2 8238 1741 6320
1 2 8240 6320 549
1 2 163 8012 2781
1 2 8241 2781 8012
1 2 8012 2114 8241
1 2 2781 8241 751
1 2 2056 8242 8243
1 2 8241 8243 8242
1 2 8242 751 8241
1 2 8243 8241 2114
1 2 2114 8008 8243
1 2 7707 8243 8008
1 2 8008 342 7707
1 2 8243 7707 2056
1 2 751 8242 2775
1 2 7710 2775 8242
1 2 8242 2056 7710
1 2 2775 7710 471
1 2 340 8121 7025
1 2 8244 7025 8121
1 2 8121 2138 8244
1 2 7025 8244 1906
1 2 1540 8245 8246
1 2 8244 8246 8245
1 2 8245 1906 8244
1 2 8246 8244 2138
1 2 2138 8116 8246
1 2 5536 8246 8116
1 2 8116 188 5536
1 2 8246 5536 1540
1 2 1906 8245 7026
1 2 5535 7026 8245
1 2 8245 1540 5535
1 2 7026 5535 481
1 2 194 7663 8248
1 2 8247 8248 7663
1 2 7663 2046 8247
1 2 8248 8247 2160
1 2 2159 8249 8250
1 2 8247 8250 8249
1 2 8249 2160 8247
1 2 8250 8247 2046
1 2 2046 7659 8250
1 2 8237 8250 7659
1 2 7659 347 8237
1 2 8250 8237 2159
1 2 2160 8249 8251
1 2 8240 8251 8249
1 2 8249 2159 8240
1 2 8251 8240 549
1 2 186 8252 7368
1 2 8253 7368 8252
1 2 8252 2161 8253
1 2 7368 8253 1986
1 2 2110 8254 8255
1 2 8253 8255 8254
1 2 8254 1986 8253
1 2 8255 8253 2161
1 2 2161 8256 8255
1 2 7986 8255 8256
1 2 8256 352 7986
1 2 8255 7986 2110
1 2 1986 8254 7369
1 2 7989 7369 8254
1 2 8254 2110 7989
1 2 7369 7989 446
1 2 58 6965 6880
1 2 8257 6880 6965
1 2 6965 1893 8257
1 2 6880 8257 1875
1 2 1445 8258 8259
1 2 8257 8259 8258
1 2 8258 1875 8257
1 2 8259 8257 1893
1 2 1893 6964 8259
1 2 5181 8259 6964
1 2 6964 439 5181
1 2 8259 5181 1445
1 2 1875 8258 6881
1 2 5186 6881 8258
1 2 8258 1445 5186
1 2 6881 5186 375
1 2 394 3771 8261
1 2 8260 8261 3771
1 2 3771 1045 8260
1 2 8261 8260 2162
1 2 1787 8262 8263
1 2 8260 8263 8262
1 2 8262 2162 8260
1 2 8263 8260 1045
1 2 1045 3770 8263
1 2 6512 8263 3770
1 2 3770 87 6512
1 2 8263 6512 1787
1 2 2162 8262 8264
1 2 6515 8264 8262
1 2 8262 1787 6515
1 2 8264 6515 469
1 2 217 8265 4728
1 2 8266 4728 8265
1 2 8265 2163 8266
1 2 4728 8266 1318
1 2 2156 8267 8268
1 2 8266 8268 8267
1 2 8267 1318 8266
1 2 8268 8266 2163
1 2 2163 8269 8268
1 2 8222 8268 8269
1 2 8269 406 8222
1 2 8268 8222 2156
1 2 1318 8267 4729
1 2 8218 4729 8267
1 2 8267 2156 8218
1 2 4729 8218 537
1 2 411 5788 8271
1 2 8270 8271 5788
1 2 5788 1606 8270
1 2 8271 8270 2164
1 2 1869 8272 8273
1 2 8270 8273 8272
1 2 8272 2164 8270
1 2 8273 8270 1606
1 2 1606 5787 8273
1 2 6856 8273 5787
1 2 5787 269 6856
1 2 8273 6856 1869
1 2 2164 8272 8274
1 2 6855 8274 8272
1 2 8272 1869 6855
1 2 8274 6855 573
1 2 351 5220 6126
1 2 8275 6126 5220
1 2 5220 1454 8275
1 2 6126 8275 1690
1 2 2105 8276 8277
1 2 8275 8277 8276
1 2 8276 1690 8275
1 2 8277 8275 1454
1 2 1454 5219 8277
1 2 7960 8277 5219
1 2 5219 177 7960
1 2 8277 7960 2105
1 2 1690 8276 6123
1 2 7964 6123 8276
1 2 8276 2105 7964
1 2 6123 7964 487
1 2 564 6216 8279
1 2 8278 8279 6216
1 2 6216 1715 8278
1 2 8279 8278 2165
1 2 2047 8280 8281
1 2 8278 8281 8280
1 2 8280 2165 8278
1 2 8281 8278 1715
1 2 1715 6215 8281
1 2 7665 8281 6215
1 2 6215 399 7665
1 2 8281 7665 2047
1 2 2165 8280 8282
1 2 7664 8282 8280
1 2 8280 2047 7664
1 2 8282 7664 194
1 2 264 5960 6289
1 2 8283 6289 5960
1 2 5960 1653 8283
1 2 6289 8283 1734
1 2 2166 8284 8285
1 2 8283 8285 8284
1 2 8284 1734 8283
1 2 8285 8283 1653
1 2 1653 5965 8285
1 2 8286 8285 5965
1 2 5965 528 8286
1 2 8285 8286 2166
1 2 1734 8284 6290
1 2 8287 6290 8284
1 2 8284 2166 8287
1 2 6290 8287 449
1 2 570 8288 7657
1 2 8289 7657 8288
1 2 8288 2167 8289
1 2 7657 8289 2045
1 2 2093 8290 8291
1 2 8289 8291 8290
1 2 8290 2045 8289
1 2 8291 8289 2167
1 2 2167 8292 8291
1 2 7905 8291 8292
1 2 8292 414 7905
1 2 8291 7905 2093
1 2 2045 8290 7658
1 2 7904 7658 8290
1 2 8290 2093 7904
1 2 7658 7904 99
1 2 489 6744 7130
1 2 8293 7130 6744
1 2 6744 1842 8293
1 2 7130 8293 1930
1 2 2168 8294 8295
1 2 8293 8295 8294
1 2 8294 1930 8293
1 2 8295 8293 1842
1 2 1842 6748 8295
1 2 8296 8295 6748
1 2 6748 437 8296
1 2 8295 8296 2168
1 2 1930 8294 7131
1 2 8297 7131 8294
1 2 8294 2168 8297
1 2 7131 8297 187
1 2 400 2690 8226
1 2 8298 8226 2690
1 2 2690 723 8298
1 2 8226 8298 2157
1 2 1483 8299 8300
1 2 8298 8300 8299
1 2 8299 2157 8298
1 2 8300 8298 723
1 2 723 2689 8300
1 2 5317 8300 2689
1 2 2689 218 5317
1 2 8300 5317 1483
1 2 2157 8299 8230
1 2 5322 8230 8299
1 2 8299 1483 5322
1 2 8230 5322 552
1 2 394 8301 3790
1 2 8302 3790 8301
1 2 8301 2169 8302
1 2 3790 8302 1050
1 2 1991 8303 8304
1 2 8302 8304 8303
1 2 8303 1050 8302
1 2 8304 8302 2169
1 2 2169 8305 8304
1 2 7383 8304 8305
1 2 8305 190 7383
1 2 8304 7383 1991
1 2 1050 8303 3791
1 2 7388 3791 8303
1 2 8303 1991 7388
1 2 3791 7388 568
1 2 437 7877 8307
1 2 8306 8307 7877
1 2 7877 2087 8306
1 2 8307 8306 2170
1 2 1738 8308 8309
1 2 8306 8309 8308
1 2 8308 2170 8306
1 2 8309 8306 2087
1 2 2087 7876 8309
1 2 6300 8309 7876
1 2 7876 101 6300
1 2 8309 6300 1738
1 2 2170 8308 8310
1 2 6303 8310 8308
1 2 8308 1738 6303
1 2 8310 6303 508
1 2 111 8198 7290
1 2 8311 7290 8198
1 2 8198 2153 8311
1 2 7290 8311 1969
1 2 2131 8312 8313
1 2 8311 8313 8312
1 2 8312 1969 8311
1 2 8313 8311 2153
1 2 2153 8194 8313
1 2 8088 8313 8194
1 2 8194 341 8088
1 2 8313 8088 2131
1 2 1969 8312 7287
1 2 8087 7287 8312
1 2 8312 2131 8087
1 2 7287 8087 524
1 2 84 4659 8315
1 2 8314 8315 4659
1 2 4659 1300 8314
1 2 8315 8314 2172
1 2 2171 8316 8317
1 2 8314 8317 8316
1 2 8316 2172 8314
1 2 8317 8314 1300
1 2 1300 4658 8317
1 2 8318 8317 4658
1 2 4658 348 8318
1 2 8317 8318 2171
1 2 2172 8316 8320
1 2 8319 8320 8316
1 2 8316 2171 8319
1 2 8320 8319 556
1 2 198 8127 2873
1 2 8321 2873 8127
1 2 8127 2140 8321
1 2 2873 8321 779
1 2 2155 8322 8323
1 2 8321 8323 8322
1 2 8322 779 8321
1 2 8323 8321 2140
1 2 2140 8123 8323
1 2 8209 8323 8123
1 2 8123 328 8209
1 2 8323 8209 2155
1 2 779 8322 2874
1 2 8214 2874 8322
1 2 8322 2155 8214
1 2 2874 8214 575
1 2 349 4749 8141
1 2 8324 8141 4749
1 2 4749 1327 8324
1 2 8141 8324 2143
1 2 1975 8325 8326
1 2 8324 8326 8325
1 2 8325 2143 8324
1 2 8326 8324 1327
1 2 1327 4755 8326
1 2 7324 8326 4755
1 2 4755 107 7324
1 2 8326 7324 1975
1 2 2143 8325 8142
1 2 7319 8142 8325
1 2 8325 1975 7319
1 2 8142 7319 520
1 2 112 8071 8328
1 2 8327 8328 8071
1 2 8071 2127 8327
1 2 8328 8327 2174
1 2 2173 8329 8330
1 2 8327 8330 8329
1 2 8329 2174 8327
1 2 8330 8327 2127
1 2 2127 8067 8330
1 2 8331 8330 8067
1 2 8067 359 8331
1 2 8330 8331 2173
1 2 2174 8329 8333
1 2 8332 8333 8329
1 2 8329 2173 8332
1 2 8333 8332 523
1 2 417 5025 8335
1 2 8334 8335 5025
1 2 5025 1400 8334
1 2 8335 8334 2175
1 2 1675 8336 8337
1 2 8334 8337 8336
1 2 8336 2175 8334
1 2 8337 8334 1400
1 2 1400 5024 8337
1 2 6054 8337 5024
1 2 5024 256 6054
1 2 8337 6054 1675
1 2 2175 8336 8338
1 2 6060 8338 8336
1 2 8336 1675 6060
1 2 8338 6060 563
1 2 370 4474 6618
1 2 8339 6618 4474
1 2 4474 1249 8339
1 2 6618 8339 1813
1 2 1809 8340 8341
1 2 8339 8341 8340
1 2 8340 1813 8339
1 2 8341 8339 1249
1 2 1249 4479 8341
1 2 6604 8341 4479
1 2 4479 170 6604
1 2 8341 6604 1809
1 2 1813 8340 6613
1 2 6603 6613 8340
1 2 8340 1809 6603
1 2 6613 6603 459
1 2 402 4189 5542
1 2 8342 5542 4189
1 2 4189 1165 8342
1 2 5542 8342 1542
1 2 799 8343 8344
1 2 8342 8344 8343
1 2 8343 1542 8342
1 2 8344 8342 1165
1 2 1165 4188 8344
1 2 2932 8344 4188
1 2 4188 215 2932
1 2 8344 2932 799
1 2 1542 8343 5543
1 2 2937 5543 8343
1 2 8343 799 2937
1 2 5543 2937 529
1 2 511 8345 4776
1 2 8346 4776 8345
1 2 8345 2176 8346
1 2 4776 8346 1333
1 2 1423 8347 8348
1 2 8346 8348 8347
1 2 8347 1333 8346
1 2 8348 8346 2176
1 2 2176 8349 8348
1 2 5113 8348 8349
1 2 8349 504 5113
1 2 8348 5113 1423
1 2 1333 8347 4771
1 2 5112 4771 8347
1 2 8347 1423 5112
1 2 4771 5112 98
1 2 464 7638 8351
1 2 8350 8351 7638
1 2 7638 2042 8350
1 2 8351 8350 2178
1 2 2177 8352 8353
1 2 8350 8353 8352
1 2 8352 2178 8350
1 2 8353 8350 2042
1 2 2042 7643 8353
1 2 8354 8353 7643
1 2 7643 565 8354
1 2 8353 8354 2177
1 2 2178 8352 8356
1 2 8355 8356 8352
1 2 8352 2177 8355
1 2 8356 8355 206
1 2 504 8349 5530
1 2 8357 5530 8349
1 2 8349 2176 8357
1 2 5530 8357 1539
1 2 2116 8358 8359
1 2 8357 8359 8358
1 2 8358 1539 8357
1 2 8359 8357 2176
1 2 2176 8345 8359
1 2 8022 8359 8345
1 2 8345 511 8022
1 2 8359 8022 2116
1 2 1539 8358 5525
1 2 8018 5525 8358
1 2 8358 2116 8018
1 2 5525 8018 261
1 2 563 7978 8338
1 2 8360 8338 7978
1 2 7978 2107 8360
1 2 8338 8360 2175
1 2 1571 8361 8362
1 2 8360 8362 8361
1 2 8361 2175 8360
1 2 8362 8360 2107
1 2 2107 7977 8362
1 2 5644 8362 7977
1 2 7977 164 5644
1 2 8362 5644 1571
1 2 2175 8361 8335
1 2 5648 8335 8361
1 2 8361 1571 5648
1 2 8335 5648 417
1 2 190 8305 2453
1 2 8363 2453 8305
1 2 8305 2169 8363
1 2 2453 8363 650
1 2 2162 8364 8365
1 2 8363 8365 8364
1 2 8364 650 8363
1 2 8365 8363 2169
1 2 2169 8301 8365
1 2 8261 8365 8301
1 2 8301 394 8261
1 2 8365 8261 2162
1 2 650 8364 2454
1 2 8264 2454 8364
1 2 8364 2162 8264
1 2 2454 8264 469
1 2 89 6570 4440
1 2 8366 4440 6570
1 2 6570 1801 8366
1 2 4440 8366 1237
1 2 2179 8367 8368
1 2 8366 8368 8367
1 2 8367 1237 8366
1 2 8368 8366 1801
1 2 1801 6566 8368
1 2 8369 8368 6566
1 2 6566 418 8369
1 2 8368 8369 2179
1 2 1237 8367 4436
1 2 8370 4436 8367
1 2 8367 2179 8370
1 2 4436 8370 478
1 2 414 8292 8181
1 2 8371 8181 8292
1 2 8292 2167 8371
1 2 8181 8371 2151
1 2 935 8372 8373
1 2 8371 8373 8372
1 2 8372 2151 8371
1 2 8373 8371 2167
1 2 2167 8288 8373
1 2 3395 8373 8288
1 2 8288 570 3395
1 2 8373 3395 935
1 2 2151 8372 8185
1 2 3394 8185 8372
1 2 8372 935 3394
1 2 8185 3394 234
1 2 548 8374 6332
1 2 8375 6332 8374
1 2 8374 2180 8375
1 2 6332 8375 1744
1 2 1915 8376 8377
1 2 8375 8377 8376
1 2 8376 1744 8375
1 2 8377 8375 2180
1 2 2180 8378 8377
1 2 7068 8377 8378
1 2 8378 551 7068
1 2 8377 7068 1915
1 2 1744 8376 6333
1 2 7071 6333 8376
1 2 8376 1915 7071
1 2 6333 7071 255
1 2 516 2509 8380
1 2 8379 8380 2509
1 2 2509 667 8379
1 2 8380 8379 2181
1 2 2039 8381 8382
1 2 8379 8382 8381
1 2 8381 2181 8379
1 2 8382 8379 667
1 2 667 2508 8382
1 2 7626 8382 2508
1 2 2508 80 7626
1 2 8382 7626 2039
1 2 2181 8381 8383
1 2 7631 8383 8381
1 2 8381 2039 7631
1 2 8383 7631 365
1 2 418 6294 8369
1 2 8384 8369 6294
1 2 6294 1737 8384
1 2 8369 8384 2179
1 2 1872 8385 8386
1 2 8384 8386 8385
1 2 8385 2179 8384
1 2 8386 8384 1737
1 2 1737 6298 8386
1 2 6872 8386 6298
1 2 6298 230 6872
1 2 8386 6872 1872
1 2 2179 8385 8370
1 2 6871 8370 8385
1 2 8385 1872 6871
1 2 8370 6871 478
1 2 352 8256 7558
1 2 8387 7558 8256
1 2 8256 2161 8387
1 2 7558 8387 2027
1 2 2064 8388 8389
1 2 8387 8389 8388
1 2 8388 2027 8387
1 2 8389 8387 2161
1 2 2161 8252 8389
1 2 7741 8389 8252
1 2 8252 186 7741
1 2 8389 7741 2064
1 2 2027 8388 7559
1 2 7744 7559 8388
1 2 8388 2064 7744
1 2 7559 7744 495
1 2 359 5770 8331
1 2 8390 8331 5770
1 2 5770 1602 8390
1 2 8331 8390 2173
1 2 1912 8391 8392
1 2 8390 8392 8391
1 2 8391 2173 8390
1 2 8392 8390 1602
1 2 1602 5769 8392
1 2 7048 8392 5769
1 2 5769 275 7048
1 2 8392 7048 1912
1 2 2173 8391 8332
1 2 7053 8332 8391
1 2 8391 1912 7053
1 2 8332 7053 523
1 2 348 4346 8318
1 2 8393 8318 4346
1 2 4346 1213 8393
1 2 8318 8393 2171
1 2 1779 8394 8395
1 2 8393 8395 8394
1 2 8394 2171 8393
1 2 8395 8393 1213
1 2 1213 4350 8395
1 2 6475 8395 4350
1 2 4350 182 6475
1 2 8395 6475 1779
1 2 2171 8394 8319
1 2 6481 8319 8394
1 2 8394 1779 6481
1 2 8319 6481 556
1 2 189 6909 5765
1 2 8396 5765 6909
1 2 6909 1882 8396
1 2 5765 8396 1601
1 2 2097 8397 8398
1 2 8396 8398 8397
1 2 8397 1601 8396
1 2 8398 8396 1882
1 2 1882 6908 8398
1 2 7921 8398 6908
1 2 6908 357 7921
1 2 8398 7921 2097
1 2 1601 8397 5762
1 2 7924 5762 8397
1 2 8397 2097 7924
1 2 5762 7924 509
1 2 115 8399 6420
1 2 8400 6420 8399
1 2 8399 2182 8400
1 2 6420 8400 1765
1 2 2183 8401 8402
1 2 8400 8402 8401
1 2 8401 1765 8400
1 2 8402 8400 2182
1 2 2182 8403 8402
1 2 8404 8402 8403
1 2 8403 354 8404
1 2 8402 8404 2183
1 2 1765 8401 6417
1 2 8405 6417 8401
1 2 8401 2183 8405
1 2 6417 8405 548
1 2 226 7633 3279
1 2 8406 3279 7633
1 2 7633 2040 8406
1 2 3279 8406 901
1 2 2184 8407 8408
1 2 8406 8408 8407
1 2 8407 901 8406
1 2 8408 8406 2040
1 2 2040 7636 8408
1 2 8409 8408 7636
1 2 7636 488 8409
1 2 8408 8409 2184
1 2 901 8407 3280
1 2 8410 3280 8407
1 2 8407 2184 8410
1 2 3280 8410 525
1 2 184 7148 8039
1 2 8411 8039 7148
1 2 7148 1934 8411
1 2 8039 8411 2120
1 2 2185 8412 8413
1 2 8411 8413 8412
1 2 8412 2120 8411
1 2 8413 8411 1934
1 2 1934 7147 8413
1 2 8414 8413 7147
1 2 7147 354 8414
1 2 8413 8414 2185
1 2 2120 8412 8036
1 2 8415 8036 8412
1 2 8412 2185 8415
1 2 8036 8415 574
1 2 365 3858 8383
1 2 8416 8383 3858
1 2 3858 1070 8416
1 2 8383 8416 2181
1 2 2086 8417 8418
1 2 8416 8418 8417
1 2 8417 2181 8416
1 2 8418 8416 1070
1 2 1070 3857 8418
1 2 7869 8418 3857
1 2 3857 181 7869
1 2 8418 7869 2086
1 2 2181 8417 8380
1 2 7872 8380 8417
1 2 8417 2086 7872
1 2 8380 7872 516
1 2 513 7110 8420
1 2 8419 8420 7110
1 2 7110 1926 8419
1 2 8420 8419 2186
1 2 1303 8421 8422
1 2 8419 8422 8421
1 2 8421 2186 8419
1 2 8422 8419 1926
1 2 1926 7114 8422
1 2 4675 8422 7114
1 2 7114 207 4675
1 2 8422 4675 1303
1 2 2186 8421 8423
1 2 4674 8423 8421
1 2 8421 1303 4674
1 2 8423 4674 451
1 2 369 6701 8425
1 2 8424 8425 6701
1 2 6701 1832 8424
1 2 8425 8424 2188
1 2 2187 8426 8427
1 2 8424 8427 8426
1 2 8426 2188 8424
1 2 8427 8424 1832
1 2 1832 6700 8427
1 2 8428 8427 6700
1 2 6700 168 8428
1 2 8427 8428 2187
1 2 2188 8426 8430
1 2 8429 8430 8426
1 2 8426 2187 8429
1 2 8430 8429 573
1 2 99 7903 6058
1 2 8431 6058 7903
1 2 7903 2092 8431
1 2 6058 8431 1674
1 2 2108 8432 8433
1 2 8431 8433 8432
1 2 8432 1674 8431
1 2 8433 8431 2092
1 2 2092 7898 8433
1 2 7974 8433 7898
1 2 7898 350 7974
1 2 8433 7974 2108
1 2 1674 8432 6059
1 2 7979 6059 8432
1 2 8432 2108 7979
1 2 6059 7979 563
1 2 488 4983 8409
1 2 8434 8409 4983
1 2 4983 1390 8434
1 2 8409 8434 2184
1 2 1612 8435 8436
1 2 8434 8436 8435
1 2 8435 2184 8434
1 2 8436 8434 1390
1 2 1390 4986 8436
1 2 5800 8436 4986
1 2 4986 91 5800
1 2 8436 5800 1612
1 2 2184 8435 8410
1 2 5805 8410 8435
1 2 8435 1612 5805
1 2 8410 5805 525
1 2 358 3334 8438
1 2 8437 8438 3334
1 2 3334 919 8437
1 2 8438 8437 2189
1 2 1919 8439 8440
1 2 8437 8440 8439
1 2 8439 2189 8437
1 2 8440 8437 919
1 2 919 3339 8440
1 2 7089 8440 3339
1 2 3339 103 7089
1 2 8440 7089 1919
1 2 2189 8439 8441
1 2 7088 8441 8439
1 2 8439 1919 7088
1 2 8441 7088 572
1 2 463 7585 2339
1 2 8442 2339 7585
1 2 7585 2031 8442
1 2 2339 8442 614
1 2 1978 8443 8444
1 2 8442 8444 8443
1 2 8443 614 8442
1 2 8444 8442 2031
1 2 2031 7588 8444
1 2 7335 8444 7588
1 2 7588 539 7335
1 2 8444 7335 1978
1 2 614 8443 2333
1 2 7334 2333 8443
1 2 8443 1978 7334
1 2 2333 7334 205
1 2 140 4530 8212
1 2 8445 8212 4530
1 2 4530 1265 8445
1 2 8212 8445 2154
1 2 780 8446 8447
1 2 8445 8447 8446
1 2 8446 2154 8445
1 2 8447 8445 1265
1 2 1265 4535 8447
1 2 2870 8447 4535
1 2 4535 345 2870
1 2 8447 2870 780
1 2 2154 8446 8213
1 2 2875 8213 8446
1 2 8446 780 2875
1 2 8213 2875 575
1 2 363 6074 7106
1 2 8448 7106 6074
1 2 6074 1677 8448
1 2 7106 8448 1924
1 2 2172 8449 8450
1 2 8448 8450 8449
1 2 8449 1924 8448
1 2 8450 8448 1677
1 2 1677 6069 8450
1 2 8315 8450 6069
1 2 6069 84 8315
1 2 8450 8315 2172
1 2 1924 8449 7107
1 2 8320 7107 8449
1 2 8449 2172 8320
1 2 7107 8320 556
1 2 384 2693 6924
1 2 8451 6924 2693
1 2 2693 726 8451
1 2 6924 8451 1885
1 2 894 8452 8453
1 2 8451 8453 8452
1 2 8452 1885 8451
1 2 8453 8451 726
1 2 726 2698 8453
1 2 3247 8453 2698
1 2 2698 180 3247
1 2 8453 3247 894
1 2 1885 8452 6921
1 2 3253 6921 8452
1 2 8452 894 3253
1 2 6921 3253 482
1 2 354 8403 8414
1 2 8454 8414 8403
1 2 8403 2182 8454
1 2 8414 8454 2185
1 2 1579 8455 8456
1 2 8454 8456 8455
1 2 8455 2185 8454
1 2 8456 8454 2182
1 2 2182 8399 8456
1 2 5674 8456 8399
1 2 8399 115 5674
1 2 8456 5674 1579
1 2 2185 8455 8415
1 2 5679 8415 8455
1 2 8455 1579 5679
1 2 8415 5679 574
1 2 551 8378 5467
1 2 8457 5467 8378
1 2 8378 2180 8457
1 2 5467 8457 1523
1 2 2190 8458 8459
1 2 8457 8459 8458
1 2 8458 1523 8457
1 2 8459 8457 2180
1 2 2180 8374 8459
1 2 8460 8459 8374
1 2 8374 548 8460
1 2 8459 8460 2190
1 2 1523 8458 5468
1 2 8461 5468 8458
1 2 8458 2190 8461
1 2 5468 8461 191
1 2 416 7911 6105
1 2 8462 6105 7911
1 2 7911 2095 8462
1 2 6105 8462 1686
1 2 2178 8463 8464
1 2 8462 8464 8463
1 2 8463 1686 8462
1 2 8464 8462 2095
1 2 2095 7910 8464
1 2 8351 8464 7910
1 2 7910 464 8351
1 2 8464 8351 2178
1 2 1686 8463 6106
1 2 8356 6106 8463
1 2 8463 2178 8356
1 2 6106 8356 206
1 2 389 3589 8146
1 2 8465 8146 3589
1 2 3589 992 8465
1 2 8146 8465 2144
1 2 1841 8466 8467
1 2 8465 8467 8466
1 2 8466 2144 8465
1 2 8467 8465 992
1 2 992 3593 8467
1 2 6747 8467 3593
1 2 3593 148 6747
1 2 8467 6747 1841
1 2 2144 8466 8147
1 2 6742 8147 8466
1 2 8466 1841 6742
1 2 8147 6742 489
1 2 468 8468 8470
1 2 8469 8470 8468
1 2 8468 2191 8469
1 2 8470 8469 2192
1 2 664 8471 8472
1 2 8469 8472 8471
1 2 8471 2192 8469
1 2 8472 8469 2191
1 2 2191 8473 8472
1 2 2496 8472 8473
1 2 8473 479 2496
1 2 8472 2496 664
1 2 2192 8471 8474
1 2 2495 8474 8471
1 2 8471 664 2495
1 2 8474 2495 195
1 2 354 4867 8404
1 2 8475 8404 4867
1 2 4867 1359 8475
1 2 8404 8475 2183
1 2 2190 8476 8477
1 2 8475 8477 8476
1 2 8476 2183 8475
1 2 8477 8475 1359
1 2 1359 4870 8477
1 2 8461 8477 4870
1 2 4870 191 8461
1 2 8477 8461 2190
1 2 2183 8476 8405
1 2 8460 8405 8476
1 2 8476 2190 8460
1 2 8405 8460 548
1 2 398 7486 8106
1 2 8478 8106 7486
1 2 7486 2013 8478
1 2 8106 8478 2134
1 2 1121 8479 8480
1 2 8478 8480 8479
1 2 8479 2134 8478
1 2 8480 8478 2013
1 2 2013 7485 8480
1 2 4023 8480 7485
1 2 7485 157 4023
1 2 8480 4023 1121
1 2 2134 8479 8107
1 2 4028 8107 8479
1 2 8479 1121 4028
1 2 8107 4028 554
1 2 522 7787 5460
1 2 8481 5460 7787
1 2 7787 2074 8481
1 2 5460 8481 1521
1 2 869 8482 8483
1 2 8481 8483 8482
1 2 8482 1521 8481
1 2 8483 8481 2074
1 2 2074 7791 8483
1 2 3173 8483 7791
1 2 7791 192 3173
1 2 8483 3173 869
1 2 1521 8482 5461
1 2 3172 5461 8482
1 2 8482 869 3172
1 2 5461 3172 367
1 2 201 4095 6609
1 2 8484 6609 4095
1 2 4095 1139 8484
1 2 6609 8484 1810
1 2 2189 8485 8486
1 2 8484 8486 8485
1 2 8485 1810 8484
1 2 8486 8484 1139
1 2 1139 4094 8486
1 2 8438 8486 4094
1 2 4094 358 8438
1 2 8486 8438 2189
1 2 1810 8485 6610
1 2 8441 6610 8485
1 2 8485 2189 8441
1 2 6610 8441 572
1 2 175 3218 7400
1 2 8487 7400 3218
1 2 3218 882 8487
1 2 7400 8487 1994
1 2 1218 8488 8489
1 2 8487 8489 8488
1 2 8488 1994 8487
1 2 8489 8487 882
1 2 882 3217 8489
1 2 4364 8489 3217
1 2 3217 358 4364
1 2 8489 4364 1218
1 2 1994 8488 7401
1 2 4369 7401 8488
1 2 8488 1218 4369
1 2 7401 4369 526
1 2 276 6323 7310
1 2 8490 7310 6323
1 2 6323 1742 8490
1 2 7310 8490 1973
1 2 1946 8491 8492
1 2 8490 8492 8491
1 2 8491 1973 8490
1 2 8492 8490 1742
1 2 1742 6326 8492
1 2 7199 8492 6326
1 2 6326 371 7199
1 2 8492 7199 1946
1 2 1973 8491 7311
1 2 7198 7311 8491
1 2 8491 1946 7198
1 2 7311 7198 518
1 2 194 8248 7683
1 2 8493 7683 8248
1 2 8248 2160 8493
1 2 7683 8493 2052
1 2 1071 8494 8495
1 2 8493 8495 8494
1 2 8494 2052 8493
1 2 8495 8493 2160
1 2 2160 8251 8495
1 2 3854 8495 8251
1 2 8251 549 3854
1 2 8495 3854 1071
1 2 2052 8494 7688
1 2 3859 7688 8494
1 2 8494 1071 3859
1 2 7688 3859 365
1 2 204 8496 8066
1 2 8497 8066 8496
1 2 8496 2193 8497
1 2 8066 8497 2126
1 2 2191 8498 8499
1 2 8497 8499 8498
1 2 8498 2126 8497
1 2 8499 8497 2193
1 2 2193 8500 8499
1 2 8473 8499 8500
1 2 8500 479 8473
1 2 8499 8473 2191
1 2 2126 8498 8062
1 2 8468 8062 8498
1 2 8498 2191 8468
1 2 8062 8468 468
1 2 392 4915 7823
1 2 8501 7823 4915
1 2 4915 1371 8501
1 2 7823 8501 2078
1 2 1974 8502 8503
1 2 8501 8503 8502
1 2 8502 2078 8501
1 2 8503 8501 1371
1 2 1371 4914 8503
1 2 7307 8503 4914
1 2 4914 160 7307
1 2 8503 7307 1974
1 2 2078 8502 7820
1 2 7312 7820 8502
1 2 8502 1974 7312
1 2 7820 7312 518
1 2 112 5709 8072
1 2 8504 8072 5709
1 2 5709 1588 8504
1 2 8072 8504 2128
1 2 2137 8505 8506
1 2 8504 8506 8505
1 2 8505 2128 8504
1 2 8506 8504 1588
1 2 1588 5712 8506
1 2 8111 8506 5712
1 2 5712 373 8111
1 2 8506 8111 2137
1 2 2128 8505 8073
1 2 8115 8073 8505
1 2 8505 2137 8115
1 2 8073 8115 561
1 2 386 3639 6201
1 2 8507 6201 3639
1 2 3639 1008 8507
1 2 6201 8507 1711
1 2 2051 8508 8509
1 2 8507 8509 8508
1 2 8508 1711 8507
1 2 8509 8507 1008
1 2 1008 3643 8509
1 2 7677 8509 3643
1 2 3643 175 7677
1 2 8509 7677 2051
1 2 1711 8508 6202
1 2 7682 6202 8508
1 2 8508 2051 7682
1 2 6202 7682 507
1 2 573 8429 8274
1 2 8510 8274 8429
1 2 8429 2187 8510
1 2 8274 8510 2164
1 2 2000 8511 8512
1 2 8510 8512 8511
1 2 8511 2164 8510
1 2 8512 8510 2187
1 2 2187 8428 8512
1 2 7422 8512 8428
1 2 8428 168 7422
1 2 8512 7422 2000
1 2 2164 8511 8271
1 2 7427 8271 8511
1 2 8511 2000 7427
1 2 8271 7427 411
1 2 355 8513 5270
1 2 8514 5270 8513
1 2 8513 2194 8514
1 2 5270 8514 1469
1 2 2195 8515 8516
1 2 8514 8516 8515
1 2 8515 1469 8514
1 2 8516 8514 2194
1 2 2194 8517 8516
1 2 8518 8516 8517
1 2 8517 202 8518
1 2 8516 8518 2195
1 2 1469 8515 5271
1 2 8519 5271 8515
1 2 8515 2195 8519
1 2 5271 8519 558
1 2 202 8517 7583
1 2 8520 7583 8517
1 2 8517 2194 8520
1 2 7583 8520 2030
1 2 1854 8521 8522
1 2 8520 8522 8521
1 2 8521 2030 8520
1 2 8522 8520 2194
1 2 2194 8513 8522
1 2 6802 8522 8513
1 2 8513 355 6802
1 2 8522 6802 1854
1 2 2030 8521 7580
1 2 6801 7580 8521
1 2 8521 1854 6801
1 2 7580 6801 562
1 2 103 3940 7090
1 2 8523 7090 3940
1 2 3940 1095 8523
1 2 7090 8523 1920
1 2 2188 8524 8525
1 2 8523 8525 8524
1 2 8524 1920 8523
1 2 8525 8523 1095
1 2 1095 3939 8525
1 2 8425 8525 3939
1 2 3939 369 8425
1 2 8525 8425 2188
1 2 1920 8524 7085
1 2 8430 7085 8524
1 2 8524 2188 8430
1 2 7085 8430 573
1 2 102 4836 6253
1 2 8526 6253 4836
1 2 4836 1351 8526
1 2 6253 8526 1725
1 2 1707 8527 8528
1 2 8526 8528 8527
1 2 8527 1725 8526
1 2 8528 8526 1351
1 2 1351 4842 8528
1 2 6184 8528 4842
1 2 4842 388 6184
1 2 8528 6184 1707
1 2 1725 8527 6254
1 2 6183 6254 8527
1 2 8527 1707 6183
1 2 6254 6183 512
1 2 519 5952 7425
1 2 8529 7425 5952
1 2 5952 1649 8529
1 2 7425 8529 1999
1 2 1607 8530 8531
1 2 8529 8531 8530
1 2 8530 1999 8529
1 2 8531 8529 1649
1 2 1649 5951 8531
1 2 5784 8531 5951
1 2 5951 118 5784
1 2 8531 5784 1607
1 2 1999 8530 7426
1 2 5789 7426 8530
1 2 8530 1607 5789
1 2 7426 5789 411
1 2 485 8532 8534
1 2 8533 8534 8532
1 2 8532 2196 8533
1 2 8534 8533 2197
1 2 2132 8535 8536
1 2 8533 8536 8535
1 2 8535 2197 8533
1 2 8536 8533 2196
1 2 2196 8537 8536
1 2 8093 8536 8537
1 2 8537 502 8093
1 2 8536 8093 2132
1 2 2197 8535 8538
1 2 8096 8538 8535
1 2 8535 2132 8096
1 2 8538 8096 113
1 2 131 7473 8540
1 2 8539 8540 7473
1 2 7473 2009 8539
1 2 8540 8539 2199
1 2 2198 8541 8542
1 2 8539 8542 8541
1 2 8541 2199 8539
1 2 8542 8539 2009
1 2 2009 7468 8542
1 2 8543 8542 7468
1 2 7468 450 8543
1 2 8542 8543 2198
1 2 2199 8541 8545
1 2 8544 8545 8541
1 2 8541 2198 8544
1 2 8545 8544 569
1 2 485 8546 8548
1 2 8547 8548 8546
1 2 8546 2200 8547
1 2 8548 8547 2201
1 2 1435 8549 8550
1 2 8547 8550 8549
1 2 8549 2201 8547
1 2 8550 8547 2200
1 2 2200 8551 8550
1 2 5155 8550 8551
1 2 8551 204 5155
1 2 8550 5155 1435
1 2 2201 8549 8552
1 2 5154 8552 8549
1 2 8549 1435 5154
1 2 8552 5154 521
1 2 543 8553 5571
1 2 8554 5571 8553
1 2 8553 2202 8554
1 2 5571 8554 1549
1 2 1948 8555 8556
1 2 8554 8556 8555
1 2 8555 1549 8554
1 2 8556 8554 2202
1 2 2202 8557 8556
1 2 7210 8556 8557
1 2 8557 506 7210
1 2 8556 7210 1948
1 2 1549 8555 5572
1 2 7209 5572 8555
1 2 8555 1948 7209
1 2 5572 7209 83
1 2 502 8537 8559
1 2 8558 8559 8537
1 2 8537 2196 8558
1 2 8559 8558 2204
1 2 2203 8560 8561
1 2 8558 8561 8560
1 2 8560 2204 8558
1 2 8561 8558 2196
1 2 2196 8532 8561
1 2 8562 8561 8532
1 2 8532 485 8562
1 2 8561 8562 2203
1 2 2204 8560 8564
1 2 8563 8564 8560
1 2 8560 2203 8563
1 2 8564 8563 203
1 2 195 7055 8474
1 2 8565 8474 7055
1 2 7055 1913 8565
1 2 8474 8565 2192
1 2 2205 8566 8567
1 2 8565 8567 8566
1 2 8566 2192 8565
1 2 8567 8565 1913
1 2 1913 7058 8567
1 2 8568 8567 7058
1 2 7058 494 8568
1 2 8567 8568 2205
1 2 2192 8566 8470
1 2 8569 8470 8566
1 2 8566 2205 8569
1 2 8470 8569 468
1 2 479 8570 2421
1 2 8571 2421 8570
1 2 8570 2206 8571
1 2 2421 8571 640
1 2 2197 8572 8573
1 2 8571 8573 8572
1 2 8572 640 8571
1 2 8573 8571 2206
1 2 2206 8574 8573
1 2 8534 8573 8574
1 2 8574 485 8534
1 2 8573 8534 2197
1 2 640 8572 2422
1 2 8538 2422 8572
1 2 8572 2197 8538
1 2 2422 8538 113
1 2 309 8014 7680
1 2 8575 7680 8014
1 2 8014 2115 8575
1 2 7680 8575 2050
1 2 2207 8576 8577
1 2 8575 8577 8576
1 2 8576 2050 8575
1 2 8577 8575 2115
1 2 2115 8017 8577
1 2 8578 8577 8017
1 2 8017 536 8578
1 2 8577 8578 2207
1 2 2050 8576 7681
1 2 8579 7681 8576
1 2 8576 2207 8579
1 2 7681 8579 507
1 2 571 8580 8082
1 2 8581 8082 8580
1 2 8580 2208 8581
1 2 8082 8581 2130
1 2 684 8582 8583
1 2 8581 8583 8582
1 2 8582 2130 8581
1 2 8583 8581 2208
1 2 2208 8584 8583
1 2 2555 8583 8584
1 2 8584 535 2555
1 2 8583 2555 684
1 2 2130 8582 8083
1 2 2560 8083 8582
1 2 8582 684 2560
1 2 8083 2560 243
1 2 492 3130 8586
1 2 8585 8586 3130
1 2 3130 858 8585
1 2 8586 8585 2209
1 2 2174 8587 8588
1 2 8585 8588 8587
1 2 8587 2209 8585
1 2 8588 8585 858
1 2 858 3136 8588
1 2 8328 8588 3136
1 2 3136 112 8328
1 2 8588 8328 2174
1 2 2209 8587 8589
1 2 8333 8589 8587
1 2 8587 2174 8333
1 2 8589 8333 523
1 2 535 8584 7512
1 2 8590 7512 8584
1 2 8584 2208 8590
1 2 7512 8590 2019
1 2 2210 8591 8592
1 2 8590 8592 8591
1 2 8591 2019 8590
1 2 8592 8590 2208
1 2 2208 8580 8592
1 2 8593 8592 8580
1 2 8580 571 8593
1 2 8592 8593 2210
1 2 2019 8591 7513
1 2 8594 7513 8591
1 2 8591 2210 8594
1 2 7513 8594 88
1 2 131 8540 4703
1 2 8595 4703 8540
1 2 8540 2199 8595
1 2 4703 8595 1312
1 2 2211 8596 8597
1 2 8595 8597 8596
1 2 8596 1312 8595
1 2 8597 8595 2199
1 2 2199 8545 8597
1 2 8598 8597 8545
1 2 8545 569 8598
1 2 8597 8598 2211
1 2 1312 8596 4704
1 2 8599 4704 8596
1 2 8596 2211 8599
1 2 4704 8599 514
1 2 536 7863 8578
1 2 8600 8578 7863
1 2 7863 2084 8600
1 2 8578 8600 2207
1 2 1712 8601 8602
1 2 8600 8602 8601
1 2 8601 2207 8600
1 2 8602 8600 2084
1 2 2084 7862 8602
1 2 6198 8602 7862
1 2 7862 93 6198
1 2 8602 6198 1712
1 2 2207 8601 8579
1 2 6203 8579 8601
1 2 8601 1712 6203
1 2 8579 6203 507
1 2 185 5343 7928
1 2 8603 7928 5343
1 2 5343 1489 8603
1 2 7928 8603 2098
1 2 2077 8604 8605
1 2 8603 8605 8604
1 2 8604 2098 8603
1 2 8605 8603 1489
1 2 1489 5342 8605
1 2 7803 8605 5342
1 2 5342 410 7803
1 2 8605 7803 2077
1 2 2098 8604 7929
1 2 7806 7929 8604
1 2 8604 2077 7806
1 2 7929 7806 567
1 2 251 5331 7730
1 2 8606 7730 5331
1 2 5331 1487 8606
1 2 7730 8606 2060
1 2 2212 8607 8608
1 2 8606 8608 8607
1 2 8607 2060 8606
1 2 8608 8606 1487
1 2 1487 5336 8608
1 2 8609 8608 5336
1 2 5336 406 8609
1 2 8608 8609 2212
1 2 2060 8607 7731
1 2 8610 7731 8607
1 2 8607 2212 8610
1 2 7731 8610 545
1 2 571 8611 8593
1 2 8612 8593 8611
1 2 8611 2213 8612
1 2 8593 8612 2210
1 2 1952 8613 8614
1 2 8612 8614 8613
1 2 8613 2210 8612
1 2 8614 8612 2213
1 2 2213 8615 8614
1 2 7219 8614 8615
1 2 8615 395 7219
1 2 8614 7219 1952
1 2 2210 8613 8594
1 2 7223 8594 8613
1 2 8613 1952 7223
1 2 8594 7223 88
1 2 216 4432 4026
1 2 8616 4026 4432
1 2 4432 1234 8616
1 2 4026 8616 1120
1 2 2149 8617 8618
1 2 8616 8618 8617
1 2 8617 1120 8616
1 2 8618 8616 1234
1 2 1234 4431 8618
1 2 8166 8618 4431
1 2 4431 408 8166
1 2 8618 8166 2149
1 2 1120 8617 4027
1 2 8169 4027 8617
1 2 8617 2149 8169
1 2 4027 8169 554
1 2 406 8269 8609
1 2 8619 8609 8269
1 2 8269 2163 8619
1 2 8609 8619 2212
1 2 2214 8620 8621
1 2 8619 8621 8620
1 2 8620 2212 8619
1 2 8621 8619 2163
1 2 2163 8265 8621
1 2 8622 8621 8265
1 2 8265 217 8622
1 2 8621 8622 2214
1 2 2212 8620 8610
1 2 8623 8610 8620
1 2 8620 2214 8623
1 2 8610 8623 545
1 2 502 8624 6555
1 2 8625 6555 8624
1 2 8624 2215 8625
1 2 6555 8625 1798
1 2 2216 8626 8627
1 2 8625 8627 8626
1 2 8626 1798 8625
1 2 8627 8625 2215
1 2 2215 8628 8627
1 2 8629 8627 8628
1 2 8628 492 8629
1 2 8627 8629 2216
1 2 1798 8626 6549
1 2 8630 6549 8626
1 2 8626 2216 8630
1 2 6549 8630 197
1 2 450 7994 8543
1 2 8631 8543 7994
1 2 7994 2111 8631
1 2 8543 8631 2198
1 2 694 8632 8633
1 2 8631 8633 8632
1 2 8632 2198 8631
1 2 8633 8631 2111
1 2 2111 7990 8633
1 2 2587 8633 7990
1 2 7990 221 2587
1 2 8633 2587 694
1 2 2198 8632 8544
1 2 2592 8544 8632
1 2 8632 694 2592
1 2 8544 2592 569
1 2 114 8098 5686
1 2 8634 5686 8098
1 2 8098 2133 8634
1 2 5686 8634 1581
1 2 2205 8635 8636
1 2 8634 8636 8635
1 2 8635 1581 8634
1 2 8636 8634 2133
1 2 2133 8101 8636
1 2 8569 8636 8101
1 2 8101 468 8569
1 2 8636 8569 2205
1 2 1581 8635 5681
1 2 8568 5681 8635
1 2 8635 2205 8568
1 2 5681 8568 494
1 2 199 2839 8231
1 2 8637 8231 2839
1 2 2839 771 8637
1 2 8231 8637 2158
1 2 2213 8638 8639
1 2 8637 8639 8638
1 2 8638 2158 8637
1 2 8639 8637 771
1 2 771 2845 8639
1 2 8615 8639 2845
1 2 2845 395 8615
1 2 8639 8615 2213
1 2 2158 8638 8235
1 2 8611 8235 8638
1 2 8638 2213 8611
1 2 8235 8611 571
1 2 506 8557 5437
1 2 8640 5437 8557
1 2 8557 2202 8640
1 2 5437 8640 1515
1 2 1152 8641 8642
1 2 8640 8642 8641
1 2 8641 1515 8640
1 2 8642 8640 2202
1 2 2202 8553 8642
1 2 4142 8642 8553
1 2 8553 543 4142
1 2 8642 4142 1152
1 2 1515 8641 5431
1 2 4141 5431 8641
1 2 8641 1152 4141
1 2 5431 4141 235
1 2 479 8500 8570
1 2 8643 8570 8500
1 2 8500 2193 8643
1 2 8570 8643 2206
1 2 2200 8644 8645
1 2 8643 8645 8644
1 2 8644 2206 8643
1 2 8645 8643 2193
1 2 2193 8496 8645
1 2 8551 8645 8496
1 2 8496 204 8551
1 2 8645 8551 2200
1 2 2206 8644 8574
1 2 8546 8574 8644
1 2 8644 2200 8546
1 2 8574 8546 485
1 2 187 8297 6486
1 2 8646 6486 8297
1 2 8297 2168 8646
1 2 6486 8646 1780
1 2 2170 8647 8648
1 2 8646 8648 8647
1 2 8647 1780 8646
1 2 8648 8646 2168
1 2 2168 8296 8648
1 2 8307 8648 8296
1 2 8296 437 8307
1 2 8648 8307 2170
1 2 1780 8647 6483
1 2 8310 6483 8647
1 2 8647 2170 8310
1 2 6483 8310 508
1 2 540 6572 8650
1 2 8649 8650 6572
1 2 6572 1802 8649
1 2 8650 8649 2217
1 2 1196 8651 8652
1 2 8649 8652 8651
1 2 8651 2217 8649
1 2 8652 8649 1802
1 2 1802 6571 8652
1 2 4287 8652 6571
1 2 6571 89 4287
1 2 8652 4287 1196
1 2 2217 8651 8653
1 2 4292 8653 8651
1 2 8651 1196 4292
1 2 8653 4292 452
1 2 456 5702 8047
1 2 8654 8047 5702
1 2 5702 1587 8654
1 2 8047 8654 2121
1 2 2177 8655 8656
1 2 8654 8656 8655
1 2 8655 2121 8654
1 2 8656 8654 1587
1 2 1587 5707 8656
1 2 8355 8656 5707
1 2 5707 206 8355
1 2 8656 8355 2177
1 2 2121 8655 8048
1 2 8354 8048 8655
1 2 8655 2177 8354
1 2 8048 8354 565
1 2 492 8628 3399
1 2 8657 3399 8628
1 2 8628 2215 8657
1 2 3399 8657 936
1 2 2204 8658 8659
1 2 8657 8659 8658
1 2 8658 936 8657
1 2 8659 8657 2215
1 2 2215 8624 8659
1 2 8559 8659 8624
1 2 8624 502 8559
1 2 8659 8559 2204
1 2 936 8658 3400
1 2 8564 3400 8658
1 2 8658 2204 8564
1 2 3400 8564 203
1 2 513 8660 8662
1 2 8661 8662 8660
1 2 8660 2218 8661
1 2 8662 8661 2219
1 2 1938 8663 8664
1 2 8661 8664 8663
1 2 8663 2219 8661
1 2 8664 8661 2218
1 2 2218 8665 8664
1 2 7168 8664 8665
1 2 8665 196 7168
1 2 8664 7168 1938
1 2 2219 8663 8666
1 2 7167 8666 8663
1 2 8663 1938 7167
1 2 8666 7167 458
1 2 183 6836 6627
1 2 8667 6627 6836
1 2 6836 1865 8667
1 2 6627 8667 1815
1 2 2166 8668 8669
1 2 8667 8669 8668
1 2 8668 1815 8667
1 2 8669 8667 1865
1 2 1865 6842 8669
1 2 8287 8669 6842
1 2 6842 449 8287
1 2 8669 8287 2166
1 2 1815 8668 6628
1 2 8286 6628 8668
1 2 8668 2166 8286
1 2 6628 8286 528
1 2 451 3884 8423
1 2 8670 8423 3884
1 2 3884 1080 8670
1 2 8423 8670 2186
1 2 2218 8671 8672
1 2 8670 8672 8671
1 2 8671 2186 8670
1 2 8672 8670 1080
1 2 1080 3889 8672
1 2 8665 8672 3889
1 2 3889 196 8665
1 2 8672 8665 2218
1 2 2186 8671 8420
1 2 8660 8420 8671
1 2 8671 2218 8660
1 2 8420 8660 513
1 2 569 2792 8598
1 2 8673 8598 2792
1 2 2792 756 8673
1 2 8598 8673 2211
1 2 1297 8674 8675
1 2 8673 8675 8674
1 2 8674 2211 8673
1 2 8675 8673 756
1 2 756 2797 8675
1 2 4651 8675 2797
1 2 2797 248 4651
1 2 8675 4651 1297
1 2 2211 8674 8599
1 2 4650 8599 8674
1 2 8674 1297 4650
1 2 8599 4650 514
1 2 202 4471 8518
1 2 8676 8518 4471
1 2 4471 1246 8676
1 2 8518 8676 2195
1 2 2220 8677 8678
1 2 8676 8678 8677
1 2 8677 2195 8676
1 2 8678 8676 1246
1 2 1246 4470 8678
1 2 8679 8678 4470
1 2 4470 425 8679
1 2 8678 8679 2220
1 2 2195 8677 8519
1 2 8680 8519 8677
1 2 8677 2220 8680
1 2 8519 8680 558
1 2 425 7204 8679
1 2 8681 8679 7204
1 2 7204 1947 8681
1 2 8679 8681 2220
1 2 2145 8682 8683
1 2 8681 8683 8682
1 2 8682 2220 8681
1 2 8683 8681 1947
1 2 1947 7203 8683
1 2 8153 8683 7203
1 2 7203 96 8153
1 2 8683 8153 2145
1 2 2220 8682 8680
1 2 8152 8680 8682
1 2 8682 2145 8152
1 2 8680 8152 558
1 2 531 8684 5490
1 2 8685 5490 8684
1 2 8684 2221 8685
1 2 5490 8685 1528
1 2 942 8686 8687
1 2 8685 8687 8686
1 2 8686 1528 8685
1 2 8687 8685 2221
1 2 2221 8688 8687
1 2 3415 8687 8688
1 2 8688 500 3415
1 2 8687 3415 942
1 2 1528 8686 5491
1 2 3421 5491 8686
1 2 8686 942 3421
1 2 5491 3421 86
1 2 545 8623 8690
1 2 8689 8690 8623
1 2 8623 2214 8689
1 2 8690 8689 2222
1 2 1065 8691 8692
1 2 8689 8692 8691
1 2 8691 2222 8689
1 2 8692 8689 2214
1 2 2214 8622 8692
1 2 3838 8692 8622
1 2 8622 217 3838
1 2 8692 3838 1065
1 2 2222 8691 8693
1 2 3837 8693 8691
1 2 8691 1065 3837
1 2 8693 3837 530
1 2 452 5855 8653
1 2 8694 8653 5855
1 2 5855 1625 8694
1 2 8653 8694 2217
1 2 1215 8695 8696
1 2 8694 8696 8695
1 2 8695 2217 8694
1 2 8696 8694 1625
1 2 1625 5854 8696
1 2 4352 8696 5854
1 2 5854 193 4352
1 2 8696 4352 1215
1 2 2217 8695 8650
1 2 4357 8650 8695
1 2 8695 1215 4357
1 2 8650 4357 540
1 2 485 8548 8562
1 2 8697 8562 8548
1 2 8548 2201 8697
1 2 8562 8697 2203
1 2 885 8698 8699
1 2 8697 8699 8698
1 2 8698 2203 8697
1 2 8699 8697 2201
1 2 2201 8552 8699
1 2 3221 8699 8552
1 2 8552 521 3221
1 2 8699 3221 885
1 2 2203 8698 8563
1 2 3226 8563 8698
1 2 8698 885 3226
1 2 8563 3226 203
1 2 458 5748 8666
1 2 8700 8666 5748
1 2 5748 1597 8700
1 2 8666 8700 2219
1 2 2080 8701 8702
1 2 8700 8702 8701
1 2 8701 2219 8700
1 2 8702 8700 1597
1 2 1597 5747 8702
1 2 7836 8702 5747
1 2 5747 85 7836
1 2 8702 7836 2080
1 2 2219 8701 8662
1 2 7835 8662 8701
1 2 8701 2080 7835
1 2 8662 7835 513
1 2 490 8002 8704
1 2 8703 8704 8002
1 2 8002 2112 8703
1 2 8704 8703 2223
1 2 2113 8705 8706
1 2 8703 8706 8705
1 2 8705 2223 8703
1 2 8706 8703 2112
1 2 2112 8001 8706
1 2 8004 8706 8001
1 2 8001 312 8004
1 2 8706 8004 2113
1 2 2223 8705 8707
1 2 8007 8707 8705
1 2 8705 2113 8007
1 2 8707 8007 510
1 2 500 8688 4415
1 2 8708 4415 8688
1 2 8688 2221 8708
1 2 4415 8708 1231
1 2 657 8709 8710
1 2 8708 8710 8709
1 2 8709 1231 8708
1 2 8710 8708 2221
1 2 2221 8684 8710
1 2 2467 8710 8684
1 2 8684 531 2467
1 2 8710 2467 657
1 2 1231 8709 4416
1 2 2473 4416 8709
1 2 8709 657 2473
1 2 4416 2473 210
1 2 228 3255 7670
1 2 8711 7670 3255
1 2 3255 896 8711
1 2 7670 8711 2048
1 2 2224 8712 8713
1 2 8711 8713 8712
1 2 8712 2048 8711
1 2 8713 8711 896
1 2 896 3260 8713
1 2 8714 8713 3260
1 2 3260 532 8714
1 2 8713 8714 2224
1 2 2048 8712 7667
1 2 8715 7667 8712
1 2 8712 2224 8715
1 2 7667 8715 499
1 2 183 5455 7437
1 2 8716 7437 5455
1 2 5455 1519 8716
1 2 7437 8716 2002
1 2 2079 8717 8718
1 2 8716 8718 8717
1 2 8717 2002 8716
1 2 8718 8716 1519
1 2 1519 5454 8718
1 2 7831 8718 5454
1 2 5454 441 7831
1 2 8718 7831 2079
1 2 2002 8717 7438
1 2 7830 7438 8717
1 2 8717 2079 7830
1 2 7438 7830 553
1 2 438 7653 7083
1 2 8719 7083 7653
1 2 7653 2044 8719
1 2 7083 8719 1918
1 2 1782 8720 8721
1 2 8719 8721 8720
1 2 8720 1918 8719
1 2 8721 8719 2044
1 2 2044 7652 8721
1 2 6496 8721 7652
1 2 7652 557 6496
1 2 8721 6496 1782
1 2 1918 8720 7079
1 2 6495 7079 8720
1 2 8720 1782 6495
1 2 7079 6495 49
1 2 201 3507 4096
1 2 8722 4096 3507
1 2 3507 968 8722
1 2 4096 8722 1140
1 2 2224 8723 8724
1 2 8722 8724 8723
1 2 8723 1140 8722
1 2 8724 8722 968
1 2 968 3512 8724
1 2 8715 8724 3512
1 2 3512 499 8715
1 2 8724 8715 2224
1 2 1140 8723 4090
1 2 8714 4090 8723
1 2 8723 2224 8714
1 2 4090 8714 532
1 2 123 7946 5652
1 2 8725 5652 7946
1 2 7946 2102 8725
1 2 5652 8725 1572
1 2 2222 8726 8727
1 2 8725 8727 8726
1 2 8726 1572 8725
1 2 8727 8725 2102
1 2 2102 7945 8727
1 2 8690 8727 7945
1 2 7945 545 8690
1 2 8727 8690 2222
1 2 1572 8726 5653
1 2 8693 5653 8726
1 2 8726 2222 8693
1 2 5653 8693 530
1 2 197 8630 7051
1 2 8728 7051 8630
1 2 8630 2216 8728
1 2 7051 8728 1911
1 2 2209 8729 8730
1 2 8728 8730 8729
1 2 8729 1911 8728
1 2 8730 8728 2216
1 2 2216 8629 8730
1 2 8586 8730 8629
1 2 8629 492 8586
1 2 8730 8586 2209
1 2 1911 8729 7052
1 2 8589 7052 8729
1 2 8729 2209 8589
1 2 7052 8589 523
1 2 116 5131 5550
1 2 8731 5550 5131
1 2 5131 1430 8731
1 2 5550 8731 1545
1 2 2223 8732 8733
1 2 8731 8733 8732
1 2 8732 1545 8731
1 2 8733 8731 1430
1 2 1430 5135 8733
1 2 8704 8733 5135
1 2 5135 490 8704
1 2 8733 8704 2223
1 2 1545 8732 5551
1 2 8707 5551 8732
1 2 8732 2223 8707
1 2 5551 8707 510
1 2 194 7685 8282
1 2 8734 8282 7685
1 2 7685 2053 8734
1 2 8282 8734 2165
1 2 2147 8735 8736
1 2 8734 8736 8735
1 2 8735 2165 8734
1 2 8736 8734 2053
1 2 2053 7689 8736
1 2 8159 8736 7689
1 2 7689 467 8159
1 2 8736 8159 2147
1 2 2165 8735 8279
1 2 8158 8279 8735
1 2 8735 2147 8158
1 2 8279 8158 564

boundary
320
1 1 0 2294
1 1 2294 599
1 1 599 2288
1 1 2288 1
1 1 1 6458
1 1 6458 1774
1 1 1774 6462
1 1 6462 2
1 1 2 2283
1 1 2283 595
1 1 595 2284
1 1 2284 3
1 1 3 5723
1 1 5723 1591
1 1 1591 5727
1 1 5727 4
1 1 4 7533
1 1 7533 2025
1 1 2025 7537
1 1 7537 5
1 1 5 5604
1 1 5604 1558
1 1 1558 5605
1 1 5605 6
1 1 6 7096
1 1 7096 1922
1 1 1922 7101
1 1 7101 7
1 1 7 3454
1 1 3454 951
1 1 951 3448
1 1 3448 8
1 1 8 6204
1 1 6204 1713
1 1 1713 6208
1 1 6208 9
1 1 9 6936
1 1 6936 1887
1 1 1887 6941
1 1 6941 10
1 1 10 3267
1 1 3267 898
1 1 898 3262
1 1 3262 11
1 1 11 6633
1 1 6633 1816
1 1 1816 6634
1 1 6634 12
1 1 12 5749
1 1 5749 1598
1 1 1598 5754
1 1 5754 13
1 1 13 7778
1 1 7778 2071
1 1 2071 7782
1 1 7782 14
1 1 14 6497
1 1 6497 1783
1 1 1783 6502
1 1 6502 15
1 1 15 3203
1 1 3203 878
1 1 878 3197
1 1 3197 16
1 1 16 7389
1 1 7389 1992
1 1 1992 7393
1 1 7393 17
1 1 17 5050
1 1 5050 1407
1 1 1407 5044
1 1 5044 18
1 1 18 7243
1 1 7243 1958
1 1 1958 7247
1 1 7247 19
1 1 19 4833
1 1 4833 1348
1 1 1348 4828
1 1 4828 20
1 1 20 3058
1 1 3058 834
1 1 834 3059
1 1 3059 21
1 1 21 5447
1 1 5447 1517
1 1 1517 5448
1 1 5448 22
1 1 22 7514
1 1 7514 2020
1 1 2020 7519
1 1 7519 23
1 1 23 5518
1 1 5518 1536
1 1 1536 5513
1 1 5513 24
1 1 24 3625
1 1 3625 1002
1 1 1002 3626
1 1 3626 25
1 1 25 5585
1 1 5585 1553
1 1 1553 5586
1 1 5586 26
1 1 26 7257
1 1 7257 1962
1 1 1962 7262
1 1 7262 27
1 1 27 5197
1 1 5197 1448
1 1 1448 5202
1 1 5202 28
1 1 28 7440
1 1 7440 2004
1 1 2004 7444
1 1 7444 29
1 1 29 5258
1 1 5258 1466
1 1 1466 5252
1 1 5252 30
1 1 30 5308
1 1 5308 1479
1 1 1479 5303
1 1 5303 31
1 1 31 7264
1 1 7264 1964
1 1 1964 7268
1 1 7268 32
1 1 32 5273
1 1 5273 1471
1 1 1471 5278
1 1 5278 33
1 1 33 7406
1 1 7406 1996
1 1 1996 7410
1 1 7410 34
1 1 34 3166
1 1 3166 867
1 1 867 3160
1 1 3160 35
1 1 35 5400
1 1 5400 1504
1 1 1504 5397
1 1 5397 36
1 1 36 4614
1 1 4614 1287
1 1 1287 4615
1 1 4615 37
1 1 37 2249
1 1 2249 584
1 1 584 2250
1 1 2250 38
1 1 38 6278
1 1 6278 1732
1 1 1732 6282
1 1 6282 39
1 1 39 5395
1 1 5395 1503
1 1 1503 5390
1 1 5390 40
1 1 40 3233
1 1 3233 887
1 1 887 3234
1 1 3234 41
1 1 41 6827
1 1 6827 1861
1 1 1861 6831
1 1 6831 42
1 1 42 5171
1 1 5171 1441
1 1 1441 5176
1 1 5176 43
1 1 43 7499
1 1 7499 2017
1 1 2017 7503
1 1 7503 44
1 1 44 4035
1 1 4035 1123
1 1 1123 4030
1 1 4030 45
1 1 45 3572
1 1 3572 986
1 1 986 3567
1 1 3567 46
1 1 46 6349
1 1 6349 1748
1 1 1748 6353
1 1 6353 47
1 1 47 7007
1 1 7007 1903
1 1 1903 7011
1 1 7011 48
1 1 48 6490
1 1 6490 1781
1 1 1781 6494
1 1 6494 49
1 1 49 7077
1 1 7077 1917
1 1 1917 7082
1 1 7082 50
1 1 50 5409
1 1 5409 1507
1 1 1507 5403
1 1 5403 51
1 1 51 7139
1 1 7139 1933
1 1 1933 7143
1 1 7143 52
1 1 52 3477
1 1 3477 958
1 1 958 3478
1 1 3478 53
1 1 53 7620
1 1 7620 2037
1 1 2037 7624
1 1 7624 54
1 1 54 2728
1 1 2728 735
1 1 735 2722
1 1 2722 55
1 1 55 7463
1 1 7463 2008
1 1 2008 7467
1 1 7467 56
1 1 56 5599
1 1 5599 1557
1 1 1557 5593
1 1 5593 57
1 1 57 6874
1 1 6874 1874
1 1 1874 6879
1 1 6879 58
1 1 58 6966
1 1 6966 1894
1 1 1894 6960
1 1 6960 59
1 1 59 7607
1 1 7607 2035
1 1 2035 7611
1 1 7611 60
1 1 60 2960
1 1 2960 806
1 1 806 2961
1 1 2961 61
1 1 61 6883
1 1 6883 1877
1 1 1877 6887
1 1 6887 62
1 1 62 4052
1 1 4052 1127
1 1 1127 4053
1 1 4053 63
1 1 63 6218
1 1 6218 1717
1 1 1717 6223
1 1 6223 64
1 1 64 2355
1 1 2355 619
1 1 619 2356
1 1 2356 65
1 1 65 6651
1 1 6651 1821
1 1 1821 6655
1 1 6655 66
1 1 66 7761
1 1 7761 2067
1 1 2067 7766
1 1 7766 67
1 1 67 5607
1 1 5607 1560
1 1 1560 5612
1 1 5612 68
1 1 68 6591
1 1 6591 1806
1 1 1806 6596
1 1 6596 69
1 1 69 6690
1 1 6690 1830
1 1 1830 6695
1 1 6695 70
1 1 70 6003
1 1 6003 1662
1 1 1662 6004
1 1 6004 71
1 1 71 2437
1 1 2437 645
1 1 645 2438
1 1 2438 72
1 1 72 7773
1 1 7773 2070
1 1 2070 7777
1 1 7777 73
1 1 73 5054
1 1 5054 1408
1 1 1408 5055
1 1 5055 74
1 1 74 3764
1 1 3764 1043
1 1 1043 3765
1 1 3765 75
1 1 75 7181
1 1 7181 1942
1 1 1942 7186
1 1 7186 76
1 1 76 3657
1 1 3657 1012
1 1 1012 3651
1 1 3651 77
1 1 77 7120
1 1 7120 1928
1 1 1928 7124
1 1 7124 78
1 1 78 7930
1 1 7930 2099
1 1 2099 7935
1 1 7935 79
1 1 79 7375
1 1 7375 1988
1 1 1988 7380
1 1 7380 0

vertices
8737
2
1.319753291597031 0.01886719226008808
1.317781906225576 0.05652074812871228
1.313851289729034 0.09393196603469406
1.307985675665167 0.1309397755840244
1.300221227495195 0.167383821153866
1.290605815624026 0.2031047129895091
1.279198722263295 0.2379442444316402
1.266070275936815 0.2717455670286523
1.251301417881838 0.3043533165167316
1.234983203019419 0.3356136843280312
1.217216238570542 0.3653744315272238
1.198110063779147 0.3934848450162579
1.177782474566273 0.4197956396471189
1.156358797279026 0.4441588147236671
1.133971116011977 0.4664274794483121
1.110757458264798 0.4864556693648422
1.086860943956824 0.5040981849214767
1.062428903045161 0.5192104940122472
1.037611967186508 0.5316487527022609
1.012563141042902 0.5412700120413991
0.9874368589570982 0.5479326933389875
0.9623880328134921 0.5514974284770544
0.937571096954839 0.551828374159559
0.9131390560431762 0.5487951170849148
0.8892425417352022 0.5422752877393856
0.8660288839880231 0.5321579899095952
0.8436412027209745 0.5183481266082747
0.8222175254337274 0.500771656336814
0.8018899362208531 0.4793817427108748
0.7827837614294587 0.4541656637657021
0.7650167969805808 0.4251522267320621
0.7486985821181618 0.39241929710583
0.7339297240631856 0.3561009114931908
0.720801277736705 0.3163933230340037
0.709394184375974 0.2735592526653005
0.6997787725048051 0.2279296171427319
0.692014324334833 0.179902099051127
0.6861487102709664 0.1299361263317227
0.6822180937744237 0.07854413139092441
0.6802467084029687 0.02627933212739907
0.6802467084029687 -0.02627933212739907
0.6822180937744237 -0.07854413139092441
0.6861487102709664 -0.1299361263317227
0.692014324334833 -0.179902099051127
0.6997787725048051 -0.2279296171427319
0.709394184375974 -0.2735592526653005
0.720801277736705 -0.3163933230340037
0.7339297240631856 -0.3561009114931908
0.7486985821181618 -0.39241929710583
0.7650167969805808 -0.4251522267320621
0.7827837614294587 -0.4541656637657021
0.8018899362208531 -0.4793817427108748
0.8222175254337274 -0.500771656336814
0.8436412027209745 -0.5183481266082747
0.8660288839880231 -0.5321579899095952
0.8892425417352022 -0.5422752877393856
0.9131390560431762 -0.5487951170849148
0.937571096954839 -0.551828374159559
0.9623880328134921 -0.5514974284770544
0.9874368589570982 -0.5479326933389875
1.012563141042902 -0.5412700120413991
1.037611967186508 -0.5316487527022609
1.062428903045161 -0.5192104940122472
1.086860943956824 -0.5040981849214767
1.110757458264798 -0.4864556693648422
1.133971116011977 -0.4664274794483121
1.156358797279026 -0.4441588147236671
1.177782474566273 -0.4197956396471189
1.198110063779147 -0.3934848450162579
1.217216238570542 -0.3653744315272238
1.234983203019419 -0.3356136843280312
1.251301417881838 -0.3043533165167316
1.266070275936815 -0.2717455670286523
1.279198722263295 -0.2379442444316402
1.290605815624026 -0.2031047129895091
1.300221227495195 -0.167383821153866
1.307985675665167 -0.1309397755840244
1.313851289729034 -0.09393196603469406
1.317781906225576 -0.05652074812871228
1.319753291597031 -0.01886719226008808
0.9995462456001722 0.08220990557005764
0.973975512548416 -0.2229250851130875
0.9596554460153858 0.324753618330516
0.9440883588659601 -0.3872331590126872
1.113511652739404 -0.07959035308736512
1.098425670969727 0.2464873733814411
0.8750164632354138 -0.06850739230865693
1.070509434788817 -0.3481009226419303
0.9377944683309645 0.4371587905222164
1.164427510549686 0.08850193535179596
0.8657595896189889 0.1913671411704398
1.140174162549124 -0.2100409291840891
0.8579410870694306 -0.2955649784190248
1.067236095213532 0.3743463109802563
0.8588988181541686 0.368637074391589
1.026236835985697 -0.433393077900197
0.9845124956539743 0.2064314368669493
0.9360945080863914 -0.4684386492563705
0.9933759385291334 -0.09486810558329387
0.8643101913925941 -0.4183347295734023
0.8198143772209349 0.05985177412231761
1.207924848615561 -0.01424192940090785
1.188404839855246 0.187803256175333
1.017361769880286 0.4555605585342842
0.8055437924135727 -0.1704112773813937
1.199007040088505 -0.1331544282838893
0.8649120570290135 0.4398435681377656
1.140386646675844 0.3366598518658253
1.078107549897403 0.01641640093914838
0.8126238582314884 0.2744260818529457
1.149614560087018 -0.3084330950661124
1.07735977851828 0.146755021491376
0.9880821015451715 -0.3114207194317591
1.059276201512759 -0.2617203093410692
1.057519483563675 -0.1673225679904141
0.9168163220689255 -0.1554621120221538
1.036695268660471 0.2972023425754273
0.9574650990430541 -0.01431468244167405
0.9668878783522641 0.4902997800990056
0.9879403775166812 0.3871182112227439
0.823284182769292 -0.3549405209010384
1.181460356106065 0.2671766883227889
1.239694070193218 0.07161642733573857
1.09168703899454 -0.4048386627480622
0.9041267608502046 0.479279421826794
0.8978468816232188 0.2669461588144912
0.9014920549780218 0.09934254223422456
0.9893001407098373 -0.4856519263705706
0.7874113088527079 -0.03662059176006765
0.8824595744967665 -0.4804699069075637
0.7773522941133757 0.1454580135838783
0.8828938133542322 -0.3634178448868692
1.20775562611876 -0.2312025533067396
1.07762681914121 0.4376513977920218
1.244629314655786 -0.07684425209238815
1.007641480450152 -0.3726396355049801
0.9172285483066386 0.3796586914456085
1.14121985315982 -0.3710411409293197
1.127719193772809 0.3917853205476248
0.9271957123091082 -0.2746771421076512
0.7841944518760519 -0.2440474715526618
1.236231087014625 0.1374454024063235
1.130264779154952 -0.1508780643674978
1.057755481474391 -0.04282328467359792
0.9746081400735176 -0.4362979830545601
0.8799416675121419 0.01488788203257702
0.8753148651370722 -0.2203658950302237
0.7948720869028026 0.3404785127123076
1.14102716996954 -0.01697887297179147
0.8168209031504163 0.4069583882268241
0.9499594041570349 -0.5106724587991599
1.071352810639655 -0.4561223439189142
0.7568153065116856 -0.1103258377496668
0.9774546140352265 0.2696266694076107
1.088766759782595 0.08253416997762877
0.94280639152068 -0.3358943656263433
1.12363973623238 0.1820401419742348
1.047129015387892 0.2095216783495769
1.176035010664632 -0.07259981649702713
0.7704735494077092 0.2165397004741794
0.9135355073853274 -0.4244460912286327
0.929209680064588 0.1647025367837683
0.899170854986916 0.3272069639839773
0.9301811917889629 0.5129300281382646
0.8425521518345291 -0.4602543544259303
1.199571843147482 -0.2843063732302065
1.08476046212678 0.3234234691908835
0.8106682007355802 -0.4127525504665314
1.009027442477468 0.4988926684411996
1.265859754880846 -0.002163088916288954
0.9950283793498175 -0.1638446847979278
1.01589568584477 0.1480709280404105
0.9103335866979601 -0.5093994885628603
1.224087309693693 0.2305741100865929
1.235643530434797 -0.1833346233657732
1.033053589168411 0.4123678444062636
0.7810760882216756 -0.3035123483172112
1.020400639535159 0.3469623337583791
1.036137313477002 -0.4857625062533957
1.053812837294417 0.4761847633437458
1.098775729192877 -0.2993984542672008
1.006652535337719 0.02197174945175445
1.063808593674099 -0.1092663420320456
0.842155081338227 0.1251600353890759
0.9302249692755988 -0.09440034121961217
0.7512222022173004 0.0322897351995183
0.8585800105827311 0.4811978387157416
1.170136659217599 0.03175769751473376
1.188814333934523 0.3205886398403457
1.254166261810903 -0.1315157550143212
1.045104875551619 -0.3939970604916628
0.8563626765197602 -0.1249445567111496
1.171908619755712 -0.1889345981591721
1.149428420074543 0.1441080683700506
0.9431782477402572 0.05284430889465965
1.082512219550168 -0.2147087290206457
1.131418783883525 0.2812129279045064
1.039417187893791 -0.3072248665359287
0.7614612125647265 -0.1892456676165946
0.9017748206456266 0.4106312326769032
0.8461386998565545 0.3098828432799924
0.9806691579121396 0.4348780084036932
0.9300574110051995 0.2211348876089333
1.010990715030059 -0.2677333431319296
1.0287953801325 -0.2163988580736116
1.174928917573292 -0.3420675764226069
1.242924205336106 0.1852939812674724
1.14795737307104 0.2308834921730745
1.162047293525 -0.2699359315134872
1.159518572090368 0.3667987314670283
0.8133196139603687 -0.07717062953758895
0.935346595513622 0.4872653364911613
0.7429271792802548 0.09451360253355226
0.8245869146080813 0.4431252735987447
0.8532790690646737 0.2395492872533095
0.9926477787542334 -0.05042834437324593
1.030760222909356 0.2451082518993238
1.135850576473936 -0.4066723629292475
1.11372916395141 0.4245242944726393
0.7758230180461706 0.294723843695311
0.9344515246687475 -0.2028557779975265
0.8978797519301779 -0.29978761000722
0.9875746499593708 -0.5117089190753737
0.8290772683581864 -0.2333749625102354
1.202162082658707 0.102414202909001
1.269429840961496 0.1062508454467585
1.09206226308821 -0.256789797489224
1.162966951499961 -0.1163139377845525
0.9544866830715197 0.3990995218882073
0.8389139314992855 -0.01113395942075067
1.121555481273717 0.04285222524726853
0.9546086956240007 0.1170422769768242
1.041432457353014 0.1066916305532779
1.264801645359452 -0.04151375570536713
0.8505816099429548 -0.376986461981204
0.9725255053928534 -0.3530453682094279
1.01451447992568 -0.5089325183897944
1.108162907309098 -0.3380161373316193
0.9422236041810923 0.2825122834860664
0.9708491025823817 0.5219210506952181
1.103218572058861 -0.03929126387453821
1.279015733295467 0.03484358243715402
0.8925667267762647 -0.3920399929412187
0.9040703250860113 0.4536827502872228
0.985220632023823 -0.403768036610875
1.22840634359169 0.2720680875415564
1.076558522028731 0.2842319600649194
1.112935575436448 0.1214294146856093
0.8471281960427469 -0.3294790608949737
0.7922913860323808 -0.3806477147926526
1.10064389573844 0.3701239856845832
1.104279949953919 -0.4517254628824298
0.8699127031447111 0.4082560872879286
0.8120387427544843 0.1857485927360105
1.046346253871754 0.06663301843197286
0.8668820545157592 -0.1789878543771129
0.884885871674141 -0.4443215610591391
0.7880123923169932 0.378833272352369
1.001571977818958 0.3153158074638383
0.8890194764942727 0.5109057322057206
0.9230380833636456 -0.04358445956909747
0.9570195705196669 -0.1406887750188314
0.9776708001821952 -0.2696448557120322
0.9662824295198 0.3627793843038088
0.8681113416413317 0.06328856865944214
1.099347167431207 -0.3725876299921245
1.231856851917861 0.02331552117159423
0.9600242099017852 -0.4832383058784994
0.7341187475939355 -0.06258487767317787
0.9836446635751903 0.4637206460766305
1.090321815032104 0.4017852628805798
0.8857141238812594 0.1449457046783394
1.082726269133331 0.4704994880762559
0.8535445119389967 -0.490004459867828
1.028645048814372 -0.1355808189132741
1.036045818806495 -0.3390806831148007
0.9410437098159847 -0.4388591732035738
1.204940679507815 -0.09698120603185065
1.057418611806711 -0.4258788430541758
0.8824087058336234 -0.5089092852878964
1.112437603975571 -0.1873188114087009
1.229363569703439 -0.2632387135830926
0.7412828356430708 0.1767226523985436
1.001697294070149 -0.4534207177997913
0.7730165467464469 -0.3449260340579796
1.190349021870481 0.1467966968842461
1.240819073680153 -0.2220799690424892
0.7996749943568203 0.01262880147769627
1.089395976007558 -0.1446330625695916
1.03895075290487 0.5031466966282214
0.8124567725828142 -0.2762009548159975
1.27523404597342 -0.1075388794912997
1.087756765622274 0.2118955163367846
1.202130586712092 -0.3186333480858199
1.184153441499323 0.2283216116841958
0.7443899513543829 0.2527624151273506
1.044413128653638 0.4462600940069821
0.8132736316624732 -0.4492787029794603
0.9201018620133294 -0.3640569302930878
0.801308781300657 0.1032572906262168
0.910567087052591 -0.4821022715138051
1.193808246889274 0.05653183083180031
0.8883095579417171 -0.2633369185225273
0.977613164555573 0.1630809423536226
1.233962704876276 -0.04101225422212862
1.040104734853767 -0.00519928828715575
0.7531070870327192 -0.2783399220636241
0.8110713897154223 0.2308195918194938
0.7300498342958365 -0.1521437420004317
1.021125348946179 0.3811378709985817
0.9280446458810735 -0.5270988359160182
0.7286246537529637 -0.01261547063100567
1.05488824234628 0.3417967989345649
0.9289498778961458 0.3488870648231389
0.8225336869211679 0.3718648171984026
1.015419625232517 -0.4063027518315716
1.16527184084703 -0.3970187247635759
1.172884379647679 -0.2286549631906923
1.272862097358106 0.1425057899092888
0.8949360059903545 0.226263336922008
0.8592793469025497 0.2771248169745756
1.145862329112866 0.420037386282316
0.8092980293858589 -0.1188864610304671
1.061260026167879 -0.4863332271023096
1.064266138593229 0.2457467808148857
0.8918965693433247 0.3579793584863653
0.8306328340400729 0.4739392398815181
0.816471228838015 -0.3160487210239367
0.7434459205961488 -0.2310148467166933
0.9969716034706032 0.5226619270885255
1.189632425814348 0.352466582792194
1.126636352296579 -0.2821168265193972
0.8794839074945555 0.4630205079553901
0.9450456833870851 -0.2414292351866586
1.176171021676335 -0.03724890361596341
0.9119567639481742 -0.4546126744860737
1.034084810787871 -0.07722016079515977
1.142910458045662 -0.05530313312933244
0.9466654231840865 0.53003061017984
0.9557849153623669 0.4562213817645918
1.217931412001275 0.3096933329977223
1.04212397921241 0.1688243701182885
0.9097626665206304 0.5253116684774329
1.167400427591742 -0.1565181435486797
1.03850030929745 -0.4591790010025892
0.800204802038224 -0.208409303570334
0.957879878478905 -0.06440698900705248
0.9223205402788128 0.0123302553704182
1.077916677705349 -0.07474708793189669
1.115497663534007 0.3059513927333682
0.8382249754680814 -0.4320442036254135
0.9882328073867561 0.3429268276198089
0.8633629893758237 0.5046500061208576
0.7990641919480366 0.4309598391794935
0.8947033122676203 -0.1135971673851605
0.9502706764258706 0.2508054796530338
0.7726336350343361 -0.1482025971557108
1.264908850987401 -0.1679587740541309
1.008358361627887 0.4297310283574316
1.000093545843697 -0.3417522741616592
1.158518625111233 0.3013688895113121
1.143263685719357 -0.3377796133950984
0.7539941999447672 0.3271450092240649
1.122618360876787 -0.1130807952014433
0.9596791207995594 -0.175896620329503
0.9807318583382112 0.05303884974876517
0.8408061407926064 0.02601512704434945
1.206249368501171 -0.1987918909025946
0.8879422919188941 0.3850324888576789
1.02815730506748 0.4785588756201762
1.025546347914774 -0.1824416718508845
0.9580642062233147 -0.411368627467095
0.8234397134828502 -0.3859575579558361
0.955279256696088 -0.3040259501557933
1.253724263365048 0.2118875023386234
0.9496926316695884 -0.5346914061774998
0.7282374577817624 0.1424633191101486
1.129051928580731 0.3613465590437674
0.776274772721844 0.06900495825804737
0.9300472073168564 -0.4960078768499215
0.8445684654225333 0.4247189403908381
0.9035894000169801 0.1903965806968522
0.8836634544536046 -0.03210720933883227
1.285944180930653 0.0742539893331829
1.069500539883488 -0.3153178479286219
0.9583815766867756 -0.4581035133980518
1.061110956585633 0.411118718289268
0.7178701384893695 -0.1067069430291847
1.155110534526874 0.2008838447133902
1.110828539678789 0.008168782706324968
1.188618483492111 -0.2548616930764061
1.041233376210244 -0.5078975971564071
0.9205041071647561 -0.397026909928328
0.8695757687082329 0.333622338455242
1.070609915490808 -0.3817464906925603
0.9318400921822403 0.4099061356125502
0.8128662193827106 0.3113257918682888
1.107086251173584 0.1548268269240414
1.015142803392621 0.1881876554175075
0.9074605150752333 0.05413974177264171
1.108990786725309 0.457050393890118
1.000373828880154 -0.4267887346480039
0.9939018877471818 -0.00959196122943879
1.207277263332734 -0.0564880603100443
1.086902237796615 -0.4769469776379945
0.8341475466542728 0.339301896317637
1.131210975314985 -0.4368072421580059
1.236879270207011 0.1044317195244554
0.9928431025662461 0.2403972214804459
0.8389328929303805 -0.1985031963876746
0.7215354846889099 0.057546977159845
0.9900024983863805 0.4867207489155864
1.230633686680831 -0.1500081421507829
1.143700178336781 -0.180031784062562
0.8409762755290134 -0.4042117746715441
0.9736989259780451 0.2965228291947473
1.216687313958031 0.2001480182080558
0.8652287426908449 -0.4625901188881049
1.124086240422715 0.07963055944878709
1.0090835208238 0.2806749579186906
1.015563432285578 -0.4747081393269836
0.9000244883656958 -0.1891669444395002
1.01897028241378 0.5197106147065342
0.7793911792289392 -0.07872234610281946
1.120816949631789 0.2203544820025714
0.9524374322548051 0.1941248308796295
0.9508019890082811 0.5081385245889573
1.289163491677416 -0.07064117741845753
1.249292758832934 0.2468628132344971
1.178333329032697 -0.3041141183726903
1.296618141811677 -0.0007926543873916239
1.077368676272481 0.117214499883585
0.9190591484065951 0.3075209671850548
0.927463886898339 0.5337791596080023
0.8258452626264599 -0.4768885323824967
1.087746044875719 0.04776848554156045
0.7841647364284235 0.4067855111214957
1.17292452138191 -0.0001074545408371394
0.7905890965331415 -0.4295027917279799
0.9715157468823455 -0.5268718747069817
0.9787393706006179 -0.4638335004797801
0.8400970070754623 0.162988001788118
0.9905692618549249 0.1176552828475226
1.22309970619328 -0.3003600959498312
0.9046337072382071 -0.5272956029182151
0.8499692678229234 0.4585256740357448
0.8438725633851449 0.4962214016142661
0.7846716515633579 0.2544876850282132
0.7336290613241389 0.2129424815630982
0.8404141680845256 0.0892972282946638
0.9082784265651843 -0.3341590321032608
1.153417709728505 0.2599496895705664
1.170722840637936 0.1183339750330633
1.065053809779363 0.495175365005879
0.9118578888770842 -0.2351951628690132
0.9206736916001572 0.124098276919961
1.271604430428909 0.178930503334797
1.124276583541225 -0.3131600094689833
1.109591575152344 0.2748108276611079
0.9953654826745686 -0.1962382866438409
0.8874562364611189 -0.418832071772013
0.7526077827529357 -0.3202306640526875
1.161798526664293 0.3983803845920691
1.18450454135502 -0.3704909486508908
1.221069669647327 0.1695314869143338
1.084372304443598 -0.4277694430700836
0.8841290884972881 0.2993593230820454
0.9642212020967529 0.08340209135051826
1.055862712435895 -0.1996046955435099
1.04741587696104 -0.3663329519068514
0.7639013970691821 0.3589954005775525
0.9122611994980916 0.5034672767921491
0.8421646386218725 0.3948063728016606
1.080849254357803 0.1789772591990504
1.234506367403376 -0.1087726804618341
0.7762865509375991 0.1813348744403785
1.143608486765289 -0.08737760713994409
0.8371952119141628 0.2087810893724939
1.149984326686943 0.05643408510755929
1.058596140938926 -0.2328939759567497
0.9258815841163011 -0.3040749298622127
1.195801813966701 0.2912103543316666
1.070121897201559 -0.287001025937524
1.167374120725263 0.3355765390953411
1.262337429954278 -0.1985758496895251
1.033351323859677 -0.2495237148475523
0.9955743322371039 -0.5288770655479684
0.9981500585088493 0.3645938470094529
1.13316997456182 -0.246975188587155
1.144409449701417 0.02035441051054299
1.058889634875725 0.3136825134051498
1.208281359613478 0.334325915428002
1.013491017124438 -0.2959102156496128
1.204788695139976 0.2532036798873624
1.080443491758406 -0.1833292060014779
0.8789146289595176 0.4878107013649007
1.045822050850416 0.03128438653096441
0.8614058261204045 -0.5123549654183985
1.238711309972746 -0.01325359090078217
0.9576191232017242 0.4238363379150299
0.8488026953825915 -0.09227231264778002
0.8897118687868401 0.4346298699135962
1.03777472377038 -0.2781855792406027
1.04963999851288 0.2717226188871666
0.9877704642805644 -0.1325905431611693
1.253862910395925 -0.2487521235214686
0.9478820149668635 -0.3623914414244072
1.045267192456801 0.3891635310926191
1.195330225604441 0.01945113311527666
1.280503212386417 -0.1410674010595284
1.034336991827871 0.323972298790517
0.9602847359497919 -0.1056230990019263
1.161386510511905 0.1723264016234509
1.126378217510608 0.2547538107133746
0.8591805758655167 -0.3522876790528632
1.074574095206299 -0.01472189130868398
1.015819788799654 0.0510275819467029
0.7369594222585252 0.2891543253226204
0.9349977947922975 -0.4159360297316657
0.9857110867117893 0.5045788864605859
1.109279174662104 0.3399481800928285
1.004740193600152 -0.2385203846169025
1.20180711217546 -0.1684569710684819
1.016087857551794 -0.3199687607344325
1.050836115440191 0.1375112900173876
1.112071244744979 -0.2231666911379629
1.005349662949092 0.4036884399234738
1.060034049598407 -0.1388079309064758
0.8686036894760952 0.1048867173728149
1.02317354372859 -0.03310574270112681
1.111872252180176 -0.3979910272332312
0.8411879112306619 -0.05296868250227942
0.9793998501870876 0.4106236459857913
0.72535001285927 -0.1960471945055157
0.8546116684349045 -0.2562869786334436
0.9276849685802502 0.4566137330253525
1.041897250620455 0.3648416266420959
1.154163535747987 -0.4206274114086209
0.8051950786974889 0.4570310470551869
1.20186652130638 -0.3453382402115531
1.14404431422399 0.1122447263976151
0.7663479214100587 3.138107296388568e-05
1.064293093553001 0.4580004407540769
0.9690209753297201 -0.3808373234262689
0.9696275705282609 -0.5027543850564232
1.110456411414176 -0.4216708704383708
1.081623051787117 0.3506587593653127
1.295454080326099 -0.03414682872902781
0.8805664878823807 -0.1474194649395953
0.9649449197213587 0.02084128315953878
0.7645284671641821 -0.3705522770690698
0.8429309889412853 -0.1565254684712322
1.131782438616118 0.4424396737634105
0.8145903813164413 0.1445223868246599
1.015664368409842 0.219029187094837
1.036044987144136 -0.4148929333194018
1.093056318627212 -0.1033195957375756
0.7798913553285618 -0.4039571590598565
0.9620242235812191 0.2225787712977984
0.9056774515367527 -0.07296136484580996
0.7827085999283152 -0.2755251741873737
0.9704862666465095 -0.3286477821457804
0.9230669158451472 0.2495324292969065
0.8590841495533927 -0.4425836615834016
0.929719238300835 0.08214489344452873
1.249762084212003 0.1618728995601942
0.8968340868621427 -0.4957482059447799
0.7153359742079375 0.020061133184998
1.069595099217627 -0.4046217163747303
0.8771243152631816 -0.3288404607664559
0.8689153644112366 -0.394953767159784
0.9154794239353221 0.4337704186729735
0.9980181687626941 0.4492299445441888
1.005298858892293 0.4731437950036401
0.9301249334850352 -0.1236159132280178
0.772326596768788 -0.2181793223640709
0.9397575261952689 0.3800661596146627
1.026373178000886 -0.3833183479983214
1.011530552841335 -0.3894711936682759
1.030262250392068 -0.4001499061616172
1.136534078153462 0.1630741051721427
1.115362993702982 0.1684334844491381
1.128257335624063 0.149467447647046
0.7145379447756106 0.1122248644326375
0.684183402022695 0.1042401288613236
0.7125726365273393 0.08652886696223833
1.155407465293224 0.1582172349967507
1.142513123372142 0.1771832717988429
0.9668273166739877 -0.1994108527212953
0.9470653227341534 -0.1893761991635148
0.9542135186085817 -0.212890431555307
1.172396499701696 -0.2087947806749322
1.156041391152418 -0.1994877636716306
1.156529271098401 -0.2193479461873907
1.291640565345265 0.1000914057407263
1.310918482697101 0.1124358708093592
1.288707758313332 0.1185953105153914
1.298398819760521 0.04568216528293315
1.299384512446249 0.02685538734862105
1.318767598911303 0.03769397019440018
0.7835025024891495 -0.1798284724989941
0.7808330073014753 -0.1988274855934643
0.8028742972258983 -0.1894102904758638
1.109020504402456 0.3967852917141023
1.095482855385272 0.3859546242825815
1.114181544755624 0.380954653116104
1.178814317934758 0.3801417882416431
1.174575498952358 0.3596326571296111
1.193871244796747 0.372975713904226
0.794743887792231 -0.3304873775409581
0.7981503647578695 -0.349933277479509
0.8198777058036535 -0.3354946209624876
1.158074385366556 -0.3565543586759633
1.16286219725742 -0.3707660447901052
1.179716729464156 -0.3562792625367488
0.9159058647152274 0.4679465774260733
0.9315157820469361 0.4719395347582569
0.9197366781819133 0.4832723791589777
1.107518704109359 -0.469090566123636
1.122364287138387 -0.4764415744065771
1.119125532982948 -0.459076471165371
1.207601055974147 -0.03536499485547608
1.192047935145948 -0.02574541650843563
1.191724142504535 -0.04686848196300386
1.022946249735963 0.07442146200101525
1.043889355612384 0.08666232449262538
1.020489351476593 0.09445076806166777
1.287816937553572 0.0170254640248812
1.308185716704354 0.009037268936348229
1.078778955122818 0.388065786930418
1.083939995475986 0.3722351483324198
0.7355823185310086 0.1184884608218504
0.7071930840263644 0.1361997227209356
0.7601397366968152 0.1199858080587153
0.7721179802904559 0.09888544657988453
0.7893305377070163 0.1243576521050476
1.09567799154631 0.4310878461323305
1.083974317086657 0.4197183303363008
1.102025489491757 0.4131547786766095
1.075329202013568 -0.2448418867229868
1.058936171225842 -0.2473071426489095
1.075669232300485 -0.2592550534151466
1.157804399046247 -0.1844831911108671
1.141937170442953 -0.1950363566233256
1.240332493792639 -0.2837960150499121
1.258685846909327 -0.288049441772692
1.247716922820127 -0.2674921403058724
1.255436292606664 0.02907955180437412
1.248858303399353 0.01057621612765264
1.272437744088156 0.01634024676043253
1.046260376256329 -0.3801650061992571
1.027528678705596 -0.3694862937059157
0.9029919973662087 -0.009888476984207036
0.9033507689086251 -0.03784583445396487
0.9226793118212292 -0.01562710209933963
0.8142996100416849 -0.04479463713117354
0.8003654614065383 -0.0568956106488283
0.8272537625955153 -0.06506965601993418
1.22623163794836 -0.2817994047664619
1.237200562037559 -0.3023567062332814
0.8731253225055738 -0.279450948470776
0.8779104194998042 -0.2976762942131224
0.8930946549359475 -0.2815622642648736
1.087287241319189 -0.2357492632549348
1.070554180244547 -0.2238013524886977
1.259354901744342 0.0532300048864463
1.235775461055539 0.0474659742536664
1.007683017199913 0.06661874375838027
1.031083021335704 0.05883030018933788
0.9200352429021555 0.2747292211502788
0.9306413762938437 0.2950166253355606
0.9084530150149069 0.287233562999773
1.155830926806009 -0.2891845132897998
1.163973944559857 -0.3062736067194013
1.170190311278848 -0.2870250249430888
0.9846704976114923 -0.2095816858784642
0.977522301737064 -0.186067453486672
1.088831723596293 -0.3266669926301206
1.070004987336153 -0.3317093852852761
1.089336171048958 -0.3430585299867748
1.262819125561935 0.07293520833446074
1.277687010946075 0.0902524173899707
1.254561955577357 0.08893363639124854
0.9040985429681079 0.4664810860570084
0.9158776468331307 0.4551482416562876
1.001907310317759 -0.4972922223801824
0.9884373953346041 -0.4986804227229722
1.001044564942525 -0.510320718732584
1.153245847003425 -0.3840299328464478
1.174888191101025 -0.3837548367072333
0.8972081692224703 -0.4675412906968187
0.8984213178111575 -0.4494671177726064
0.8836727230854537 -0.4623957339833514
0.8675327011663061 -0.3122027195927404
0.8875020335966797 -0.3143140353868379
0.8131626201759967 -0.02387727559040916
0.8400509213649737 -0.03205132096151504
1.180809568336241 -0.2771211523718469
1.188952586090089 -0.2942102458014484
0.8965133307746788 -0.4812860892106844
0.9112619255003827 -0.4683574729999394
0.9015941184519416 0.3034401451335501
0.8909879850602535 0.2831527409482683
1.084928301110012 -0.3603442763170274
1.103755037370152 -0.3553018836618719
0.7890887137239544 -0.1593069372685522
0.7670474237995313 -0.1687241323861527
0.9402515912033498 -0.02894957100538576
0.9398928196609335 -0.0009922135356279253
1.0200988016838 -0.4562998594011902
1.008630363177863 -0.4640644285633875
1.027031870791514 -0.4669435701647864
1.095591093875267 -0.4643362202602122
1.098829848030707 -0.4817013235014184
1.013366294771052 -0.06382425258420285
0.9930118586416834 -0.07264822497826989
1.013730374658502 -0.08604413318922682
0.8293812790440215 0.292154462566469
0.8359516025670191 0.2757754494137606
0.8527090233795521 0.293503830127284
1.143618882931589 0.3792920260073266
1.16065854937733 0.3825895580295487
1.144758860218551 0.395082852569847
1.11135997533836 0.4407873441813787
1.093308802933259 0.4473508958410699
1.103469318250987 -0.31870729579941
1.084138134538183 -0.3073581510979113
1.12072417886211 0.4081548075101321
1.219196584836666 0.1199298026576622
1.213290054442553 0.1421210496452848
1.196255552264594 0.1246054498966235
1.065099608567805 0.09461290026545334
1.067556506827175 0.07458359420480082
0.8858256237844129 -0.525592286513641
0.8742187949108233 -0.5205336375987457
0.8776357128616127 -0.5372166388244903
1.28247995711306 0.05454878588516846
0.9077526351254126 -0.2690070303150892
0.9125377321196431 -0.2872323760574356
1.183953815503888 -0.1066475719082016
1.180986995794233 -0.1247341830342209
1.20197385979816 -0.11506781715787
0.8969381244867047 -0.5347854453288003
0.8935212065359153 -0.5181024441030557
0.9750564388986438 -0.03237151340745999
0.9576724887609795 -0.03936083572436327
0.9752638286165691 -0.05741766669014921
1.290423886511637 0.1367227827466566
1.271145969159801 0.1243783176780237
0.9238038975058568 0.4953663066416552
0.9327638936512924 0.500097682314713
0.9212211956435272 0.5081986524652069
1.096028092781369 0.2950916763991438
1.100129062830393 0.3146874309621258
1.080659492077755 0.3038277146279015
0.8525346415560888 -0.3125220196569992
0.8621262556529643 -0.3291597608307148
0.9430742922609515 0.4977019305400593
0.940491590398622 0.5105342763636109
0.9758231563653056 -0.2462849704125599
0.9912054968911737 -0.2540826201644674
0.989357853074284 -0.230722734864995
1.266896403166601 -0.07374271475542285
1.276982568518434 -0.05607746656191233
1.254715480007619 -0.05917900389887765
0.832951463648081 0.2569876845531276
0.8562792079836117 0.2583370521139425
1.032368572641574 -0.4462860394513931
1.013967065027923 -0.4434068978499942
0.9095016844761326 0.3951449620612558
0.9245343202444394 0.3947824135290793
0.9168074564139335 0.4102686841447267
1.190487845086224 -0.08479051126443889
1.169500981082296 -0.09445687714078982
1.100916789991564 -0.1659759369891463
1.121351191565262 -0.1690984378880994
1.109830377581255 -0.1477555634685447
1.052773179344991 -0.3271992655217113
1.053277626797656 -0.3435908028783655
0.7668939046667573 -0.2037124949903327
0.786265699403506 -0.2132943129672024
0.9603845562956599 0.3809394530960081
0.9771114035182407 0.3749487977632764
0.9712135302941005 0.3931088665554756
0.9419091878442944 0.1408724068802963
0.9661109300897869 0.1400616096652234
0.9534114223100805 0.1638917395686955
1.280656917603472 -0.01815495882265838
1.265330700120149 -0.02183842231082804
1.280127862842775 -0.03783029221719747
0.9756279085040191 -0.07963754729517317
1.09585852792932 0.4637749409831869
1.080176544137271 0.4540754429341388
0.8372061579537229 -0.3058068497214808
0.831799712440381 -0.3227638909594552
1.105698250927327 0.1969678291555097
1.084303009990038 0.1954363877679175
1.102244495295091 0.1805087005866426
1.028629177258231 -0.05516295174814329
1.007910661241412 -0.04176704353718637
1.155968167419869 0.2806592895409392
1.167439032917285 0.2635631889466776
1.169989490608649 0.2842727889170505
0.7987736585298453 -0.309780534670574
0.7770463174840613 -0.3242191911875954
1.013538810484291 -0.5251012652155967
1.025087554114705 -0.53645938237183
1.026063223556094 -0.5202906355460276
1.1221228710142 -0.02813506842316484
1.123064515052262 -0.04729719850193533
1.141968814007601 -0.03614100305056196
1.212832549403567 0.03992367600169727
1.216751158541246 0.06407412908376944
1.296036111068888 -0.01746974155820971
1.281238948346261 -0.001477871651840289
0.9081939801741481 0.4913733493094715
0.951117236932943 0.4887825582950834
0.9588449336802726 0.4992191523439814
0.7826539663894139 -0.3627868744253161
0.8077877844008364 -0.3677941178468455
0.8295024596196325 0.3106043175741406
0.8127450388070996 0.2928759368606172
1.220619984104505 -0.04875015726608646
1.220943776745918 -0.02762709181151823
1.093967752765693 0.1669020430615459
1.108365112399132 -0.05944080848095167
1.128211055392533 -0.06744674310834878
1.159096301646324 -0.3399235949088526
1.142241769439589 -0.354410377162209
1.138535214816878 -0.3888567519292836
1.150561208660483 -0.4018455438464117
1.05445886388864 -0.3112713572322753
1.037731503350143 -0.3231527748253647
0.9791429807697399 0.5349268720171028
0.9749124458852951 0.549715060908021
0.9666185676979369 0.5367092395861363
1.124691380234459 -0.3545286391304695
1.120283510295514 -0.3718143854607221
0.8679766088863101 -0.4994568725778622
0.8824341401651949 -0.49468959609773
0.8680020432178817 -0.4852371833876958
1.17995429522172 0.3959326148041635
0.9450357086093208 -0.4896230913642104
0.9400033057369457 -0.5033401678245407
0.9549918070294101 -0.4969553823388296
0.9595105979677505 -0.2321771601498731
0.9613582417846401 -0.2555370454493454
1.252285532426796 -0.007708339908535563
1.251756477666099 -0.02738367330307465
1.14434182291079 -0.2760263790164422
1.138125456191799 -0.2952749607927548
1.197985164773991 0.07947301687040065
1.183294796604196 0.09545806913039848
1.17911787871948 0.07251688309179813
1.259931680314603 -0.09219156579184393
1.282198768825418 -0.08909002845487862
0.9955809086533166 -0.2827775356808225
0.9828764508636834 -0.2905327875718957
1.000786559334805 -0.3036654675406859
0.7527948759475691 0.1439606663470134
1.016000859603969 0.1121734567004002
1.028664071598892 0.1273812792968442
1.003232473849847 0.1328631054439665
1.153830427888579 0.4092088854371926
1.136790761442838 0.4059113534149704
0.722084361929594 0.2403460161350413
0.7268920678651785 0.2631608338963256
0.7045864784403896 0.2507444349040162
1.189566874074425 -0.2137234270466435
1.189078994128442 -0.1938632445308834
1.19032000288322 -0.2299287582487159
1.207002497309966 -0.2149972221046671
0.9480593589940882 -0.475838477567435
0.9330708577016239 -0.482223263053146
0.8574751690297007 -0.5011797126431132
0.871907265977014 -0.5106321253531474
1.084793606545078 0.4872988364988663
1.096741863699064 0.4784775787205491
1.098809201110811 0.4952769271431595
1.162271738830155 -0.3252503357443596
1.176631123302994 -0.3230908473976486
1.026385745140763 0.4379955611822068
1.020705975398149 0.4210494363818476
1.038733358911025 0.4293139692066228
0.9943307576061271 -0.2686890994219809
1.007865454315106 -0.2531268638744161
0.7071827279984522 -0.04443210490028847
0.6812324010886962 -0.05241173175916174
0.7081684206841796 -0.07056450453205114
0.996377983974097 0.1756342988855651
0.9967544252001715 0.1555759351970166
1.015519244618696 0.168129291728959
1.095418996140543 -0.2780941258782124
1.081092080144884 -0.271895411713374
1.084448813197218 -0.2931997401023624
0.9836701138518844 0.3988709286042676
0.9669432666293036 0.4048615839369993
1.203424332192445 0.3589205071597089
1.207663151174845 0.3794296382717409
0.8755629753439462 0.2532477230339004
0.8785631142628842 0.2720354878945334
1.102066753916594 -0.2399782443135934
1.097291732147573 -0.2189377100793043
0.8948585562822604 0.397831860767291
0.9025854201127663 0.3823455901516437
1.194095163319796 -0.2695840331533063
1.175332888508555 -0.2623988122949467
0.9455657554379944 0.4717433591278766
0.9613363968573154 0.4732605809317987
1.045920146131131 -0.06002172273437884
1.040464512601491 -0.03796451368736237
0.7853475524744866 0.3176011782038093
0.7943446187144406 0.3030248177817999
0.8038691531427566 0.3259021522902982
1.075957376868093 0.4996367749636779
1.073890039456347 0.4828374265410674
1.110010913305016 0.1381281208048253
1.131181997755496 0.13276874152783
1.030887449266962 0.4509103262706331
1.012860065754086 0.4426457934458579
0.9404589809212753 -0.05399572428807498
1.084919733882982 -0.1639811342855347
1.096440547866989 -0.1853240087050894
0.9682270366372532 0.4455496950841425
0.982156910743665 0.4492993272401619
0.9697147894687785 0.4599710139206111
0.8351989298261224 -0.2858829666175111
0.8144640007104147 -0.2961248379199671
0.9256339233688364 -0.1791589450098401
0.9382477214342424 -0.1656793661758284
1.146439122903188 -0.3231063542306054
0.8759045888827344 -0.3791858060233266
0.8807410455937507 -0.3934968800505013
0.8877302700652485 -0.3777289189140439
0.8667377116485935 -0.3702021534340366
0.8597484871770957 -0.385970114570494
1.012240866077248 -0.2818217793907712
0.8066358601171191 -0.2387112170314486
0.7983256122294331 -0.2601242131843297
0.8207670204705003 -0.2547879586631164
0.8717530038251059 -0.1029347400164703
0.884859887751517 -0.09105227984690872
0.8619095793090026 -0.08038985247821848
0.8595193293418313 0.2154582142118747
0.8803477978046717 0.2088152390462239
0.874107537527514 0.2329063120876588
0.8963914438067866 0.2466047478682496
1.064699049357159 -0.2743606676392966
1.129795746532138 0.4222808403774777
1.239853880736764 0.288210702029144
1.247238309764253 0.2719068272851044
1.258685846909327 0.288049441772692
0.7369541823847121 -0.2973666225488139
0.7367045302448203 -0.3183119935433456
0.7528574348928274 -0.2992852930581558
1.12838556117677 0.3765659397956961
1.14428525033555 0.3640726452553978
0.8378810186863621 -0.495388058102321
0.832929364077351 -0.5095598914725443
0.8485928573299857 -0.5041762932380514
0.7313717006734496 -0.03760017415209177
0.7044356810779662 -0.01944740137920237
0.9950577537275486 0.09993259420879011
0.8118476239734553 0.2526228368362198
0.832175229390048 0.2351844395364017
1.093075048590538 0.2795213938630137
1.112544619343176 0.2903811101972381
0.9567020192820455 0.4400288598398109
0.9691441405569319 0.4293571731593615
0.8798122859657755 0.4214429786007624
0.8773119629079268 0.4372367190256809
0.8674123800868623 0.4240498277128471
1.015038956105629 -0.491820328858389
1.025325896701341 -0.497347512321595
1.02585037288129 -0.4802353227901897
0.7879748835393321 0.04081687986787182
0.8097446857888776 0.03624028780000694
0.7980445749713894 0.0644283661901825
1.188631085036383 0.2791935213272277
1.177160219538967 0.2962896219214893
1.236337007424511 -0.02713292256145539
1.249382175117864 -0.04126300496374788
1.25283046398806 0.121848123926541
1.254546592186365 0.1399755961578061
1.002431786497708 -0.4801800328487771
0.7312506357043467 -0.2759495873644623
0.7150977310563396 -0.2949762878496521
0.7637484874695721 0.05064734672878284
0.7754485982870604 0.02245926833860729
0.9063342943947971 -0.3780484616171532
0.9014978376837808 -0.3637373875899785
1.107023555868825 -0.01556124058410662
1.125927854824164 -0.00440504513273325
0.8562763777521676 -0.2759259785262342
0.8335342205088594 -0.2662439667247205
1.146615865327457 -0.1335960010760252
1.142792656188374 -0.1146973664929979
1.126441570015869 -0.1319794297844706
1.076011452107752 0.2288211485758352
1.055697576990561 0.2276342295822313
1.067442890505083 0.2107085973431808
0.8891310091147375 0.5265905099725531
0.8776357128616127 0.5372166388244903
0.877524180241148 0.5215318610576578
0.8521960667476294 -0.2268704287702296
0.8571238790337263 -0.2094345457089491
0.8340050806442835 -0.215939079448955
1.052762042619635 0.428689406148125
1.047082272877022 0.4117432813477658
0.9397486040279163 -0.2221425065920926
1.294542667851227 -0.1007354227629969
1.291609860819293 -0.119239327537662
1.310918482697101 -0.1124358708093592
1.21675670374594 -0.1209635543728617
1.214820363384668 -0.1415812852173361
1.232570027042104 -0.1293904113063085
0.9794234037342702 0.005624660965049995
1.00027721154245 0.006189894111157829
0.9857987275295388 0.02140651630564661
0.8858437618951689 0.4094436599824159
0.8957433447162333 0.4226305512952497
1.047513180751293 0.2454275163571047
1.038944619148624 0.2273149651244504
0.9001903819021866 -0.09327926611548523
0.8903469573860833 -0.07073437857723344
1.220928076425962 0.08701531512236979
0.716703916914472 0.2204360493529151
0.7390095063392609 0.2328524483452244
1.06184446460652 -0.5027718605572784
1.051246701189061 -0.4971154121293584
1.051831139627702 -0.5135540455843272
1.031364929801121 -0.1064004898542169
1.011010493671753 -0.115224462248284
0.7942234381388296 0.2845749627741284
0.8418444683965455 -0.2448309705718395
1.194569236246857 0.03799148197353848
1.213593538761151 0.02138332714343544
1.176103016170484 -0.05492436005649527
1.191656136998683 -0.06454393840353571
1.095517103212873 -0.3887131463700934
1.084978541461008 -0.3771670603423424
1.081148477242674 -0.3932925767203113
1.277757333305714 -0.18553174352182
1.295413521559611 -0.1852442670716876
1.282565039241298 -0.1676712976039985
1.070559675139813 -0.3649237066672453
0.819294462928053 0.0007474210284728004
0.7935431516047642 -0.01199589514118569
1.149952609383106 0.3517292916664268
1.134719287628287 0.3490032054547964
1.070102507354218 -0.3931841035336453
1.080641069106083 -0.4047301895613963
0.8290503623842251 -0.1055793868391236
0.8328303529528096 -0.1219155088708083
0.8525826859511758 -0.1086084346794648
0.9998276495232976 0.1973095461422284
0.9810628301047737 0.1847561896102859
1.093091218296001 0.2291914448591129
1.081345904781478 0.2461170770981634
0.8612886929764451 -0.02162058437979147
0.8818025609828732 -0.008609663653127625
0.8594277995057137 0.001876961305913176
1.153880383700554 0.3361181954805832
1.163446346407816 0.3511876352811847
1.126546052669998 -0.3845160840812755
1.123861414327056 -0.4023316950812393
0.774433143423785 0.3338117609681863
0.7649086089954689 0.3109344264596879
0.9839103530264924 0.5222914888918718
0.9922042312138507 0.5352973102137566
0.9936921968379651 0.03750529960025981
0.9728383890297849 0.03694006645415197
1.219520676432859 0.1034229612167282
1.236555178610818 0.1209385609653894
1.049880167732665 -0.4727561140524494
1.037318811387226 -0.4724707536279924
1.048698669822441 -0.4860478666778526
1.112706040744728 -0.290757640393299
1.109349307692395 -0.2694533120043106
1.144968704497379 0.2912909087079092
1.142418246806015 0.2705813087375364
1.036285216860559 0.4624094848135791
1.049112982974028 0.4612224286753639
1.040985071180949 0.477371819481961
0.8644057606494399 0.3884465808397588
0.8734205550365313 0.3768347816246339
0.8789274975318027 0.3966442880728037
0.7264200524860613 -0.2522870496909969
0.748276503814434 -0.2546773843901587
1.263623140470839 -0.183267311871828
1.276471622789152 -0.2008402813395171
0.8452371404894182 0.2241651883129017
0.8514774007665759 0.2000741152714668
0.929045926598965 -0.5115533563829698
0.9390020250190543 -0.5188856473575891
1.022759537473883 0.4670597170772302
0.7834012440408236 -0.05767146893144355
0.7963553965946539 -0.0779464878202042
1.239296009766031 -0.05892825315725839
0.7018767892316669 0.0680455542753847
0.7322313319845823 0.07603028984669863
1.165183689545851 -0.1364160406666161
1.183203733840124 -0.1448362859162845
0.9476161537079729 0.3558332245634739
0.9443026619557657 0.3368203415768275
0.962968937767593 0.3437665013171624
0.9265002368820794 -0.4467359238448237
0.9240256360172827 -0.4615256618712221
0.9385691089511881 -0.4536489112299722
0.9725889787394628 0.1173487799121734
0.9840912132052489 0.1403681126005726
1.235091321691796 -0.2426593413127909
1.224287349899456 -0.2266412611746144
1.2185595979111 -0.2472206334449161
0.8651338941769213 0.3046210831810189
0.8768524286027606 0.3164908307686437
0.8578572342823938 0.3217525908676172
1.148832603373347 -0.1536981039580887
0.9583493456596132 -0.1582926976741672
0.9369179462942963 -0.1480754435204926
1.023212295659599 0.2320687194970804
1.031396691898867 0.2142754327222069
0.7216123465504769 -0.2294722319297126
0.7045864784403896 -0.2507444349040162
0.9752662709637272 0.477010213087818
1.277868629179919 -0.124303140275414
1.294244444025792 -0.1360035883217764
1.074644923500992 -0.511654339466862
1.074060485062351 -0.4952157060118931
0.9249416858323727 0.1444004068518647
0.937641193612079 0.1205702769483926
0.8710984598264158 -0.1996768747036683
0.8529074737230699 -0.1887455253823938
1.069368887863421 0.4243850580406449
1.061019973897424 0.4419557458995019
1.219723523455595 -0.1028769432468424
0.8603739041523741 0.02045150453846323
0.839860036145946 0.00744058381179939
0.9938791059074874 0.4201773371716114
0.9945137597700133 0.4323045183805624
0.9800345040496137 0.4227508271947422
1.046134286396603 0.1221014602853328
1.03336590064248 0.142791109028899
0.9272896086006561 -0.4316526322161033
0.9127461356667508 -0.4395293828573532
1.223534221090662 -0.2104359299725419
1.299897735329844 0.08409297768393847
1.238286670200115 0.08802407343009699
0.8087028869119852 0.3561716649553551
0.8052730396190806 0.3753490447753858
0.7914422396098979 0.3596558925323383
0.9900834929215027 -0.362842501857204
0.9707732403612868 -0.3669413458178484
0.988331227889936 -0.3767384794656245
0.9545267279987892 0.5407640193284472
0.9587572628832342 0.525975830437529
1.046226821244236 -0.1224235804726598
1.048946702230985 -0.09324325141360268
1.025732306188326 -0.4105978425754867
1.040574931347877 -0.4044449969055323
0.9011311038954773 0.01360906870149761
0.9065354169705104 -0.3945334514347734
0.9203029845890427 -0.3805419201107079
0.7802473348047643 0.2746057643617621
0.7986477548974231 0.2644568834405794
0.9932748332507075 -0.03001015280134236
0.975683493395118 -0.01195332183555642
1.238231302057475 -0.2027072962041312
1.220946449467984 -0.1910632571341839
0.9794638556190491 -0.4942031557134969
0.9786011102438159 -0.5072316520658985
1.066306418403767 -0.4712277855106119
1.054926559968552 -0.4576506724607517
1.125713296514228 -0.3378978753633588
1.027095698364573 -0.1590112453820793
1.041532915739225 -0.1748821199206493
1.043082266189023 -0.1514516934518441
0.7580179813028358 -0.02461803119553666
0.7607650282233217 -0.04960273471662276
0.7943446043073991 -0.09880440356664327
0.8113088216731138 -0.09802854528402802
0.8649632667859883 -0.2383264368318336
0.7101258910582977 0.1611827090806378
0.7347601467124166 0.1595929857543461
0.7166485799889519 0.1783123757248353
0.9201903970074082 -0.5027036827063909
0.9191891162895167 -0.5182491622394393
0.7912561460810967 0.2011441466050949
0.8115550662349533 0.2082840922777521
0.7907724695615657 0.2236796461468366
1.083067718027538 0.09987433493060688
1.059400566812748 0.1119530652184315
0.9799143860486703 -0.4200330098327175
0.9874909844768358 -0.431543358851282
0.9927972304519885 -0.4152783856294394
1.186442461648321 0.1103740889710322
1.167575175593811 0.1034179551924296
0.8918053341723801 0.4711499648910921
0.8917771162902834 0.4583516291213064
0.8207039088792488 0.4250418309127844
0.8118255532780589 0.4370425563891191
0.8079425475492265 0.4189591137031588
0.7759568946930877 0.3689143364649607
0.7793867419859923 0.3497369566449301
0.8306946842864749 0.4158386643088311
0.8345776900153072 0.4339221069947914
0.9084204052173106 -0.172314528230827
0.9172380065172216 -0.1960113612185133
0.9771208036767716 -0.3923026800185719
0.9964310562369875 -0.3882038360579275
0.9118806680232394 -0.3019312699347163
0.9265386482127047 -0.2893760359849319
1.05600074424661 -0.07598362436352823
1.070862635689724 -0.09200671498197115
1.128489944830219 0.1168370705416122
1.146736367149267 0.1281763973838329
1.253154555584254 0.105341282485607
0.9923747565680898 0.4071560429546326
1.006854012288489 0.4167097341404527
1.005044406081392 -0.5189047919688814
0.9915744910982374 -0.520292992311671
0.7830566679487723 -0.1146061493900669
0.7681032428703124 -0.09452409192624313
0.9509395250982391 0.3036329509082912
0.9393572972109905 0.3161372927577854
0.9530199778575345 0.3714227719592358
0.9343537020457073 0.3644766122189008
1.092701317442544 -0.003276554301179506
1.08889633363258 -0.0270065775916111
0.8024166477337047 0.3928958302895966
0.8196772950357921 0.3894116027126133
0.8310611546714801 -0.08472147109268449
1.004068736640003 -0.5350735387946838
1.000963311695023 0.2605360896995683
1.011801662737801 0.2427527366898848
1.019921871866578 0.2628916049090072
1.171896286788108 0.0564829579696798
1.157205918618315 0.07246801022967762
1.047959460552081 -0.4425289220283825
1.064385711223183 -0.441000593486545
1.05943332353689 0.4856800641748124
1.068269553213874 0.4733421257100009
0.7454768111016462 0.3081496672733427
0.7373977388407361 0.3217691661290343
0.7288803499976151 0.3027738241783121
0.9280134161358926 0.1922607057882408
0.9412474216300023 0.2076298592442814
0.9168234055110898 0.2057657341528927
1.011836714082095 -0.149712751855601
1.010287363632296 -0.1731431783244061
1.168785575613914 0.2441356506273811
1.182806898802694 0.2477491500034923
0.9932690674295133 0.2751508136631506
0.9851488583007363 0.2550119454440283
1.087816380296787 -0.453923903400672
1.079127524218135 -0.4665346607784543
1.180535931254209 0.1325653359586547
0.9579612650795687 0.2895175563404069
0.9666771859967154 0.3106382237626317
0.9524332562456517 -0.2721609989098417
0.9361206978480967 -0.2580531886471549
0.9607375755196903 -0.5187721667530708
0.9705716587053033 -0.5148131298817025
0.9597934873426479 -0.5067134219277916
0.8146410351982052 -0.2208921330402847
0.7921996269571379 -0.2262283875614979
1.06783607958987 -0.0587851863027473
0.7563912201523479 0.2919390845089657
0.9104232236197353 0.3534332116547521
0.9230892131013921 0.3642728781343737
0.9045625588249817 0.3688190249659869
0.8396948872827283 -0.4834464961251623
0.8240313940300936 -0.4888300943596553
0.8993910715074516 0.5181087003415767
0.8995026041279164 0.5337934781084093
1.041827723896204 -0.4296359604771864
0.9074836469680836 -0.5183475457405378
0.8963711462657917 -0.5091543869253783
0.8412323793174044 -0.3536140999769508
0.8369328963561234 -0.3659634914411212
0.8548810929042358 -0.3646370705170336
0.7596009760010494 0.08175928039579981
0.7887917770112505 0.08613112444213208
1.021843649628323 -0.3558601593098904
1.041730847883767 -0.3527068175108261
1.15982174871496 -0.0799887118184856
1.153287719132625 -0.1018457724622483
0.6890815173028997 0.1549191126914248
1.234616414941557 0.3070233247572269
1.223168877796482 0.2908807102696394
1.100851167609521 0.101981792331619
1.106426500102655 0.08108236471320793
1.118510907929581 0.1005299870671982
0.8753976937487467 0.3633082164389771
0.8899194306311093 0.3715059236720221
0.9412374845025981 -0.2893515461317223
0.9664750284391417 -0.2868354029339127
0.8531543859541317 -0.3408833699739184
0.8352061894060194 -0.3422097908980061
1.090567624882105 -0.05701917590321745
1.095714165222377 -0.0771687205096309
0.8646959366819233 0.5184039980152264
0.8761912329350482 0.507777869163289
1.150687541399773 0.2454165908718204
1.166055407285181 0.2296025519286352
0.7683554872175775 0.3856262847290995
0.7860885643727084 0.3928093917369324
0.7664316592732927 0.3996024041136629
1.00032012862817 -0.4050353942212233
0.903051117080796 -0.4082430420849257
0.8900114816186918 -0.4054360323566158
0.9004958719232232 -0.4216390815003228
0.8710371946098745 -0.3578527619698662
0.9059411886213899 -0.2121810536542567
0.9231547067729158 -0.2190254704332699
1.133113423821038 -0.1002292011706937
0.8547402612257734 0.4322812542643019
0.8572405842836222 0.4164875138393833
1.145007056110961 -0.4136498871689342
1.159717688297508 -0.4088230680860984
0.8848016983096767 0.08131555544683336
0.8877859283582825 0.05871415521604192
0.9044762850266275 0.07674114200343314
0.9467896918466656 0.4466900861434041
0.9477067957663443 0.4304975642186232
1.13700814432262 0.3036601411223401
1.149452635893538 0.3190143706885687
1.127942155104926 0.3213056222995967
1.003867513146925 -0.3571959548333197
0.9863095256182752 -0.3473988211855435
1.039422671698376 -0.5197731749293339
1.027873928067962 -0.5084150577731008
0.9590823072143484 -0.08501504400448939
0.9768303372394627 -0.1002456022926101
1.301863043578114 0.0653873687309476
1.208991026597775 -0.2590502033297494
1.214467706425461 -0.2737725434066496
1.15302717710475 -0.2378150758889236
1.14760863404341 -0.2584555600503211
1.16746583658634 -0.2492954473520897
0.9163995400407841 0.1775495587403103
0.9408235561596966 0.1794136838316989
1.105609709805691 -0.3852893286126778
0.9715568894960583 0.2456013505667398
0.9638626452305485 0.2602160745303222
0.9716424191235689 -0.407568332038985
0.9663361731484161 -0.4238333052608275
1.004767372256753 0.5319659695649623
1 0.5446013526901934
1.186279140677284 0.2080624339297644
1.169631988013098 0.214602728198793
1.17175768719106 0.1943435504443616
0.8014797933839806 -0.396700132629592
0.8170539571092152 -0.3993550542111838
0.8078655497576155 -0.3833026363742443
0.8946517619491197 0.1676711426875958
0.9074619019729238 0.1548241207310538
1.188529752142692 -0.3303504622542134
1.190231957872395 -0.3113737332292551
0.8755329943936903 -0.119270862048155
1.038685344843623 -0.4968300517049014
1.270768076108787 -0.2182600470605827
1.251578251817215 -0.2103279093660071
1.260008897971724 -0.2300121067370647
0.9598391091081594 0.2760694764468385
0.9462471403034814 0.2666588815695501
0.8992106895297343 -0.4343838261438859
1.087492096499229 0.2653596667231802
1.07041233031098 0.2649893704399026
0.9284930372509537 0.3798624255301356
0.9357988091887546 0.3949861476136065
0.9170198072750417 -0.4107365005784803
1.272165039494537 0.2074961076640663
1.262664346896978 0.1954090028367102
1.281105123026467 0.191017608162153
0.891649971742102 0.3132831435330113
0.8843733118475745 0.3304146512196097
0.9755767700066358 0.283074749301179
1.080487026766626 -0.04105727427406806
1.071825048501252 0.3185529912980166
1.067724078452228 0.2989572367350346
0.9822162440143247 0.3636866156566309
0.9930452180127652 0.3758560291160984
1.064173525899582 0.3927325146347621
1.075716385808868 0.4064519905849239
0.8876696767513841 -0.2047664197348619
0.8935863770070782 -0.2277805289496184
1.066164788340345 -0.02877258799114095
0.8757368567501241 0.1681564229243896
0.8846744948179845 0.190881860933646
1.136672068555472 -0.228508058885622
0.8740265045767368 0.03908822534600958
0.8544587412169691 0.0446518478518958
1.198187054805436 -0.2430321231915729
1.218725321305129 -0.1758957972171276
1.233138608557814 -0.166671382758278
1.216220399428146 -0.1592325566096324
0.8004928197894199 0.4068719496741599
0.7860913706804713 -0.3923024369262545
0.7952797780320711 -0.408354854763194
0.875057307182493 -0.453455839973622
0.8738441585938057 -0.4715300128978343
1.123458223708766 0.2935821603189373
1.074429573500324 0.3625025351727845
1.091133473762778 0.360391372524948
1.038281360045689 0.5173977246652411
1.050689827975015 0.5111785953202344
1.050020435115834 0.525429623357254
1.28490226894366 -0.2205244787105747
1.067046149373736 0.05720075198676666
1.088256402329157 0.06515132775959462
1.211335774670381 -0.2923332345900189
0.8624256828421333 -0.04253794592055585
1.238849551212312 0.2594654503880268
1.257681517384874 0.2593041901315747
0.8955337121651203 0.3425931612351713
0.9140603664415309 0.3380470144035581
1.200420377728677 0.2142348149461258
1.202546076906639 0.1939756371916944
1.017003311300474 -0.00739562475829727
1.023378635095743 0.008386230582299349
1.126305883262348 -0.198679870296395
1.128068891156176 -0.1836752977356315
0.9905732014048489 -0.1137293243722316
1.008207756547468 -0.1340856810372217
0.8529282983472256 0.1771775714792789
0.8629055654783608 0.1539668532332287
0.8439628594311332 0.06157017139087988
0.8303102590067706 0.04293345058333353
1.056626895344601 0.2907171513201734
1.047792451768098 0.3054424279902885
1.151533953798957 0.2158836684432324
1.116219745425161 -0.3255880734003013
1.111526156367051 -0.306279231868092
1.00005283813736 -0.2173793356303717
1.016767786866326 -0.227459621345257
1.012080431403534 -0.2063185723587262
0.9266315263196222 -0.06899240039435482
0.9440524238772519 -0.07940366511333233
0.8233619481260711 -0.3704490394284372
0.8370106617129025 -0.38147200996852
0.6890815173028997 -0.1549191126914248
0.7110320793153347 -0.1660229205257794
0.7080992722834014 -0.1410399341660772
0.9498260179133117 -0.5226819324883298
0.9606041892759669 -0.5307816404422407
0.7589477985069747 0.3430702049008088
0.7593175648782233 0.1610903329912109
0.8120537308272903 0.4900766995238444
0.816261385130463 0.4766604912961965
0.8264251797369002 0.487355448109166
0.9746621753058112 -0.484445116124535
0.9648258902150231 -0.4929963454674613
1.010986308677059 0.3311390706111087
1.004316723460958 0.344944580689094
0.9949023926028571 0.3291213175418236
1.017954484823415 0.3196440531271776
1.027368815681515 0.335467316274448
0.6977913413054531 -0.003109099471200534
0.7219803139804506 0.003722831276996166
0.910456898734183 0.2582392940556988
0.9326452600131198 0.2660223563914864
0.9471221046333943 0.389582840751435
0.94316338762688 0.4045028287503787
0.7820404944643087 0.4280560329557778
0.7909239766887477 0.4425627514725978
0.7739002792050198 0.4396589452488821
0.7668419354873057 -0.3118715061849494
0.7670915876271974 -0.2909261351904177
0.9561474500035448 0.2366921254754161
0.9774336630737326 0.2314879963891222
0.7273655008999453 0.3362471172635972
0.7439619620039764 0.3416229603586278
1.114847912159585 0.3657352723641753
1.220387311825862 0.2153610641473244
1.204120375596508 0.2294478608853943
0.8593866273149209 -0.4762972893779664
0.8834532714407275 -0.1840773994083065
0.7745907667045022 0.4159688689267789
0.7568576895493713 0.4087857619189461
0.9760239749347421 -0.1522667299083796
0.9773537500746885 -0.1698706525637154
1.138822383864492 0.4312385300228633
1.122755801283764 0.4334819841180249
1.241613240049682 -0.2559954185522806
1.247340992038039 -0.2354160462819789
1.132591045663481 -0.451617360803159
1.117745462634452 -0.4442663525202178
0.748905128705377 0.06327596770894618
0.7363788434531051 0.04491835617968165
0.7086821685970515 -0.1879746467783213
0.7276999235775532 -0.1740954682529737
1.226246826642692 0.2513210988140747
1.236690034263313 0.238718461660545
0.8145098167785377 0.3398902045149723
0.8283406167877203 0.3555833567580198
0.7457555234302815 -0.1706947048085131
0.7434056127119983 -0.1926464310610551
0.9143577674501991 -0.05827291220745372
0.9179512104061758 -0.08368085303271107
0.7128216928294859 0.1964222903071126
0.7374559484836049 0.1948325669808209
0.6977913413054531 0.02317023265619854
0.6802467084029687 0
0.6958965484198191 0.2039158580969295
0.8075817839416632 -0.4643302228451676
0.798028696545966 -0.4517221833725812
0.7923368488251559 -0.4667737032382885
0.8119709161990267 -0.4310156267229959
0.8257493035652773 -0.4406614533024369
0.8244465881018308 -0.4223983770459725
0.9806137119171718 0.3200347128971772
0.9739441267010709 0.3338402229751625
0.9576659484567667 -0.3444698669178856
0.9453442032437718 -0.3491429035253752
0.9602037601798585 -0.3577184048169175
0.8717042176999189 0.2882420700283105
0.9499795648841656 0.5516629013183068
0.9421182600694628 0.5409294921696994
0.8411260442068447 0.144074018588597
0.8639346026097432 0.1350528700337076
1.204028240338316 -0.1836244309855383
0.8261145091635721 -0.1377059647508496
0.8496468327305227 -0.1407350125911909
1.160060492952271 0.04409589131114652
1.181972453053437 0.04414476417326703
1.095147676977364 0.1340922180884926
1.092223014845932 0.1507909242077087
0.8581021872330379 -0.06073803740546818
0.8793399588445092 -0.0503073008237446
1.043167633586676 0.284462480731297
1.063099260270806 0.277977289476043
0.8472688666227284 0.4416223072132914
0.8372780912155023 0.4508254738172447
1.134065277323352 0.09593764292320109
0.9114508612819033 0.5370533927811738
0.9011907988891892 0.5455352024121503
0.9795451984208582 -0.5192903968911777
0.9913994218151909 -0.1482176139795486
0.9723950174001157 -0.1366396590900004
1.192308073950612 0.3058994970860062
1.173666479522878 0.3109787646758289
1.008537715737886 -0.0213488519652828
1.031639139291179 -0.01915251549414128
1.019133623239715 0.3062590750196328
1.035516130244171 0.3105873206829721
1.094326127198759 -0.4397474529762567
1.077862557541627 -0.4419458934944989
0.9635425907765174 -0.3961029754466819
0.9565546670978401 -0.3840352412194781
0.9510762825446374 -0.3993008932398911
0.9320951104396448 -0.3756450446528875
0.9322962330153581 -0.3921300344705076
0.8548350433544989 0.525253058258935
0.8535020960483991 0.5114990663645662
0.9328078714179562 -0.5394636050377886
0.9205918509621249 -0.5379469765004665
0.9253550764990076 -0.5503117456222368
1.28490226894366 0.2205244787105747
1.266461492814172 0.2249158733851318
1.18794626917271 -0.4066402423316884
1.181690952313089 -0.3952517848899169
1.171527157706652 -0.4084071822053474
1.216597519365833 0.2626358837144595
1.214438002416835 0.2418888949869777
1.077364227395381 0.1319847606874805
1.095152125854465 0.1193219572845972
1.242399974245867 -0.140761948582552
1.24433631460714 -0.1201442177380777
0.7967664304022449 -0.2898566515666043
0.8480483318867629 -0.4751294071468791
0.853890447262687 -0.4614222366570176
1.101779645587358 -0.4014148449906467
0.9715058860196815 -0.3408465751776041
0.9566463290835947 -0.3322710738860618
0.8574406624259685 0.4491846210867552
1.254870206688398 -0.1081557799765669
1.264700153892162 -0.1195273172528104
0.9435722520023511 -0.1321523441234246
0.9234706277769804 -0.1395390126250858
1.073457729785616 -0.1559778152800028
1.06898148766104 -0.175325886995946
0.8937010912936876 0.03451381190260937
1.099287292277254 0.02796863412394271
1.116192010476253 0.02551050397679675
1.104650763074718 0.04531035539441449
1.248324234350577 0.1985907418030479
1.257264317882508 0.1821122423011347
0.9716806791206298 -0.3077233347937762
0.7601064847002768 0.2737431294113308
0.7645308014588704 0.2536250500777819
1.304103451580181 0.1491617983689452
1.286541662426651 0.1549448055315774
1.040200110711118 0.2584154353932452
1.02936175966834 0.2761987884029286
0.7733800501726542 0.198937287457279
0.7941626468460417 0.1835417335881945
1.104008623061036 0.2606491005212745
1.167070635922649 0.431977227185393
1.151110563195946 0.4320981005029916
1.16182240183957 0.4199165129647174
1.26733473709866 -0.1362915780369248
1.018069682325096 -0.34041647863823
1.239567841029581 -0.09280846627711112
1.046084152361085 0.04895870248146864
1.066784047863067 0.03952643603626243
0.9868235809807855 0.4752206974961085
0.9784451883693224 0.488510264507296
0.7946955184339299 0.1656033031599444
0.7959713377149085 0.1449902002042691
0.8133145620354628 0.1651354897803352
1.112254424360275 -0.2052427512733319
1.126122703647051 -0.216603810161026
1.082926797386561 0.03209244324035442
1.094468044788096 0.01229259182273668
0.8235068830184917 0.3253138440929629
0.9405804204061945 -0.304050440009003
0.9688684904673228 0.5061104153971119
0.9608255457953314 0.5150297876420877
1.200295254553339 0.2722070171095145
1.212104078779196 0.2816392209366115
1.02900983252859 0.1584476490793495
1.028633391302515 0.178506012767898
0.8341987072304945 -0.4685714434042135
1.169888720972512 0.1454523826271484
1.16007563035624 0.1312210217015569
0.8647265876587394 0.4607730909955675
0.8690319590386433 0.4721091733355659
0.8542746392028273 0.4698617563757432
0.9772576184532781 0.3528531059618089
1.104961535200272 0.3550360828887059
1.095451113224611 0.3453034697290706
0.8992627030036673 0.2083299588094301
1.22904145460635 -0.3179868901389312
1.212615146452686 -0.3094967220178255
1.218556894865755 -0.3271235162069255
0.8279128917485012 -0.4547665287026953
0.8403885636513053 -0.4461492790256719
0.8525235144206895 -0.5153515460133367
1.097474911762869 -0.2010137702146733
1.109874122495054 0.4717530316274801
0.7454670270528105 -0.08645535771142233
0.7567549634114373 -0.07065361188799867
0.8202405675747133 0.01932196426102286
0.7686507694543856 -0.261193696808143
0.7638201862361003 -0.2375311591346775
0.8946704529951787 -0.05253428709232112
0.8006286486343608 -0.4211276710972557
0.8019313640978074 -0.4393907473537201
0.9762994825320267 0.4974393332797957
0.9782800946470855 0.5132499685779019
0.7768194225254874 0.1633964440121284
0.8850478722270585 0.1021146298035197
0.8683575155587135 0.08408764301612852
0.9251964649504961 0.1031215851822449
0.9421639669624179 0.09959358521067646
0.7259944430416525 -0.08464591035118128
0.7373427225005276 -0.1085163903894257
0.756299989593672 0.3757073488416913
0.9876354518985015 0.3059193183292928
1.193124525623021 0.2601901841050757
0.8721979822617845 0.4514320380465778
1.243142310450629 -0.3199835004223814
0.88617105406763 -0.431576816415576
1.235284080945303 0.00503096513540603
1.083191756956948 0.3370411142780981
1.097019818394442 0.331685824641856
1.137963742079331 0.2106191633579808
1.134387161351414 0.225618987087823
1.022889394742136 0.288938650247059
1.007896727056335 -0.4165457432397878
1.23520578866154 0.2060177602733396
1.23890578652937 0.2212308062126082
0.8745980315333676 -0.4313281453162707
0.8616971704729934 -0.430459195578402
0.8719850106137669 -0.4434526113212703
0.9091150016967555 0.3173639655845161
1.118065006808096 -0.09633557414440422
1.128560069752346 -0.0834839801136546
0.7534731354048163 -0.3505134727755852
0.7628121647496913 -0.3325783490553336
0.7432687534080606 -0.3381657877729392
1.06196480037391 0.0238503937350564
1.005327749321379 0.2979953826912645
1.048930108164079 -0.02401128648037684
1.057339415030033 -0.009960589797919864
1.229805759647069 0.1927209997377641
1.106007168442173 -0.1288569288855174
0.9233307975694912 -0.4752704603850878
0.9388686387753309 -0.530895121046759
0.9931914329478027 0.3537603373146309
1.219890850266711 0.00453679588534319
1.223318079294153 -0.01374776015084501
1.224784997081801 -0.0869127290621194
1.22595328899426 -0.06666615620121623
1.206108971420274 -0.07673463317094747
1.122228342932085 0.2011973119884031
1.139375135379627 0.1914619933438125
0.8179139563687809 0.4654851434683525
0.803542507459171 0.4682063948830308
0.7722099112463719 -0.3872547180644632
0.7566135246411719 -0.3814857870874499
0.7642949687233618 -0.3981882280828433
0.757431750381046 0.234651057800765
0.752051305365924 0.2147410910186388
0.7768796151313833 -0.01829460534355188
0.7474862875815111 -0.006292044779020892
1.158248522519389 0.1866051231684205
0.9472380423865835 -0.4632710813272112
0.9497126432513802 -0.4484813433008128
0.8758832139268565 -0.4185834006727076
1.053189074521217 0.4001411246909435
1.056251643835167 0.3817549210364377
1.243142310450629 0.3199835004223814
1.226457307510347 0.3226535086628767
0.9185898766880342 0.06814231760858522
0.9156056466394284 0.09074371783937665
1.098809201110811 -0.4952769271431595
1.08688159087672 -0.4905225812797356
0.743432570403761 -0.1312347898750492
0.7513417346650864 -0.1501731695780713
0.7647244707730109 -0.1292642174526888
1.178503273269806 0.3440215609437676
0.9592028932942804 -0.4706709096382756
1.189376930862863 0.1672999765297896
1.174895675183576 0.180064828899392
1.175867766191193 0.1595615492538485
0.8560386708832919 0.4015312300447946
0.8505317283880205 0.3817217235966248
0.7000441161318967 -0.09262553721005455
0.9195268005930962 -0.2549361524883322
0.9000837234094006 -0.2492660406957702
0.6812324010886962 0.05241173175916174
0.7008910965459394 0.04191315464362203
0.8542627548629287 0.07629289847705298
0.8301142726527302 0.07457450120849071
1.105916142649217 0.06369952249517377
1.122820860848216 0.06124139234802781
1.201627537110001 0.002604601857184404
0.9578259249447512 -0.437578578129067
0.9664948583801466 -0.447200748226306
0.9612050093822064 0.003263300358932365
0.9495539580196497 -0.4251139003353344
0.8902954881240382 -0.1682932046895477
0.8737242711990699 -0.1632036596583541
0.9240045131513704 0.3282040160040969
0.9203071471847237 -0.4890550741818633
0.9031939077407083 0.1345219907991502
0.7273655008999453 -0.3362471172635972
1.158599095822938 -0.02711388829387744
1.174547771529122 -0.01867817907840028
1.156975845675725 -0.008543163756314304
1.228650378330976 0.1534884446603287
1.205709345758904 0.15816409189929
0.912496708497777 0.2236991122654707
0.8965731186722387 0.4950925770162573
0.8839670527268951 0.4993582167853106
0.8915206949048611 0.4835450615958473
0.9006403379961821 0.5071865044989348
0.9881527170718333 -0.4448593504271757
0.9766737553370677 -0.4500657417671701
0.9902183323353835 -0.4586271091397857
0.9913912234009226 0.288598893556719
0.7784099265982815 -0.3755999959308612
1.074081131982247 -0.481640102370152
0.8986914049756531 -0.1514407884808746
0.9840197556552276 -0.4747427134251754
0.9693817902512015 -0.4735359031791397
1.159540739860998 -0.04627601837264793
1.159472734355147 -0.06395147481317978
1.028291124800144 0.5256796837043975
1.028960517659325 0.5114286556673778
0.7687725069553145 -0.3577391555635247
1.204737254751286 0.1786673715448334
1.315816597977305 0.07522635708170317
1.133770134630291 -0.3254698114320408
0.9954987173899932 -0.4695363220851809
1.076602284840829 -0.1269497023008186
1.091226147317385 -0.1239763291535836
1.078432456150656 -0.1062929688848106
1.18273344241102 0.02560441531500521
0.7568576895493713 -0.4087857619189461
0.7724540761545713 -0.4145546928959593
1.122364287138387 0.4764415744065771
1.121480951368643 0.4617389366692151
1.059052965423709 0.4670926020489113
1.073509681343166 0.4642499644151664
1.058962655874929 -0.3572169372743909
0.8401431232554137 0.3245923697988147
0.8936030894296405 0.122144123456282
0.8771589066786774 0.1249162110255772
0.8138675994236565 -0.4781351375466857
0.8195594471444665 -0.4630836176809785
1.023989097691169 0.5010196825347105
1.013998862445624 0.5093016415738669
0.9110828732890894 0.1117204095770928
1.054769542547675 -0.2971129462367263
1.053948310485969 -0.2825933025890633
1.038595955832085 -0.2927052228882657
1.201998554009236 -0.3319857941486865
1.218424862162899 -0.3404759622697922
1.1442568754862 0.08406624740029153
1.154235912386838 0.1003733308747055
0.7909658322100975 -0.1335445290930889
0.8637173550542139 -0.5222564776639969
0.9284517861320847 -0.2383121990278359
1.207663151174845 -0.3794296382717409
1.200860389962781 -0.3679326900890573
1.191307302567084 -0.3819878968335744
0.9951969310121931 -0.1800414857208844
0.9893436633374169 0.442053976473941
0.9908314161689422 0.4564752953104096
1.027170864023637 -0.199420264962248
1.010455915294671 -0.1893399792473627
0.7239599863926029 -0.1294253425148082
0.8553793854071612 0.1150233763809454
1.18794626917271 0.4066402423316884
1.169790500615283 0.409088012119594
1.058776766581041 -0.153065249448445
1.04433954920639 -0.137194374909875
0.8074209108997158 -0.1446488692059304
1.145164956645501 -0.4552931470859896
1.143784886297005 -0.4404830284408365
1.052002281342117 0.4991610308170502
1.063741356412262 0.5071929295090631
1.046381795099644 0.4896657299859836
1.033554028986175 0.4908527861241988
0.9104503368752755 -0.4957508800383327
0.75587819252539 0.1966311764363615
1.16597300515713 -0.4202115255278699
1.226099720794981 -0.3504940579276275
1.209541379938461 -0.3553563358693885
1.018592373772474 0.4887257720306879
0.8386461094948126 0.185884545580306
1.076340822551851 0.0008472548152322007
1.285912828962052 0.1731571622443315
1.272233263893507 0.1607181466220429
1.070895458125154 -0.4268241430621297
1.013305332432926 -0.4300909062741004
1.001035561475152 -0.4401047262238976
0.758784693290335 0.1790287634194611
1.142718309835479 0.00168776876937576
1.158666985541664 0.01012347798485293
0.824237390677429 -0.1634683729263129
1.061921321636253 -0.1240371364692607
1.079104516438042 0.1628661403452132
0.8818122115393947 -0.2418514067763755
0.8714606131883108 -0.2598119485779854
1.144070617947572 0.4432992442435388
1.136982478745867 -0.1654549242150299
0.8246169773343235 0.1972648410542522
0.8260678749149732 0.1743682972620643
0.7587850618136796 0.01616055813624109
0.7830114578834395 0.006330091275330078
0.9366687961355089 0.2501689544749701
0.8105615792607959 0.08155453237426721
0.7916144641882301 0.4188726751504946
1.002999522974036 0.5107772977648626
0.9913413450911963 0.5136204067745558
0.9973692645946286 0.5017357774508928
0.7866864289813 -0.441834227746841
0.684183402022695 -0.1042401288613236
0.702009424380168 -0.1183215346804537
0.821731931319442 0.1142086630076464
0.8208614746925913 0.0962772594604403
0.8412846247113763 0.1072286318418699
1.247771268834116 -0.1589834581024569
1.250276190711099 -0.175646698709952
1.001658513827494 0.4611868697739144
0.9944717612337417 0.4684322205401353
1.301507390703225 -0.0822865717265758
1.14719688819418 0.03839424780905114
1.13576990398033 0.04964315517741391
1.132982465487567 0.03160331787890576
0.9499795648841656 -0.5516629013183068
0.9560403322415403 -0.5430944173272771
0.9436318643122137 -0.5432598901685294
1.050020435115834 -0.525429623357254
1.046731799475423 -0.4203858881867888
1.031140911564917 -0.4241430056097994
0.8276098743240772 0.4585322567401314
0.8148909966527851 0.4500781603269658
1.259537556399152 -0.149737264534226
0.7775726004855336 0.2355136927511963
0.7492290956136838 -0.3633265942811303
1.069811218542523 -0.301159436933073
1.25996659316637 -0.2602488452750605
1.226099720794981 0.3504940579276275
1.21274879909201 0.3498501734776129
1.221632281316448 0.3349697998780166
1.070959956347106 0.4478259192730494
1.180751431569895 -0.2417583281335492
0.9794763029197219 -0.5374022840229846
0.9669518898479188 -0.539184651592018
0.9749124458852951 -0.549715060908021
0.9035838367800514 -0.5025738472538201
0.8896213963478831 -0.5023287456163381
0.8433665520222029 0.4097626565962493
1.064102395856336 0.1273628949504863
1.104286857627031 0.216124999169678
1.109621310300758 0.2334209276920063
1.26653081632961 -0.2433481839765544
1.020828230609107 -0.4198479148658843
0.7413141530906737 -0.3742601042995104
1.1299031634292 -0.2645460075532761
0.8241333008147925 0.2198003405959938
1.206866612983988 0.3004518436646945
1.136945571814121 -0.3107965522675479
0.8845978881406977 0.4488251889344932
0.8222383426719766 -0.1844572368845341
0.8409319409358329 -0.1775143324294534
1.027752522722793 -0.3135968136351805
1.026066838179144 -0.3295247219246166
1.081477855654287 -0.1990189675110618
1.063989134872847 0.1942494687743136
0.8549065217285222 -0.1677566614241726
0.740674686806454 0.2709583702249855
0.7739002792050198 -0.4396589452488821
0.7778029467568611 -0.427327509230021
1.00768996932149 0.4523952515392365
1.01133031438629 0.4643521767689621
0.9148905276770231 0.03323499857152996
1.272634499100055 0.2548449057301463
1.264245740548114 0.2424035288330686
1.107837339751999 -0.1082001954695095
1.123597583571199 0.237554146357973
1.137167795290824 0.2428186514432246
0.79787152063939 0.2426536384238535
1.315816597977305 -0.07522635708170317
1.303472698951496 -0.06358096277358491
1.157273054459508 0.02605605401263837
0.9163391765596403 -0.5271972194171166
0.9088863816406917 -0.5380453600015649
0.8120537308272903 -0.4900766995238444
0.9124641407716096 -0.1039987543023863
1.051261743679165 -0.4099379517729193
0.9417349419713086 0.4564175573949721
0.965025298405189 0.178602886616626
1.120505179517934 0.2780118777828072
0.837252698712609 0.4850803207478921
0.8330450444094362 0.49849652897554
1.248990480194538 -0.1909552365276491
1.304103451580181 -0.1491617983689452
1.290362219940806 -0.1542256111066972
0.9966450202328865 0.3954033255731089
0.9395430768291289 -0.4015845943721764
0.946531000507806 -0.4136523285993804
0.9684749639543897 0.2002781338732894
0.9459851869164118 -0.3748123002185472
0.9339919384900965 -0.3632241858587475
1.198956892713913 0.343396249110098
0.9447296076919822 0.41687123676379
0.9348172802566024 0.4235324630673833
1.155550302964262 -0.1682749638056208
1.169654523673727 -0.1727263708539259
1.200851214929787 -0.3014698606580132
0.9915055955971011 -0.5384048794434779
0.9835450395597247 -0.5278744701274751
1.025087554114705 0.53645938237183
1.015766711728341 0.5304903133739667
0.9773952319758389 0.1005286870990204
0.9594149488603768 0.1002221841636712
0.832929364077351 0.5095598914725443
0.8437568830530597 0.5072847641112703
0.7413141530906737 0.3742601042995104
0.7489155605661839 0.3575481560353717
1.19447106831965 0.2407626457857791
0.8968910969364257 0.4441563101004095
0.9818837238484626 0.08280599846028795
1.064097946979236 0.1421331557543818
0.8896468306794546 -0.4881090564261718
0.9685604736436968 -0.4609685069389159
1.074715012802983 -0.1417204967380337
0.9380207523041411 -0.4273976014676197
0.9242666510888125 -0.4201910604801492
1.124832910668974 0.3383040159793269
1.119165551621418 0.350647369568298
0.9314541267670047 -0.3499756479597155
1.188397719439836 -0.34370290831708
0.7975826862555647 -0.2758630645016856
0.7818923440749954 -0.2895187612522925
0.8642372934312008 0.3511297064234155
0.8807361690257789 0.3458008484708036
0.8465231824042208 0.353969485354613
0.8407162525376682 0.3702509457949958
0.844606422311402 0.4775685392986299
0.851226286983938 0.4887096201650039
0.8781858004361778 -0.4068929194658985
1.319753291597031 0
1.308185716704354 -0.009829923323739852
1.063506855512169 -0.4152502797144531
1.057349987384623 -0.3993093884331965
1.074644923500992 0.511654339466862
1.027089469057295 0.3967528577024226
1.019201626058751 0.4080281421648687
1.013237505947636 0.3924131554610277
0.7150977310563396 0.2949762878496521
0.7231768033172497 0.2813567889939604
0.9090014609177508 0.2378978831094573
0.9878567925490849 0.4956498176880861
0.9995149704319242 0.492806708678393
0.9037005869573669 -0.4889252387292925
0.8283727313273341 0.1348412111068679
0.8079495813085491 0.1238898387254384
0.7923368488251559 0.4667737032382885
0.7939894200634738 0.4555983554104445
0.9487337060961838 0.5190845673843987
1.125456467918902 -0.2976384179941902
0.9011907988891892 -0.5455352024121503
0.8955861199597083 -0.348788438495065
0.9141901442892568 -0.3491079811981743
1.05435311110332 0.4521302673805295
1.044626497300151 0.1891730242339327
1.031135909390257 0.1988546668835422
0.8323491627715203 0.3833355950000316
1.059106142375585 0.005608556325996316
1.042963392852092 0.01304254912190433
0.6958965484198191 -0.2039158580969295
0.7125643926820375 -0.2119884058241238
0.9327397184556073 0.4468862617737844
0.9253550764990076 0.5503117456222368
0.9203014714707576 0.5412871383464586
0.9325174919265891 0.5428037668837806
0.9255424090429322 -0.3350266988648021
0.7679078434805172 -0.2769325481254989
1.295413521559611 0.1852442670716876
1.00453286323143 0.3841280411106628
0.8711388091676706 0.4962303537428792
1.076983701830613 -0.4161955797224069
1.007970942942192 0.5211862708975299
0.9265621634251733 0.2353336584529199
1.1931855313307 -0.357914594431222
0.8791992682270365 0.4754156046601454
0.8294927708861444 0.4008823805142424
0.8195688474843023 -0.2034562499790043
1 -0.5446013526901934
0.8403010509314981 0.4662324569586315
0.8548350433544989 -0.525253058258935
0.972476530217482 0.06822047054964171
0.9901390519691917 0.0676243776594114
1.112616118825015 -0.2518824930381895
1.242996585613314 0.1496591509832589
1.235415876929665 0.165702193237264
0.7399234279851321 0.009837132284256315
0.7852402259308516 -0.4167299753939182
0.8666127779019154 -0.4066442483665931
0.932749394009535 0.03258728213253893
0.9253193814077452 0.05349202533365068
0.9560529031366219 0.4114679299016186
0.8518616576812529 0.3364621173864395
1.03319627070149 0.3851507010456004
1.039160390812606 0.4007656877494413
0.9619550530392342 0.05294157932171241
0.9536997249185051 0.06812320012258896
1.200407076131982 -0.1508056996761856
1.061486616785106 0.1739008146586694
0.911011933009361 0.5143894726347911
1.026237293094067 0.02662806799135943
1.088029671719069 -0.4163040529090729
1.143259472405475 -0.07134037013463826
1.107368180684047 -0.4366981666604003
1.097414357928887 -0.4247201567542272
0.9343439878184905 -0.319984647744278
0.9170800053407426 -0.3191169809827368
0.8687473197711244 0.4845042700403211
1.030820919825035 0.04115598423883365
0.7834515259021835 -0.2597863228700177
1.167070635922649 -0.431977227185393
1.155261166513506 -0.432393113066144
1.009637703727514 0.3728658590040173
1.272634499100055 -0.2548449057301463
1.145164956645501 0.4552931470859896
1.132876777314047 0.4544335766058613
1.184603769883601 -0.1624875573085808
1.186857865965586 -0.178695784613827
0.9370646550412127 0.5319048848939212
0.9452548526126954 -0.1000117201107692
0.7184357294484237 0.0388040551724215
0.9277509509785268 -0.4064814698299969
0.8273436941959518 0.153755194306389
1.112401944240168 0.2506205920474078
1.06982435223653 0.3326101340627242
1.068255647066699 0.3462277791499388
1.061062168779906 0.3580715549574106
1.054566672916994 0.3695939688111761
1.048392746483367 0.3533192127883304
1.011236162068686 0.03649966569922868
1.190424684998735 -0.007174691970872495
0.9384233074865247 0.5214803191590522
0.9288225393436509 0.5233545938731334
1.03764444094072 0.344379566346472
1.031148945077807 0.3559019802002375
0.8512675834303378 -0.4251894665994079
0.8526432334608038 -0.4112732521224732
0.8396006254985474 -0.4181279891484788
1.218878491802679 0.1848397525611948
0.9852899062451033 -0.3352000281537198
1.272706031686909 -0.1545130875568296
0.733279088212619 0.02617543419225815
1.318767598911303 -0.03769397019440018
1.307603685961565 -0.02650701049455794
1.306617993275837 -0.04533378842887004
1.101071725204358 -0.4132547665932165
0.9186132767094848 0.5295454140427176
1.020762994240669 0.3640501023784804
1.009275349022004 0.355778090383916
0.8258222381322968 -0.4084821625690378
0.8508181506939609 -0.4514190080046659
0.8486545625107371 -0.4373139326044075
1.056953068553054 0.2587346998510262
0.8536177763804843 0.5004357038675619
0.9030790892476811 -0.3169733210552404
1.056888938611003 0.3277396561698573
1.044612617087076 0.3328845488625409
0.9199719291547966 0.5191208483078488
1.031511299783317 0.3729897488203388
0.9586521532347294 -0.1231559370103789
0.9452048347174136 -0.1146195061149721
1.251508511098991 0.2293751577865603
0.7343979667277094 -0.2135310206111045
0.930174951380317 -0.109008127223815
1.260683257320456 0.1704017014474956
1.261312090785054 0.1521893447347415
0.8322079945059317 -0.3950846663136901
1.213106385807377 0.3220096242128622
1.040704530175335 -0.1910231836971972
1.042329046284197 -0.2080017768085607
0.9940878236944343 -0.3265864967967091
0.9792841840958405 -0.3200342507887697
0.9025956463610811 0.4342001442932849
0.9097748745106666 0.4437265844800982
1.046480047326301 0.153167830067838
1.04852546264157 -0.2699529442908359
1.056691097999785 -0.183463631766962
1.015403585901232 0.2036084212561723
1.000088432031908 0.2127303119808931
0.949042824108384 -0.3199601578910683
0.9628827616712987 -0.3163368661507868
1.203372872967899 0.315140986419034
1.198547846774001 0.3274572776341739
0.7524535665804377 -0.210130257166644
1.189223379874436 0.3365276113162698
1.178094227329893 0.3280825894678434
1.112388419098056 0.3229497864130983
1.127618994690103 0.01426159660843398
0.9732683596175966 0.2145051040823739
0.9886777991101101 0.2234143291736976
0.946970220198794 0.08277349239752349
0.8021296353227627 0.4439954431173402
1.004253735488044 0.2297132042876415
1.162946372918248 0.3184727143033266
0.8457789427359841 -0.3905991183263741
1.292308786001757 -0.05239400307374267
1.059741878865345 0.1577896958048323
0.7782605243224199 -0.2311133969583664
0.7578862586824684 -0.2245970845403821
1.142687255531486 -0.4287173267833134
1.120386612670714 0.4497450338267642
0.9086271222904744 0.4222008256749383
0.9436327300000857 0.01658576926497849
0.954061583730808 0.03684279602709922
0.8609714999792775 0.4929239224182996
1.059012896225924 -0.3740397212997059
1.133530775894461 -0.4217398025436268
0.9976506786393369 0.4799322719596133
0.9364487430205461 0.06749460116959419
0.8545089287803105 0.09709197283373935
0.854945819970125 -0.3995827709156641
1.171530590299755 0.01582512148694831
1.057857395521213 -0.3878717755921115
1.184127373493175 0.00967183928721976
1.085486498166281 -0.08903334183473614
1.103283985683308 -0.09145497441247036
1.008090701697745 -0.3308605174480458
1.002084979548483 -0.3156947400830958
0.8621564461221188 -0.4525868902357533
0.9740276001151782 -0.1191068210815478
1.246343144774055 0.1735834404138333
1.231996937491717 0.1774127340909031
1.137035283554829 0.06803232227817319
0.861748738411833 -0.1519724667054138
0.9982758235689326 0.05203321584773403
0.9057598171682729 -0.1345296397036571
0.8876349000750006 -0.1305083161623779
1.122620609653399 -0.2350709398625589
0.9124141228763278 -0.1186065403065892
1.139897963619557 0.2573517501419705
1.00716315068488 0.4860182317224199
1.016728081979887 0.4758513353119082
1.003188265195291 0.4394804864508102
0.8684645822010704 -0.1361820108253725
1.05722942668741 -0.2162493357501298
1.069187465993032 -0.2071567122820778
1.043695760535713 -0.2246464170151806
0.940164043715535 0.2359701836309835
0.9460408172932093 0.2218568294533659
1.035563023815028 -0.2638546470440775
1.046313762686218 -0.2556220120943108
0.8927013709141829 -0.3314997464348584
0.8800090643087068 -0.3461291528266626
1.031073351996088 -0.232961286460582
1.019045758729915 -0.2440220497322274
0.9584514951482919 -0.3716143824253381
1.022171019444868 -0.258628528989741
1.02438271940022 -0.2729594611862661
1.06815310209715 -0.1914669507724939
1.045973732399301 -0.241208845402151
1.043582221538628 0.3770025788673575
0.9215821962577861 0.445192075849163
1.014789437338116 -0.3079394881920227
0.9266369461331433 0.435464604597595
0.8681524455643491 -0.3405640699096595
1.120833693364581 -0.4292390562981884
0.9236597580587812 0.4218382771427618
1.123153493944056 -0.4141716166838092
1.025632870447409 -0.2870478974451077
1.026454102509115 -0.3015675410927707
1.157383577430963 0.1152893507153392
1.128898500697066 0.2679833693089405
1.117984896331476 0.2647823191872413
0.9572308279180122 0.208351801088714
0.8449953033066266 -0.07262049757502972
1.111164331797176 -0.409830948835801
1.046613313351798 0.3188274060978334
0.968509486694406 0.4172299919504106
1.035739026776252 -0.3886577042449921
1.028317714196477 -0.3917341270799693
1.037683562971843 -0.3970734833266399
1.020896401616701 -0.3948105499149465
1.01895186542111 -0.3863947708332987
1.017007329225519 -0.3779789917516507
1.009586016645743 -0.3810554145866279
1.013475089036926 -0.3978869727499237
1.022840937812292 -0.4032263289965944
1.142981249114002 0.1535910867710967
1.132395706888762 0.1562707764095944
1.138842877849303 0.1467877580085483
1.121810164663523 0.158950466048092
1.125948535928222 0.1657537948106404
1.130086907192921 0.1725571235731888
1.119501364967681 0.1752368132116864
1.111224622438283 0.1616301556865897
1.117671793398824 0.1521471372855437
0.7287325620279327 0.1033692334830949
0.7135552906514749 0.09937686569743789
0.727749907903797 0.09052123474789529
0.6983780192750171 0.09538449791178094
0.6993606733991529 0.1082324966469805
0.7003433275232884 0.1210804953821801
0.6851660561468307 0.1170881275965231
0.6832007478985593 0.09139213012612399
0.6973953651508815 0.08253649917658137
1.139523600762802 0.1701286884854928
1.133076429802261 0.1796117068865388
1.148960294332683 0.1677002533977968
1.145970771723343 0.1606456700844467
1.152417942683884 0.1511626516834007
1.158396987902564 0.1652718183101008
1.151949816942024 0.1747548367111469
0.9704014146112019 -0.2111679689171914
0.9605204176412847 -0.2061506421383011
0.9640945155784988 -0.2179077583341973
0.9506394206713675 -0.2011333153594109
0.9569463197040706 -0.194393525942405
0.9632532187367735 -0.1876537365253991
0.9533722217668564 -0.1826364097465089
0.9407584237014505 -0.1961159885805206
0.9443325216386647 -0.2078731047764167
1.172640439674687 -0.2187248719328123
1.164462885400048 -0.2140713634311615
1.16470682537304 -0.2240014546890415
1.15628533112541 -0.2094178549295106
1.164218945427057 -0.2041412721732814
1.172152559728704 -0.1988646894170522
1.163975005454065 -0.1942111809154013
1.148107776850771 -0.2047643464278598
1.148351716823763 -0.2146944376857399
1.28053520315338 0.1031711255937424
1.290174161829298 0.1093433581280589
1.279068799637414 0.112423077981075
1.299813120505216 0.1155155906623753
1.301279524021183 0.1062636382750428
1.30274592753715 0.09701168588771017
1.312384886213067 0.1031839184220266
1.309452079181134 0.1216878231966918
1.298346716989249 0.1247675430497079
1.308090362993049 0.05110145670582271
1.308583209335912 0.04168806773866666
1.31827475256844 0.04710735916155623
1.309076055678776 0.03227467877151062
1.298891666103385 0.0362687763157771
1.288707276527994 0.04026287386004358
1.289200122870858 0.03084948489288753
1.30956890202164 0.02286128980435457
1.319260445254167 0.02828058122724413
0.7945231474513611 -0.1751198749401939
0.793188399857524 -0.184619381487429
0.8042090448197354 -0.1799107839286287
0.7918536522636868 -0.1941188880346641
0.7821677548953124 -0.1893279790462292
0.7724818575269381 -0.1845370700577944
0.7711471099331009 -0.1940365766050294
0.7905189046698496 -0.2036183945818991
0.8015395496320612 -0.1989097970230989
1.118369849087633 0.3942853061308635
1.11160102457904 0.3888699724151031
1.120950369264217 0.3863699868318644
1.104832200070448 0.3834546386993428
1.102251679893864 0.391369957998342
1.09967115971728 0.3992852772973411
1.092902335208688 0.3938699435815807
1.098063375561856 0.3780393049835824
1.107412720247032 0.3755393194003436
1.188462190856952 0.3868133166289505
1.186342781365753 0.3765587510729346
1.195990654287947 0.3832302794602419
1.184223371874553 0.3663041855169186
1.176694908443558 0.3698872226856271
1.169166445012563 0.3734702598543357
1.167047035521363 0.3632156942983197
1.182103962383353 0.3560496199609026
1.191751835305548 0.36272114834821
0.805607558315123 -0.3232680492824475
0.8073107967979423 -0.3329909992517228
0.8181744673208342 -0.3257716709932121
0.8090140352807615 -0.3427139492209983
0.7964471262750503 -0.3402103275102336
0.783880217269339 -0.3377067057994689
0.7855834557521582 -0.3474296557687443
0.8107172737635808 -0.3524368991902737
0.8215809442864728 -0.345217570931763
1.166501651469924 -0.3493109675492851
1.168895557415356 -0.356416810606356
1.177322823518724 -0.3491734194796778
1.171289463360788 -0.363522653663427
1.160468291311988 -0.3636602017330343
1.149647119263188 -0.3637977498026415
1.15204102520862 -0.3709035928597125
1.17368336930622 -0.370628496720498
1.182110635409588 -0.3633851055938198
0.910016312782716 0.4736129996264337
0.9178212714485703 0.4756094782925255
0.911931719516059 0.4812759004928858
0.9256262301144247 0.4776059569586173
0.9237108233810818 0.4699430560921651
0.9217954166477388 0.4622801552257129
0.9296003753135931 0.4642766338918047
0.9334311887802791 0.4796024356247091
0.9275416368477676 0.4852688578250695
1.105899327031639 -0.4604080145030329
1.113322118546153 -0.4640835186445035
1.111702741468434 -0.4554009670239004
1.120744910060668 -0.467759022785974
1.114941495623873 -0.4727660702651065
1.109138081187078 -0.4777731177442391
1.116560872701593 -0.4814486218857097
1.128167701575182 -0.4714345269274446
1.126548324497462 -0.4627519753068415
1.207439159653441 -0.04592652758276019
1.199662599239341 -0.04111673840923997
1.199500702918634 -0.05167827113652408
1.191886038825241 -0.03630694923571975
1.199824495560048 -0.03055520568195585
1.207762952294854 -0.02480346212819196
1.199986391880755 -0.01999367295467174
1.184109478411141 -0.03149716006219952
1.183947582090435 -0.04205869278948364
1.011246247668068 0.07831568378553644
1.021717800606278 0.08443611503134152
1.010017798538383 0.08833033681586271
1.032189353544489 0.09055654627714657
1.033417802674174 0.08054189324682032
1.034646251803859 0.07052724021649406
1.045117804742069 0.07664767146229912
1.042660906482699 0.09667697752295165
1.030960904414804 0.1005711993074728
1.303785114575301 0.01794632814248464
1.313969504150692 0.01395223059821816
1.298001327128963 0.01303136648061471
1.29360072499991 0.02194042568675112
1.28341633542452 0.02593452323101761
1.292217539682624 0.008116404818744788
1.302401929258016 0.004122307274478302
1.084550385077461 0.3949255249054989
1.087130905254045 0.3870102056064998
1.089711425430629 0.3790948863075007
1.081359475299402 0.3801504676314189
1.073007525168175 0.3812060489553372
1.075588045344759 0.373290729656338
1.092291945607213 0.3711795670085015
0.7108655144009874 0.1242122935767866
0.6966708971486654 0.1330679245263292
0.7213877012786865 0.127344091771393
0.7250601316533096 0.1153566626272439
0.7392547489056317 0.1065010316777013
0.7319098881563855 0.1304758899659995
0.7177152709040634 0.1393315209155421
0.7687460154050955 0.1327219108212968
0.7747351372019158 0.1221717300818814
0.783341415910196 0.1349078328444629
0.7807242589987361 0.111621549342466
0.7661288584936355 0.1094356273192999
0.751533457988535 0.1072497052961338
0.7575225797853553 0.0966995245567184
0.7867133807955564 0.1010713686030507
0.7953196595038367 0.1138074713656322
1.10470357774886 0.4278060703024849
1.098851740519033 0.42212131240447
1.107877326721583 0.4188395365746244
1.092999903289207 0.4164365545064552
1.089826154316484 0.4254030882343157
1.08665240534376 0.4343696219621762
1.080800568113933 0.4286848640641613
1.08714806605938 0.4107517966084403
1.096173652261931 0.4074700207785947
1.083695732550889 -0.2508158421061054
1.075499217157026 -0.2520484700690667
1.083865747694347 -0.2580224254521853
1.067302701763164 -0.253281098032028
1.067132686619705 -0.2460745146859482
1.066962671476247 -0.2388679313398683
1.058766156082384 -0.2401005593028296
1.059106186369301 -0.2545137259949893
1.067472716906622 -0.2604876813781079
1.148989280797685 -0.1972620601474781
1.141055666496038 -0.2025386429037073
1.149870784744599 -0.1897597738670963
1.156922895099332 -0.1919854773912488
1.164856509400979 -0.1867088946350196
1.150752288691514 -0.1822574875867145
1.142818674389867 -0.1875340703429438
1.234848031748039 -0.2735173643165023
1.244024708306383 -0.2756440776778922
1.238540246261783 -0.2653654269444825
1.253201384864727 -0.2777707910392822
1.249509170350982 -0.2859227284113021
1.245816955837238 -0.2940746657833219
1.254993632395582 -0.2962013791447118
1.262378061423071 -0.2798975044006722
1.256893599378471 -0.2696188536672623
1.267226012951066 0.03196156712076408
1.26393701834741 0.02270989928240333
1.275726738691812 0.02559191459879328
1.260648023743755 0.01345823144404259
1.252147298003009 0.01982788396601338
1.243646572262262 0.02619753648798418
1.240357577658607 0.01694586864962343
1.2573590291401 0.004206563605681841
1.269148749484501 0.007088578922071789
1.026950928353241 -0.3764023208521186
1.017585079577874 -0.3710629646054479
1.036894527480963 -0.3748256499525864
1.036316777128607 -0.3817416770987893
1.045682625903974 -0.38708103334546
1.046838126608685 -0.3732489790530542
1.037472277833318 -0.3679096228063836
0.9126562688225108 0.001220889193105582
0.912835654593719 -0.01275778954177333
0.9224999260500211 -0.001648423364460717
0.9130150403649271 -0.02673646827665226
0.9031713831374168 -0.02386715571908595
0.8933277259099066 -0.02099784316151965
0.8935071116811149 -0.03497652189639858
0.9131944261361353 -0.04071514701153117
0.9228586975924373 -0.02960578083421855
0.8277437606361735 -0.04888165981672648
0.8207766863186001 -0.05493214657555386
0.8342208369130886 -0.0590191692611068
0.8138096120010267 -0.06098263333438124
0.8073325357241117 -0.05084512389000091
0.8008554594471964 -0.04070761444562059
0.7938883851296231 -0.04675810120444797
0.8068425376834535 -0.06703312009320862
0.820286688277942 -0.07112014277876157
1.238766527915099 -0.2930763606415967
1.244250989959699 -0.3033550113750065
1.231716099992959 -0.2920780554998716
1.233282065870499 -0.282797709908187
1.227797603825899 -0.2725190591747773
1.22466567207082 -0.2910797503581466
1.23015013411542 -0.3013584010915563
0.8807174402236455 -0.2713939334966516
0.8831099887207607 -0.2805066063678248
0.8907021064388323 -0.2724495913937005
0.8855025372178759 -0.289619279238998
0.875517871002689 -0.2885636213419492
0.8655332047875022 -0.2875079634449004
0.8679257532846174 -0.2966206363160736
0.887895085714991 -0.2987319521101712
0.8954872034330628 -0.2906749371360468
1.089674752203699 -0.2462695303720794
1.081308221666379 -0.2402955749889608
1.072941691129057 -0.2343216196058423
1.078920710781868 -0.2297753078718163
1.084899730434679 -0.2252289961377903
1.076533199897357 -0.2192550407546717
1.064575160591736 -0.2283476642227237
1.269185317519905 0.04403679366180016
1.257395597175503 0.04115477834541021
1.245605876831102 0.03827276302902026
1.247565181399941 0.05034798957005635
1.24952448596878 0.06242321611109243
1.237734765624379 0.05954120079470249
1.2338161564867 0.03539074771263032
1.027014635535834 0.06662588109517656
1.038714637603729 0.06273165931065537
1.019383019267809 0.06272452197385908
1.015314633467938 0.07052010287969776
1.003614631400043 0.07441432466421896
1.011751402999784 0.05882316285254158
1.023451405067679 0.05492894106802039
0.9089410622626872 0.270837689982385
0.9142441289585312 0.2809813920750259
0.9031499483190628 0.2770898609071321
0.9195471956543753 0.2911250941676668
0.9253383095979997 0.2848729232429197
0.9311294235416239 0.2786207523181726
0.936432490237468 0.2887644544108135
0.9248502623502194 0.3012687962603077
0.9137560817107511 0.2973772650924139
1.158939110165504 -0.2795602224016435
1.163010619042429 -0.2881047691164443
1.166118802401924 -0.278480478228288
1.167082127919353 -0.2966493158312451
1.159902435682933 -0.2977290600046005
1.152722743446513 -0.2988088041779561
1.156794252323438 -0.3073533508927568
1.171153636796277 -0.3051938625460459
1.174261820155773 -0.2955695716578896
0.9721748092055258 -0.1927391531039836
0.9686007112683117 -0.1809820369080875
0.9810963996742781 -0.1978245696825681
0.97574890714274 -0.2044962692998797
0.9793230050799542 -0.2162533854957759
0.9900179901430304 -0.2029099862611526
0.9864438922058163 -0.1911528700652564
1.098497315452696 -0.3323415649808699
1.089083947322625 -0.3348627613084477
1.098749539179028 -0.340537333659197
1.079670579192555 -0.3373839576360255
1.079418355466223 -0.3291881889576983
1.07916613173989 -0.3209924202793712
1.06975276360982 -0.323513616606949
1.070257211062485 -0.3399051539636032
1.079922802918887 -0.3455797263143525
1.251256597877577 0.07227581783509965
1.258690540569646 0.08093442236285464
1.247128012885288 0.08027503186349355
1.266124483261716 0.08959302689060962
1.270253068254005 0.08159381286221572
1.274381653246294 0.07359459883382183
1.281815595938364 0.08225320336157679
1.273558425953785 0.0982516314183646
1.261995898269427 0.09759224091900352
0.915891755774179 0.4615474095411805
0.9217813077066904 0.4558809873408201
0.9099880949006193 0.460814663856648
0.9100022038416676 0.4672138317415409
0.9041126519091562 0.4728802539419013
0.9040844340270595 0.4600819181721156
0.909973985959571 0.4544154959717552
1.008210895121719 -0.5031123703849885
1.001475937630142 -0.5038064705563832
1.007779522434103 -0.5096266185611892
0.9947409801385647 -0.5045005707277781
0.9951723528261813 -0.4979863225515773
0.9956037255137979 -0.4914720743753765
0.9888687680222207 -0.4921661745467714
0.9880060226469874 -0.505194670899173
0.9943096074509481 -0.5110148189039789
1.168875194179222 -0.3772604407486693
1.179696366228022 -0.3771228926790621
1.164067019052225 -0.3838923847768406
1.158054022130423 -0.3773979888182765
1.147232850081623 -0.3775355368878838
1.159258843925227 -0.3905243288050119
1.170080015974027 -0.3903867807354046
0.8898338718596184 -0.4740055988021912
0.890440446153962 -0.4649685123400851
0.8830661487911101 -0.4714328204454575
0.8910470204483056 -0.4559314258779789
0.8978147435168139 -0.4585042042347126
0.9045824665853222 -0.4610769825914462
0.9051890408796659 -0.45203989612934
0.8916535947426493 -0.4468943394158728
0.8842792973797974 -0.4533586475212453
0.8827062265482419 -0.3059951647999801
0.8926908927634287 -0.307050822697029
0.8775173673814929 -0.3132583774897891
0.8727215603330551 -0.3049395069029314
0.8627368941178684 -0.3038838490058826
0.8723285082147438 -0.3205215901795981
0.8823131744299306 -0.3215772480766469
0.8260382758376411 -0.01750561750557991
0.8266067707704852 -0.0279642982759621
0.8394824264321297 -0.02159264019113286
0.8271752657033293 -0.03842297904634429
0.8137311151088409 -0.03433595636079135
0.8002869645143523 -0.03024893367523841
0.8406194162978178 -0.04251000173189723
1.190190705741861 -0.2807137628010267
1.184881077213165 -0.2856656990866476
1.194262214618786 -0.2892583095158274
1.179571448684469 -0.2906176353722686
1.175499939807545 -0.2820730886574678
1.17142843093062 -0.2735285419426671
1.183642957561393 -0.2991621820870694
0.9042350473614265 -0.467949381848379
0.9116093447242783 -0.4614850737430065
0.9038876281375308 -0.4748217811053119
0.8968607499985746 -0.4744136899537515
0.8894864526357227 -0.480877998059124
0.9035402089136348 -0.4816941803622448
0.9109145062764868 -0.4752298722568722
0.8997205000375802 0.2851931519740206
0.8944174333417361 0.2750494498813797
0.8962910517560976 0.2932964430409092
0.9050235667334243 0.2953368540666615
0.9103266334292683 0.3054805561593025
0.8928616034746149 0.3013997341077977
0.8875585367787708 0.2912560320151568
1.096545604209555 -0.3491802068243233
1.105958972339625 -0.3466590104967456
1.094341669240082 -0.3578230799894496
1.087132236079485 -0.3517014031519011
1.077718867949415 -0.3542225994794789
1.09213773427061 -0.366465953154576
1.10155110240068 -0.3639447568269982
0.7752749631443404 -0.1742763024425734
0.7642543181821289 -0.1789849000013736
0.7780680687617428 -0.1640155348273525
0.786295608106552 -0.1695677048837732
0.7973162530687635 -0.164859107324973
0.7808611743791453 -0.1537547672121315
0.7698405294169337 -0.1584633647709318
0.9312860657410813 -0.00830965781748378
0.9311066799698732 0.005669020917395138
0.9400722054321416 -0.01497089227050684
0.9314654515122895 -0.0222883365523627
0.9316448372834977 -0.03626701528724162
0.948858345123202 -0.0216321267235299
0.9486789593519938 -0.007653447988650988
1.029299555490625 -0.4577394302018897
1.023565336237657 -0.4616217147829883
1.032766090044482 -0.4630612855836878
1.017831116984689 -0.4655039993640869
1.014364582430832 -0.4601821439822888
1.010898047876974 -0.4548602886004908
1.005163828624006 -0.4587425731815894
1.012096897731721 -0.4693862839451856
1.021297651538546 -0.470825854745885
1.103174276070033 -0.4753959448125272
1.104793653147752 -0.4840784964331303
1.097210470952987 -0.4730187718808153
1.101554898992313 -0.4667133931919241
1.099935521914593 -0.458030841571321
1.091246665835941 -0.4706415989491033
1.092866042913661 -0.4793241505697065
1.023725552779462 -0.07052220668968132
1.013548334714777 -0.07493419288671484
1.023907592723187 -0.08163214699219329
1.003371116650093 -0.07934617908374836
1.003189076706368 -0.06823623878123637
1.003007036762643 -0.05712629847872439
0.9928298186979584 -0.06153828467575791
0.9931938985854084 -0.08375816528078188
1.003553156593818 -0.09045611938626034
0.8377599894502881 0.3010186529232307
0.8410451512117868 0.2928291463468765
0.8494238616180534 0.3016933367036382
0.8443303129732855 0.2846396397705223
0.8326664408055202 0.2839649559901148
0.8210025686377549 0.2832902722097074
0.8242877303992537 0.2751007656333532
0.8476154747347844 0.2764501331941681
0.8559941851410509 0.2853143235509298
1.135669038352199 0.3855386732774757
1.14418887157507 0.3871874392885868
1.13623902699568 0.3934340865587359
1.152708704797941 0.3888362052996979
1.15213871615446 0.3809407920184377
1.151568727510978 0.3730453787371775
1.160088560733849 0.3746941447482885
1.161228538020812 0.3904849713108089
1.153278693441422 0.3967316185809581
1.094493397239785 0.4392193709867002
1.085467811037235 0.4425011468165458
1.10233438913581 0.4440691200112243
1.103518983442335 0.4359375951568546
1.112544569644885 0.432655819327009
1.110175381031834 0.4489188690357483
1.101149794829284 0.452200644865594
1.086484929067238 -0.3170125718640159
1.076819337210835 -0.3113379995132666
1.093803726394585 -0.3130327234486607
1.09615052092364 -0.3226871442147653
1.105816112780043 -0.3283617165655147
1.101122523721932 -0.3090528750333054
1.09145693186553 -0.3033783026825561
1.105522996947107 0.4049700351953559
1.111374834176933 0.4106547930933708
1.114872341632283 0.4024700496121172
1.124221686317459 0.3999700640288785
1.11722667140676 0.4163395509913856
1.210679333747686 0.1111720027833316
1.20772606855063 0.1222676262771429
1.19920881746165 0.1135098264028123
1.204772803353573 0.1333632497709542
1.216243319639609 0.1310254261514735
1.227713835925645 0.1286876025319929
1.224760570728589 0.1397832260258041
1.201819538156517 0.1444588732647654
1.193302287067537 0.1357010733904348
1.0769331841752 0.08857353512154106
1.06632805769749 0.08459824723512707
1.078161633304885 0.0785588820912148
1.055722931219779 0.08062295934871311
1.054494482090094 0.09063761237903936
1.053266032960409 0.1006522654093656
1.056951380349464 0.07060830631838684
0.8875340827598075 -0.5339337871265133
0.8817306683230128 -0.5314044626690657
0.8834391272984075 -0.5397459632819379
0.8759272538862179 -0.528875138211618
0.8800222093476181 -0.5230629620561933
0.8841171648090181 -0.5172507859007687
0.8783137503722234 -0.5147214614433211
0.8701238394494233 -0.5263458137541704
0.8718322984248179 -0.5346873143670428
1.261087013653139 0.06308260661045352
1.272649541337498 0.0637419971098146
1.270917429428701 0.05388939538580738
1.280747845204264 0.04469618416116124
1.284212069021857 0.06440138760917569
0.9174741737172605 -0.2718420862113702
0.9101451836225278 -0.2781197031862624
0.9198667222143757 -0.2809547590825434
0.9028161935277953 -0.2843973201611546
0.9004236450306801 -0.2752846472899814
0.8980310965335648 -0.2661719744188082
0.9052087420249104 -0.2935099930323278
1.194447247505852 -0.1018143889700261
1.192963837651024 -0.1108576945330358
1.203457269652987 -0.1060245115948603
1.191480427796197 -0.1199010000960454
1.18247040564906 -0.1156908774712112
1.173460383501924 -0.111480754846377
1.171976973647097 -0.1205240604093867
1.189997017941369 -0.1289443056590551
1.200490449943332 -0.1241111227208796
0.8896734151601641 -0.5218473653083484
0.8879649561847693 -0.513505864695476
0.89522966551131 -0.526443944715928
0.8913818741355588 -0.5301888659212206
0.8930903331109534 -0.538530366534093
0.9007859158624559 -0.5310405241235077
0.8990774568870612 -0.5226990235106355
0.9838521088264386 -0.04139992889035296
0.9751601337576065 -0.0448945900488046
0.9839558036854013 -0.05392300553169757
0.9664681586887743 -0.04838925120725623
0.9663644638298117 -0.03586617456591162
0.9662607689708489 -0.02334309792456702
0.9575687939020168 -0.02683775908301866
0.9577761836199423 -0.05188391236570787
0.966571853547737 -0.06091232784860084
1.279926863736566 0.1214868140967076
1.270287905060648 0.1153145815623911
1.280784927835719 0.1305505502123401
1.289565822412484 0.127659046631024
1.299204781088402 0.1338312791653405
1.281642991934871 0.1396142863279727
1.272004033258954 0.1334420537936562
0.9180325485019742 0.4994167917169021
0.9225125465746919 0.501782479553431
0.9167411975708094 0.505832964628678
0.9269925446474099 0.5041481673899599
0.9282838955785746 0.4977319944781841
0.9295752465097393 0.4913158215664083
0.9340552445824573 0.4936815094029371
0.9314725427201276 0.5065138552264887
0.925701193716245 0.5105643403017357
1.08629330740505 0.2896618182320316
1.088343792429562 0.2994596955135226
1.078609007053243 0.2940298373464104
1.090394277454074 0.3092575727950136
1.098078577805881 0.3048895536806348
1.105762878157688 0.300521534566256
1.1078133631822 0.310319411847747
1.092444762478587 0.3190554500765047
1.082709977102268 0.3136255919093925
0.8648294784096352 -0.3206812402117276
0.8696252854580729 -0.3290001107985854
0.8573304486045266 -0.320840890243857
0.8600336713611975 -0.3123623696248698
0.8552378643127597 -0.304043499038012
0.8498314187994178 -0.3210005402759865
0.8546272258478556 -0.3293194108628442
0.9366277420249571 0.5053159793391619
0.9353363910937924 0.5117321522509377
0.9417829413297867 0.5041181034518352
0.937919092956122 0.4988998064273861
0.9392104438872868 0.4924836335156103
0.9469381406346162 0.5029202275645083
0.9456467897034515 0.5093364004762841
0.9748993344568608 -0.2346050277628237
0.9825905047197948 -0.2385038526387774
0.9816666828113501 -0.2268239099890413
0.9902816749827288 -0.2424026775147312
0.9835143266282396 -0.2501837952885136
0.9767469782737503 -0.2579649130622961
0.9844381485366844 -0.2618637379382498
0.9979728452456629 -0.2463015023906849
0.997049023337218 -0.2346215597409488
1.255762858911194 -0.0752934834239055
1.26080594158711 -0.06646085932715025
1.249672397331703 -0.0680116279956329
1.265849024263026 -0.05762823523039499
1.271939485842517 -0.0649100906586676
1.278029947422008 -0.07219194608694018
1.283073030097925 -0.06335932199018493
1.270892106938943 -0.04879561113363973
1.259758562683535 -0.05034637980212239
0.8227876609397847 0.2657068832030366
0.83445153310755 0.2663815669834441
0.8461154052753154 0.2670562507638516
0.8446153358158464 0.2576623683335351
0.8431152663563773 0.2482684859032185
0.8547791385241427 0.248943169683626
0.8577792774430807 0.2677309345442591
1.017032933355861 -0.4498533786255922
1.007832179549036 -0.4484138078248927
1.023167818834748 -0.4448464686506937
1.026233687162687 -0.4512929494262917
1.035434440969512 -0.4527325202269912
1.029302704313635 -0.4398395586757951
1.02010195050681 -0.4383999878750956
0.9056382525608796 0.4028880973690795
0.913154570445033 0.4027068231029913
0.9092911385297801 0.410449958410815
0.9206708883291864 0.4025255488369031
0.917018002360286 0.3949636877951676
0.9133651163913856 0.3874018267534322
0.9208814342755389 0.3872205524873439
0.9281872062133398 0.4023442745708148
0.9243237742980869 0.4100874098786385
1.176727398293092 -0.1005522245244957
1.166233966291129 -0.1053854074626712
1.17999441308426 -0.08962369420261435
1.187220830295056 -0.09571904158632022
1.197714262297019 -0.09088585864814477
1.183261427875428 -0.078695163880733
1.172767995873464 -0.08352834681890847
1.095156382999561 -0.1553044997793689
1.10537358378641 -0.1568657502288455
1.099613176794406 -0.1461943130190682
1.115590784573258 -0.158427000678322
1.111133990778413 -0.1675371874386228
1.106677196983568 -0.1766473741989236
1.116894397770416 -0.1782086246484001
1.125807985360107 -0.1599882511277986
1.120047578368104 -0.1493168139180212
1.06113685961424 -0.3212585567251666
1.061389083340572 -0.3294543254034937
1.061641307066904 -0.3376500940818208
1.053025403071324 -0.3353950342000384
1.044409499075743 -0.333139974318256
1.044661722802076 -0.3413357429965831
1.061893530793236 -0.3458458627601479
0.7835493533524907 -0.2060608992803334
0.793235250720865 -0.2108518082687682
0.7765798020351317 -0.2085034039787676
0.7738634559841163 -0.2012699902918985
0.764177558615742 -0.1964790813034636
0.7696102507177727 -0.2109459086772018
0.779296148086147 -0.2157368176656367
0.9574356196835898 0.3900194874921077
0.9657990432948802 0.3870241598257418
0.9628501066828101 0.3961041942218415
0.9741624669061706 0.384028832159376
0.9687479799069503 0.3779441254296422
0.96333349290773 0.3718594186999085
0.9716969165190203 0.3688640910335426
0.982525890517461 0.3810335044930102
0.9795769539053909 0.3901135388891098
0.9355594339544413 0.1527874718320323
0.9476603050771875 0.1523820732244959
0.9413105511873343 0.1642971381762319
0.9597611761999336 0.1519766746169594
0.9540100589670406 0.1404670082727598
0.9482589417341476 0.1289573419285602
0.9603598128568938 0.1285519433210238
0.97186204732268 0.151571276009423
0.9655122934328267 0.163486340961159
1.288055498964786 -0.02615089377584309
1.280392390223124 -0.02799262551992793
1.287790971584437 -0.03598856047311264
1.272729281481462 -0.02983435726401275
1.272993808861811 -0.01999669056674321
1.273258336242159 -0.01015902386947367
1.265595227500497 -0.0120007556135585
1.2650661727398 -0.03167608900809759
1.272464754101114 -0.0396720239612823
0.9667538934914621 -0.07202226815111282
0.9754458685602941 -0.06852760699266119
0.9841378436291263 -0.06503294583420954
0.9843198835728513 -0.07614288613672153
0.9845019235165763 -0.08725282643923352
1.086742673535265 0.4507131693876044
1.07890168163924 0.4458634203630803
1.088017536033295 0.4589251919586629
1.09458366543129 0.4555629184121284
1.102424657327314 0.4604126674366524
1.089292398531326 0.4671372145297215
1.081451406635301 0.4622874655051974
0.8475736225115768 -0.3006859140702528
0.8448703997549059 -0.30916443468924
0.8421671769982348 -0.3176429553082272
0.8345029351970519 -0.314285370340468
0.8268386933958689 -0.3109277853727087
0.824135470639198 -0.3194063059916959
0.8394639542415639 -0.3261214759272145
1.114668993579853 0.1895039855648722
1.103971373111209 0.1887382648710761
1.112942115763736 0.1812744212804387
1.093273752642565 0.18797254417728
1.095000630458683 0.1962021084617136
1.0967275082748 0.2044316727461472
1.086029887806156 0.2036659520523511
1.082576132173921 0.1872068234834839
1.091546874826447 0.1797429798928465
1.010638478006232 -0.05279564806069461
1.000279219997823 -0.04609769395521615
1.018269919249821 -0.04846499764266483
1.020997736014641 -0.05949360216617307
1.031356994023051 -0.06619155627165152
1.02590136049341 -0.04413434722463505
1.015542102485001 -0.03743639311915659
1.157243396265551 0.2910140895261256
1.162978829014259 0.2824660392289948
1.164254057859941 0.2928208392141813
1.168714261762967 0.273917988931864
1.161703600168577 0.2721112392438084
1.154692938574187 0.2703044895557528
1.160428371322895 0.261756439258622
1.174449694511675 0.2653699386347332
1.175724923357357 0.2757247386199197
0.7858951026381462 -0.3273532843642768
0.775031432115254 -0.3345726126227875
0.7879099880069533 -0.3169998629290847
0.7967587731610382 -0.3201339561057661
0.8076224436839301 -0.3129146278472553
0.7899248733757605 -0.3066464414938926
0.7790612028528685 -0.3138657697524033
1.014026645204985 -0.5170168918026956
1.019801017020193 -0.5226959503808122
1.020288851740887 -0.5146115769679109
1.025575388835399 -0.5283750089589287
1.019313182299498 -0.5307803237937134
1.013050975763596 -0.5331856386284979
1.018825347578803 -0.5388646972066146
1.031349760650607 -0.5340540675370454
1.031837595371301 -0.5259696941241443
1.13157502049187 -0.02255697069747815
1.132045842510901 -0.0321380357368634
1.141497991988571 -0.02655993801117671
1.132516664529931 -0.04171910077624864
1.122593693033231 -0.03771613346255008
1.112670721536531 -0.03371316614885153
1.113141543555561 -0.04329423118823677
1.132987486548962 -0.05130016581563388
1.142439636026631 -0.04572206808994719
1.203320398146421 0.04822775341674879
1.214791853972407 0.05199890254273336
1.20527970271526 0.06030297995778487
1.226263309798393 0.05577005166871792
1.224304005229553 0.04369482512768184
1.222344700660714 0.03161959858664575
1.228222614367232 0.067845278209754
1.280947932974867 -0.009816415237249335
1.273549351613554 -0.001820480284064621
1.288637529707575 -0.009473806605025002
1.28834651433618 -0.01781235019043405
1.295745095697493 -0.02580828514361876
1.296327126440282 -0.009131197972800669
1.288928545078969 -0.001135263019615956
0.9139653291780307 0.4873228642342246
0.9061603705121763 0.4853263855681328
0.9159989388400025 0.4933698279755634
0.921770287843885 0.4893193429003164
0.9102275898361198 0.4974203130508103
0.9432319162232825 0.4880239473931224
0.9470957645969473 0.4932422444175714
0.950959612970612 0.4984605414420203
0.9549810853066079 0.4940008553195324
0.9590025576426036 0.4895411691970445
0.9628664060162684 0.4947594662214935
0.9548234613442768 0.5036788384664693
0.802969074579353 -0.3588636976631772
0.8155359835850642 -0.361367319373942
0.7952208753951251 -0.3652904961360808
0.7904021655736417 -0.3563600759524125
0.7778352565679304 -0.3538564542416479
0.7874726762108973 -0.3717172946089843
0.8000395852166087 -0.374220916319749
0.8210631589255606 0.2925151997135431
0.812684448519294 0.2836510093567814
0.8211237492133661 0.3017401272173789
0.8294418693318271 0.3013793900703048
0.8378205797380935 0.3102435804270665
0.8211843395011715 0.3109650547212147
0.8128056290949051 0.302100864364453
1.214272416360033 -0.03149604333349715
1.21443431268074 -0.02093451060621304
1.220781880425212 -0.03818862453880235
1.214110520039326 -0.04205757606078127
1.21394862371862 -0.05261910878806538
1.227291344490391 -0.04488120574410754
1.227453240811097 -0.03431967301682343
1.108803744499037 0.1744710925178903
1.104665373234338 0.167667763755342
1.098106124030392 0.1737053718240942
1.087408503561748 0.1729396511302981
1.100527001969639 0.1608644349927936
1.125637785222397 -0.05737197080514205
1.135560756719098 -0.06137493811884061
1.118288083895833 -0.06344377579465021
1.115714813725697 -0.0533690034914435
1.105791842228997 -0.04936603617774494
1.110938382569268 -0.0695155807841584
1.120861354065969 -0.07351854809785695
1.150158077403072 -0.3554823679190862
1.141730811299704 -0.3627257590457644
1.150669035542957 -0.3471669860355308
1.15858534350644 -0.348238976792408
1.167012609609808 -0.3409955856657297
1.151179993682841 -0.3388516041519755
1.142752727579473 -0.3460949952786537
1.139877533988349 -0.3799489464293017
1.145890530910151 -0.3864433423878657
1.151903527831954 -0.3929377383464298
1.14454821173868 -0.3953511478878476
1.137192895645407 -0.3977645574292655
1.14320589256721 -0.4042589533878296
1.157916524753756 -0.3994321343049938
1.045252341347567 -0.325176020173538
1.036888661078319 -0.3311167289700827
1.046095183619391 -0.31721206602882
1.053616021616816 -0.3192353113769933
1.061979701886064 -0.3132946025804486
1.046938025891215 -0.309248111884102
1.038574345621967 -0.3151888206806467
0.9749960416760608 0.5284239613561604
0.9728807742338383 0.5358180558016195
0.9687338351401593 0.5293151451406772
0.970765506791616 0.5432121502470786
0.9770277133275176 0.5423209664625619
0.9832899198634191 0.5414297826780452
0.9811746524211966 0.5488238771235043
0.9686502393493936 0.5506062446925377
0.9645033002557144 0.5441033340315953
1.13295561669714 -0.3627848900298946
1.122487445264986 -0.3631715122955958
1.130751681727667 -0.3714277631950209
1.112019273832833 -0.363558134561297
1.114223208802306 -0.3549152613961707
1.116427143771778 -0.3462723882310444
1.10981533886336 -0.3722010077264233
0.8607605604126534 -0.4947306662228451
0.8679893260520959 -0.492347027982779
0.8607732775784391 -0.4876208216277619
0.8752180916915383 -0.4899633897427129
0.8752053745257525 -0.4970732343377961
0.8751926573599668 -0.5041830789328793
0.8824214229994092 -0.5017994406928132
0.8824468573309807 -0.4875797515026469
0.8752308088573241 -0.4828535451476298
1.169736433656044 0.3813656731355959
1.170306422299525 0.3892610864168561
1.179384306578239 0.3880372015229033
1.189032179500433 0.3947087299102107
1.170876410943007 0.3971564996981163
0.9525299592555529 -0.4864306986213549
0.9500137578193655 -0.49328923685152
0.9575080084655976 -0.4900968441086645
0.9474975563831779 -0.5001477750816852
0.9425195071731333 -0.4964816295943756
0.9375414579630886 -0.492815484107066
0.935025256526901 -0.4996740223372311
0.9449813549469903 -0.5070063133118503
0.9524756055932225 -0.5038139205689948
0.9685906990749729 -0.2509110079309527
0.9695145209834177 -0.2625909505806888
0.9604344198761954 -0.2438571027996092
0.967666877166528 -0.2392310652812165
0.9667430552580832 -0.2275511226314803
0.9522781406774178 -0.2368031976682658
0.9532019625858625 -0.248483140318002
1.258543588893124 -0.02461104780695135
1.258279061512775 -0.03444871450422089
1.252021005046448 -0.01754600660580511
1.258808116273473 -0.0147733811096818
1.259072643653821 -0.004935714412412258
1.245498421199771 -0.01048096540465887
1.245233893819423 -0.02031863210192841
1.146978191498904 -0.2922297370412773
1.143870008139408 -0.3018540279294336
1.141233639551294 -0.2856506699045985
1.150086374858399 -0.282605446153121
1.153194558217895 -0.2729811552649647
1.135489087603684 -0.2790716027679197
1.132380904244189 -0.288695893656076
1.195896705831632 0.06800242385110047
1.188551521746735 0.07599494998109939
1.186463062804377 0.06452435696179921
1.181206337661838 0.0839874761110983
1.190639980689093 0.08746554300039956
1.200073623716349 0.09094360988970082
1.192728439631452 0.09893613601969974
1.173861153576941 0.09198000224109722
1.171772694634583 0.08050940922179704
1.27454758599601 -0.08141637160515074
1.285681130251417 -0.07986560293666808
1.27106522457001 -0.09064079712336127
1.263414041740602 -0.08296714027363339
1.252280497485195 -0.08451790894211604
1.267582863144011 -0.09986522264157181
1.278716407399419 -0.09831445397308916
1.004535962888877 -0.2893438756652177
0.9981837339940607 -0.2932215016107542
1.007138788229621 -0.2997878415951494
0.9918315050992441 -0.2970991275562908
0.9892286797584999 -0.2866551616263591
0.986625854417756 -0.2762111956964274
0.9802736255229393 -0.2800888216419639
0.9854792762044274 -0.3009767535018274
0.9944343304399882 -0.3075430934862225
0.7478610276139119 0.1192371344402829
0.7441885972392889 0.1312245635844319
0.7564673063221922 0.1319732372028644
0.7650735850304724 0.1447093399654459
0.7405161668646658 0.143211992728581
1.003285060729447 0.1149143697739614
1.009616666726908 0.1225182810721834
0.9969008678523862 0.1252591941457446
1.01594827272437 0.1301221923704054
1.022332465601431 0.1197773679986222
1.028716658478492 0.1094325436268391
1.035048264475953 0.1170364549250611
1.022279878721831 0.1377261036686274
1.009564079847309 0.1404670167421885
1.140774810830694 0.4004971029924087
1.132254977607823 0.3988483369812976
1.145310594665709 0.4075601194260815
1.149294644053565 0.4021458690035198
1.157814477276436 0.4037946350146309
1.149846378500723 0.4146231358597543
1.141326545277852 0.4129743698486432
0.7109315672171996 0.2341378166388866
0.7133354201849917 0.2455452255195287
0.7021826254725974 0.2393370260233741
0.7157392731527841 0.2569526344001709
0.7244882148973862 0.2517534250156834
0.7332371566419884 0.2465542156311959
0.7356410096097807 0.2579616245118381
0.7181431261205762 0.268360043280813
0.7069903314081818 0.2621518437846584
1.181225626861052 -0.2211891951186679
1.18098168688806 -0.2112591038607878
1.180737746915069 -0.2013290126029078
1.189322934101433 -0.2037933357887634
1.197908121287798 -0.206257658974619
1.197664181314806 -0.196327567716739
1.180493806942077 -0.1913989213450277
1.198284685692195 -0.2143603245756553
1.206625932905568 -0.2068945565036309
1.198661250096593 -0.2224629901766915
1.189943438478822 -0.2218260926476797
1.18160219126545 -0.2292918607197041
1.19903781450099 -0.2305656557777278
1.207379061714363 -0.2230998877057034
0.9390532831554723 -0.4859231772086782
0.9315590325092402 -0.4891155699515337
0.9405651083478561 -0.4790308703102905
0.9465475338017045 -0.4827307844658227
0.9540417844479367 -0.4795383917229672
0.9420769335402398 -0.4721385634119027
0.9345826828940076 -0.4753309561547583
0.869941937431662 -0.5050444989655047
0.8771579859053187 -0.5097707053205218
0.8646912175033573 -0.5059059189981303
0.8627258889580054 -0.5003182926104877
0.8555098404843486 -0.4955920862554706
0.8594404975750526 -0.5067673390307559
0.8666565460487092 -0.511493545385773
1.085827275250951 0.4956985107101715
1.091801403827944 0.4912878818210129
1.092835072533818 0.4996875560323181
1.097775532404938 0.4868772529318542
1.090767735122071 0.4828882076097077
1.083759937839204 0.4788991622875611
1.089734066416198 0.4744885333984025
1.103749660981931 0.4824666240426956
1.104783329687804 0.4908662982540009
1.155943149458587 -0.316841715405236
1.163122841695006 -0.3157619712318805
1.170302533931426 -0.314682227058525
1.169451431066575 -0.3241705915710041
1.168600328201723 -0.3336589560834833
1.175780020438143 -0.3325792119101277
1.177482226167846 -0.3136024828851695
1.0353994368972 0.4421278275945945
1.032559552025893 0.4336547651944148
1.041573243782331 0.4377870316068024
1.029719667154587 0.4251817027942352
1.023545860269456 0.4295224987820272
1.017372053384325 0.4338632947698192
1.014532168513018 0.4253902323696396
1.02687978228328 0.4167086403940556
1.035893474039718 0.4208409068064433
0.9995354756031396 -0.2536047420194417
1.006302823957629 -0.2458236242456593
1.001098105960616 -0.2609079816481985
0.9927681272486504 -0.2613858597932242
0.9860007788941612 -0.2691669775670066
1.002660736318093 -0.2682112212769553
1.009428084672582 -0.2604301035031729
0.7206507377961938 -0.05350849128673317
0.7076755743413159 -0.0574983047161698
0.7211435841390575 -0.06657469110261451
0.6947004108864379 -0.06148811814560644
0.6942075645435741 -0.0484219183297251
0.6937147182007104 -0.03535571851384377
0.6807395547458325 -0.0393455319432804
0.6817252474315599 -0.06547793157504307
0.6951932572293016 -0.07455431796148777
1.005760393683359 0.1819109771515363
1.005948614296396 0.1718817953072621
1.015331024005658 0.1781584735732333
1.006136834909434 0.1618526134629878
0.9965662045871343 0.1656051170412908
0.9869955742648351 0.1693576206195938
0.9871837948778723 0.1593284387753196
1.006325055522471 0.1518234316187135
1.015707465231733 0.1581001098846848
1.09709736266671 -0.2887462900727066
1.089933904668881 -0.2856469329902874
1.091612271195048 -0.2962990971847816
1.082770446671051 -0.2825475759078682
1.088255538142714 -0.2749947687957932
1.093740629614377 -0.2674419616837181
1.086577171616547 -0.264342604601299
1.075606988673222 -0.279448218825449
1.077285355199388 -0.2901003830199432
0.9690783984617021 0.3989852252462375
0.9607149748504117 0.4019805529126033
0.975306690240594 0.4018662562706335
0.9774418220729925 0.3959898975798716
0.9858052456842827 0.3929945699135058
0.9815349820194861 0.4047472872950295
0.9731715584081957 0.4077426149613953
1.200767197985796 0.3762026760879834
1.202886607476996 0.3864572416439994
1.205543741683645 0.3691750727157249
1.198647788494596 0.3659481105319674
1.196528379003396 0.3556935449759515
1.210320285381494 0.3621474693434664
1.212439694872693 0.3724020348994823
0.8644210222043099 0.246398505143605
0.865921091663779 0.2557923875739214
0.867421161123248 0.2651862700042379
0.8770630448034152 0.2626416054642169
0.8867049284835825 0.2600969409241958
0.8882049979430515 0.2694908233545122
0.868921230582717 0.2745801524345545
1.092289486733381 -0.2273434866671196
1.089901975848871 -0.216823219549975
1.099679243032084 -0.2294579771964489
1.094676997617892 -0.2378637537842641
1.097064508502402 -0.2483840209014087
1.107068999330787 -0.2315724677257782
1.104681488446276 -0.2210522006086336
0.9060435522944494 0.3887452761064498
0.9099069842097025 0.3810021407986261
0.8987219881975134 0.3900887254594674
0.9021801203791965 0.3964884114142734
0.8983166884639435 0.4042315467220972
0.8914004241005773 0.3914321748124849
0.8952638560158301 0.3836890395046613
1.178071228422398 -0.2697599823333968
1.168690091016778 -0.2661673719042169
1.184714025914176 -0.2659914227241265
1.187452365828019 -0.2733525927625766
1.196833503233639 -0.2769452031917564
1.191356823405954 -0.2622228631148562
1.181975686000333 -0.2586302526856764
0.9404561754758082 0.4795043478095189
0.9483414961854687 0.48026295871148
0.9562268168951292 0.4810215696134411
0.9534510761476549 0.4725019700298376
0.9506753354001807 0.4639823704462342
0.9585606561098412 0.4647409813481952
0.9641121376047898 0.4817801805154022
1.03454684492986 -0.04656373271775283
1.03181902816504 -0.03553512819424459
1.043192329366311 -0.0489931182108706
1.037274661694681 -0.05759233724126106
1.040002478459501 -0.06862094176476931
1.051837813802761 -0.05142250370398838
1.049109997037941 -0.04039389918048014
0.7901098196886447 0.3290398454580584
0.7946083528086216 0.3217516652470537
0.7993706200227797 0.3331903325013029
0.7991068859285986 0.314463485036049
0.7898460855944636 0.3103129979928046
0.7805852852603286 0.3061625109495602
0.7850838183803056 0.2988743307385555
0.8036054190485756 0.3071753048250443
0.8083676862627336 0.3186139720792935
1.079341823000712 0.4850681315199669
1.078308154294839 0.4766684573086617
1.07492370816222 0.4912371007523726
1.080375491706586 0.4934678057312721
1.081409160412459 0.5018674799425773
1.070505593323728 0.4974060699847784
1.069471924617855 0.4890063957734732
1.12971966668978 0.141118094587438
1.140305208915019 0.1384384049489403
1.120596455530256 0.1354484311663277
1.11913412446454 0.1437977842259357
1.1085485822393 0.1464774738644334
1.111473244370732 0.1297787677452173
1.122058786595972 0.1270990781067196
1.019622905447425 0.4403206773140323
1.010609213690987 0.4361884109016447
1.021873757510524 0.4467780598582455
1.028636597203862 0.44445294372642
1.0376502889603 0.4485852101388076
1.024124609573624 0.4532354424024586
1.015110917817186 0.449103175990071
0.9490657348411274 -0.04667828000621912
0.9491694297000901 -0.05920135664756373
0.9403552860623126 -0.04147264764673037
0.9489620399821647 -0.03415520336487451
0.9317485321424605 -0.04879009192858622
1.098678668929276 -0.1756499728471178
1.10443907592128 -0.1863214100568952
1.090680140874985 -0.1746525714953121
1.092918261937273 -0.1649785356373405
1.08715785494527 -0.1543070984275632
1.082681612820694 -0.1736551701435063
1.088442019812697 -0.1843266073532837
0.9620059759998101 0.4508855384243672
0.9689709130530159 0.4527603545023768
0.9627498524155726 0.4580961978426015
0.9759358501062217 0.4546351705803865
0.9751919736904591 0.4474245111621522
0.9744480972746964 0.4402138517439178
0.9814130343279023 0.4420886678219275
0.9829007871594276 0.4565099866583961
0.9766797265219844 0.4618458299986208
0.8465700084477765 -0.290723972518268
0.8362025438899227 -0.2958449081694959
0.8258350793320688 -0.3009658438207239
0.8248314652682686 -0.2910039022687391
0.8238278512044683 -0.2810419607167543
0.8134603866466145 -0.2861628963679823
0.8154676147742148 -0.306086779471952
0.921225122718881 -0.167310528515997
0.9319408224015394 -0.1724191555928343
0.9275320217515839 -0.1605707390989911
0.9426565220841979 -0.1775277826696716
0.9363496230514949 -0.1842675720866774
0.930042724018792 -0.1910073615036833
0.9489634211169009 -0.1707879932526657
1.16068402023824 -0.3325869653266061
1.152767712274756 -0.331514974569729
1.154355430866671 -0.3241783449874825
1.148026841495103 -0.3157697246483589
1.144851404311272 -0.3304429838128519
0.8793992011184832 -0.3713018254550979
0.8818174294739914 -0.3784573624686852
0.8853120417097404 -0.3705733819004565
0.8842356578294996 -0.3856128994822726
0.8783228172382425 -0.3863413430369139
0.8724099766469855 -0.3870697865915553
0.8748282050024936 -0.3942253236051426
0.8866538861850077 -0.39276843649586
0.8901484984207566 -0.3848844559276313
0.8748157625014128 -0.3668099991604529
0.8713211502656639 -0.3746939797286816
0.8678265380299151 -0.3825779602969103
0.8632430994128446 -0.3780861340022653
0.8586596607957742 -0.3735943077076203
0.8551650485600253 -0.381478288275849
0.8643319257941662 -0.390461940865139
0.9949558331297219 -0.2757333175514017
1.003285811841688 -0.2752554394063761
1.003910887365282 -0.2822996575357969
1.012865941600843 -0.288865997520192
1.011615790553654 -0.2747775612613504
0.8178565642376527 -0.236043089770842
0.8137014402938096 -0.2467495878472825
0.8249221444143433 -0.2440814605866759
0.8095463163499668 -0.257456085923723
0.8024807361732761 -0.2494177151078891
0.7954151559965854 -0.2413793442920552
0.7912600320527425 -0.2520858423684957
0.8053911924061237 -0.2681625840001636
0.8166118965266573 -0.265494456739557
1.284527942949917 0.007773796186520455
1.276838346217209 0.007431187554296122
1.280127340820864 0.01668285539265687
0.8602778496038487 -0.09760352633212514
0.8668312915670542 -0.09166229624734437
0.855356137345797 -0.08633108256299925
0.8733847335302598 -0.0857210661625636
0.8783064457883114 -0.09699350993168949
0.8832281580463631 -0.1082659537008154
0.8897816000095686 -0.1023247236160346
0.8799381754934654 -0.07977983607778283
0.8684630212722082 -0.07444862239343771
0.8563991992032525 0.2275037507325921
0.8668134334346727 0.2241822631497667
0.8636933032960938 0.2362277996704841
0.8772276676660928 0.2208607755669413
0.8699335635732515 0.2121367266290493
0.8626394594804101 0.2034126776911572
0.8730536937118303 0.2000911901083318
0.887641901897513 0.217539287984116
0.8845217717589342 0.2295848245048334
0.8859772095753664 0.249926235451075
0.8971191627150027 0.2567754533413704
0.8852494906671503 0.2397555299779542
0.8748352564357301 0.2430770175607796
0.8956637248985706 0.2364340423951288
1.072895564751022 -0.2731280396763353
1.067410473279359 -0.2806808467884103
1.070184140828822 -0.2668078605272216
1.078380656222685 -0.2655752325642603
1.061987625434959 -0.2680404884901829
1.125259962697124 0.4152178239438049
1.121762455241774 0.4234025674250584
1.133293253987488 0.4140960968962241
1.128757470152474 0.4070330804625513
1.137829037822502 0.4211591133298969
1.245577649309301 0.2962820092729378
1.249269863823045 0.288130071900918
1.254993632395582 0.2962013791447118
1.25296207833679 0.2799781345288982
1.243546095250508 0.2800587646571242
1.234130112164227 0.2801393947853502
1.237822326677971 0.2719874574133304
1.256654292850534 0.2718261971568784
1.262378061423071 0.2798975044006722
0.7450306347087157 -0.287853272306219
0.7449058086387698 -0.2983259578034849
0.7529822609627733 -0.28881260756089
0.7447809825688239 -0.3087986433007507
0.7368293563147662 -0.3078393080460797
0.7288777300607086 -0.3068799727914088
0.7287529039907626 -0.3173526582886746
0.7446561564988781 -0.3192713287980166
0.7527326088228816 -0.3097579785554216
1.143952066633569 0.3716823356313622
1.151901911212959 0.3654356883612131
1.13633540575616 0.370319292525547
1.136002222054179 0.3779289829015113
1.128052377474789 0.3841756301716605
1.128718744878751 0.3689562494197317
1.13666858945814 0.3627096021495826
0.8457127653126795 -0.4926962589850745
0.8432369380081739 -0.4997821756701862
0.8510686846344913 -0.4970903765529396
0.8407611107036683 -0.5068680923552978
0.8354051913818565 -0.5024739747874327
0.8300492720600448 -0.4980798572195675
0.8275734447555392 -0.5051657739046791
0.8382852833991628 -0.5139540090404096
0.8461170300254801 -0.511262209923163
0.7058092045382092 -0.03193975313974542
0.6923411947404674 -0.02286336675330072
0.7179036908757079 -0.02852378776564707
0.7192772143359509 -0.04101613952619012
0.7327452241336925 -0.05009252591263482
0.7299981772132067 -0.02510782239154872
0.7165301674154649 -0.01603143600510402
1.018245105540281 0.103312112381034
1.007773552602071 0.09719168113522894
1.005529306665759 0.1060530254545952
0.9928135077912368 0.1087939385281564
0.9973019996638604 0.09107124988942387
0.8325633465190645 0.2460860620447646
0.8427271492273608 0.2373668633948556
0.8220114266817516 0.2439036381863107
0.8223995438107682 0.2548052606946737
0.8122357411024719 0.2635244593445827
0.8114595068444388 0.2417212143278568
0.8216233095527351 0.2330020156779477
1.104286356062272 0.2927363932981909
1.114021141438591 0.2981662514653031
1.102809833966857 0.2849512520301258
1.094551570685953 0.2873065351310787
1.084816785309634 0.2818766769639666
1.101333311871441 0.2771661107620608
1.11106809724776 0.282595968929173
0.9686855885970925 0.437453434121752
0.9749066492345357 0.4321175907815273
0.9629230799194887 0.4346930164995862
0.9624645279596493 0.4427892774619767
0.9562434673222062 0.4481251208022013
0.9571605712418848 0.4319325988774204
0.963381631879328 0.4265967555371957
0.8748624945552433 0.4148495329443455
0.8736123330263189 0.4227464031568048
0.8686625416157867 0.4161529575003878
0.8723621714973946 0.430643273369264
0.8785621244368511 0.4293398488132216
0.8847620773763079 0.4280364242571793
0.8835119158473834 0.4359332944696386
0.8711120099684702 0.4385401435817232
0.8661622185579378 0.4319466979253064
1.015301194195604 -0.4832642340926863
1.020444664493459 -0.4860278258242893
1.020706902583434 -0.4774717310585866
1.025588134791315 -0.4887914175558923
1.020182426403485 -0.494583920589992
1.014776718015654 -0.5003764236240917
1.019920188313511 -0.5031400153556946
1.030731605089171 -0.4915550092874953
1.030993843179146 -0.4829989145217927
0.782124828130588 0.05491091906295959
0.7930097292553607 0.05262262302902716
0.7871596738466167 0.06671666222411493
0.8038946303801335 0.05033432699509471
0.7988597846641048 0.03852858383393938
0.7938249389480763 0.02672284067278404
0.804709840072849 0.02443454463885161
0.8147795315049062 0.04804603096116228
0.8089294760961621 0.06214007015625005
1.173574855073808 0.2902812054192699
1.1678394223251 0.2988292557164007
1.182895652287675 0.2877415716243585
1.179310287822516 0.2817331551221391
1.185045720571224 0.2731851048250084
1.192216449501542 0.2852019378294471
1.186481016752834 0.2937499881265779
1.250569326391981 -0.03432333913341126
1.257091910238658 -0.04138838033455751
1.242859591271188 -0.03419796376260163
1.244046742545305 -0.02725829793226502
1.237524158698629 -0.02019325673111878
1.235149856150394 -0.034072588391792
1.24167243999707 -0.04113762959293825
1.244530775501343 0.1296467631664323
1.253688528087213 0.1309118600421736
1.245388839600495 0.1387104992820648
1.262846280673083 0.1321769569179149
1.261988216573931 0.1231132208022823
1.261130152474778 0.1140494846866497
1.263704344772236 0.1412406930335475
1.002169548407733 -0.4887361276144798
0.9958659636037726 -0.4829159796096738
1.008735371301668 -0.486000180853583
1.008473133211694 -0.4945562756192857
1.008997609391643 -0.4774440860878804
0.7260259567205258 -0.296171455199233
0.7179495043965223 -0.3056848054418279
0.7231741833803431 -0.2854629376070572
0.7341024090445294 -0.2866581049566381
0.7421788613685329 -0.2771447547140432
0.7203224100401604 -0.2747544200148814
0.7122459577161568 -0.2842677702574763
0.7817117409131962 0.03163807410323955
0.7875617963219403 0.01754403490815178
0.7695985428783163 0.03655330753369506
0.7758616855044521 0.04573211329832733
0.7700116300957081 0.0598261524934151
0.7574853448434362 0.04146854096415056
0.7633354002521804 0.02737450176906279
0.8994505105855308 -0.385044227279186
0.8970322822300227 -0.3778886902655986
0.8946140538745146 -0.3707331532520112
0.9039160660392889 -0.3708929246035658
0.9132180782040633 -0.3710526959551205
0.9107998498485551 -0.3638971589415331
0.8921958255190066 -0.3635776162384238
1.108926047773807 -0.003696228938890826
1.116475705346495 -0.009983142858419936
1.118378197251477 0.001881868786795859
1.124025362919182 -0.01627005677794905
1.114573213441513 -0.02184815450363573
1.105121063963843 -0.02742625222932242
1.133477512396852 -0.01069195905226236
0.8343665751674909 -0.2760634666711158
0.8229954965458368 -0.271222460770359
0.8449052991305135 -0.2710849726254774
0.845737653789145 -0.2809044725718727
0.8571087324107991 -0.2857454784726295
0.8554440230935361 -0.2661064785798389
0.844072944471882 -0.2612654726790821
1.138440322241204 -0.1422370327217615
1.136528717671663 -0.1327877154302479
1.128353174585411 -0.1414287470759842
1.134617113102122 -0.1233383981387342
1.144704260757915 -0.1241466837845115
1.154791408413709 -0.1249549694302888
1.152879803844167 -0.1155056521387752
1.132705508532581 -0.1138890808472206
1.124529965446328 -0.1225301124929569
1.081884108865013 0.2203583324563099
1.071727171306417 0.219764872959508
1.077599828063678 0.2113020568399827
1.061570233747822 0.219171413462706
1.065854514549156 0.2282276890790332
1.07013879535049 0.2372839646953604
1.059981857791895 0.2366905051985585
1.051413296189226 0.2185779539659041
1.057285952946488 0.2101151378463788
0.8890752428045051 0.5187481210891368
0.8833275946779428 0.5240611855151054
0.8832718283677103 0.5162187966316891
0.8775799465513803 0.5293742499410741
0.8833833609881752 0.5319035743985217
0.8891867754249698 0.5344328988559693
0.8834391272984075 0.5397459632819379
0.8718322984248179 0.5346873143670428
0.8717765321145856 0.5268449254836265
0.8406366675529079 -0.2301226956402325
0.8431005736959565 -0.2214047541095923
0.8315411745012349 -0.2246570209795952
0.845564479839005 -0.2126868125789521
0.8546599728906779 -0.2181524872395894
0.8637554659423508 -0.2236181619002266
0.8662193720853992 -0.2149002203695864
0.8480283859820534 -0.2039688710483119
0.8364689867873321 -0.2072211379183148
1.056936499602634 0.4199040622186965
1.049922157748329 0.4202163437479454
1.054096614731328 0.4114309998185169
1.042907815894023 0.4205286252771944
1.04574770076533 0.4290016876773739
1.048587585636637 0.4374747500775535
1.040067931022716 0.4120555628770147
0.9568620582881662 -0.22253379585259
0.9496296009978333 -0.2271598333709828
0.946981061318249 -0.2175164690736998
0.9371000643483318 -0.2124991422948095
0.9423971437075007 -0.2317858708893756
1.30419697879013 -0.09733369439884547
1.302730575274164 -0.106585646786178
1.312384886213067 -0.1031839184220266
1.301264171758197 -0.1158375991735106
1.29307626433526 -0.1099873751503295
1.284888356912324 -0.1041371511271483
1.283421953396357 -0.1133891035144809
1.29979776824223 -0.1250895515608432
1.309452079181134 -0.1216878231966918
1.225631535574658 -0.1148681174173479
1.224663365394022 -0.1251769828395851
1.23353819722274 -0.1190815458840713
1.223695195213386 -0.1354858482618223
1.215788533565304 -0.1312724197950989
1.207881871917223 -0.1270589913283755
1.206913701736586 -0.1373678567506127
1.22272702503275 -0.1457947136840595
1.231601856861467 -0.1396992767285457
0.9721841617278144 0.01323297206229439
0.9826110656319045 0.0135155886353483
0.9753718236254487 0.0211238997325927
0.9930379695359945 0.01379820520840222
0.9898503076383602 0.005907277538103912
0.9866626457407259 -0.001983650132194398
0.997089549644816 -0.001701033559140481
1.003464873440085 0.01408082178145614
0.9962256314336289 0.02168913287870053
0.8877778153410044 0.4220367649480061
0.8927276067515366 0.428630210604423
0.8907935533057011 0.4160371056388328
0.8828280239304722 0.4154433192915892
0.87787823251994 0.4088498736351723
0.8938092912703978 0.4100374463296595
0.89875908268093 0.4166308919860765
1.047321098069592 0.2274745973533409
1.043036817268258 0.2184183217370136
1.043228899949958 0.2363712407407776
1.051605378870927 0.236530872969668
1.055889659672261 0.2455871485859952
1.039136701830324 0.2452678841282143
1.03485242102899 0.2362116085118871
0.8876034225688001 -0.08089332921207108
0.8826817103107485 -0.06962088544294519
0.895268669644135 -0.08200682234635934
0.8925251348268518 -0.09216577298119698
0.8974468470849035 -0.1034382167503229
0.9029339167194697 -0.08312031548064761
0.8980122044614181 -0.07184787171152171
1.23031107330959 0.07931587122905417
1.218839617483604 0.07554472210306962
1.207368161657618 0.07177357297708505
1.209456620599977 0.08324416599638522
1.211545079542335 0.09471475901568539
0.7305469341344275 0.2365992322401328
0.7416997288468219 0.2428074317362875
0.7278567116268664 0.2266442488490697
0.719394139422033 0.2303910327439782
0.7082413447096385 0.2241828332478235
0.7251664891193055 0.2166892654580066
0.7363192838316999 0.2228974649541613
1.062136683825841 -0.5109911772847628
1.056837802117111 -0.5081629530708027
1.057130021336432 -0.5163822697982872
1.051538920408382 -0.5053347288568428
1.056545582897791 -0.4999436363433184
1.0615522453872 -0.494552543829794
1.05625336367847 -0.491724319615834
1.046240038699653 -0.5025065046428827
1.046532257918973 -0.5107258213703672
1.030004989307747 -0.1209906543837455
1.021187711736437 -0.1108124760512505
1.019827771243062 -0.125402640580779
1.012370434165127 -0.1006342977187554
1.022547652229812 -0.09622231152172188
1.032724870294496 -0.09181032532468836
1.002193216100443 -0.1050462839157889
0.7850232280925 0.2896494032347197
0.794284028426635 0.2937998902779642
0.80354482876077 0.2979503773212085
0.8034842384729646 0.2887254498173728
0.803423648185159 0.2795005223135371
0.8271506204896799 -0.2605159626939185
0.8313057444335229 -0.249809464617478
0.8376893444527025 -0.25553746864828
0.8482280684157251 -0.2505589746026415
0.8354608683773659 -0.2391029665410375
1.213213044082359 0.03065350157256636
1.222725195339506 0.02234942415751484
1.204081387504004 0.02968740455848696
1.203700892825212 0.03895757898761788
1.194188741568066 0.0472616564026694
1.194949730925649 0.02872130754440757
1.204461882182796 0.02041723012935605
1.191690139751609 -0.05570621018326979
1.199466700165709 -0.06051599935679001
1.183879576584583 -0.05973414923001549
1.183913579337509 -0.05089642100974957
1.176137018923409 -0.04608663183622934
1.176069013417558 -0.06376208827676119
1.183845573831658 -0.06857187745028143
1.093602071103707 -0.3967759045590777
1.088332790227774 -0.3910028615452023
1.086417758118607 -0.3990656197341867
1.083063509351841 -0.3852298185313268
1.090247822336941 -0.3829401033562179
1.09743213532204 -0.380650388181109
1.092162854446107 -0.3748773451672335
1.077794228475908 -0.3794567755174513
1.075879196366741 -0.3875195337064358
1.271333092146557 -0.1767452587879755
1.280161186273506 -0.1766015205629092
1.273736945114349 -0.1678150358290647
1.288989280400454 -0.176457782337843
1.286585427432662 -0.1853880052967538
1.28418157446487 -0.1943182282556646
1.293009668591818 -0.1941744900305983
1.297817374527403 -0.1763140441127768
1.291393133368246 -0.1675275593789322
1.08495342128551 -0.3687556683296849
1.07776910830041 -0.3710453835047938
1.077743988124912 -0.3626339914921364
1.070534554964315 -0.3565123146545878
1.07058479531531 -0.3733350986799028
0.8033528858903805 -0.01793658536579743
0.7904772302287361 -0.02430824345062667
0.8064188072664086 -0.005624237056356444
0.8162285415520248 -0.01156492728096818
0.8291041972136692 -0.005193269196138934
0.8094847286424367 0.006688111253084535
0.7966090729807922 0.0003164531682552903
1.145169628029475 0.3441945717661261
1.142335948505697 0.3503662485606116
1.137552967152066 0.3428315286603109
1.139502268981919 0.3565379253550971
1.147118929859328 0.3579009684609123
1.154735590736737 0.3592640115667275
1.131885608104509 0.3551748822492818
1.080894773174379 -0.3990113831408538
1.086164054050312 -0.4047844261547292
1.075371788230151 -0.3989571465475208
1.075625492298446 -0.3932383401269783
1.070356211422513 -0.3874652971131028
1.069848803285922 -0.3989029099541878
1.075118084161855 -0.4046759529680633
0.8389265288834082 -0.09892584974345178
0.8408165241677005 -0.1070939107592942
0.8506926906668837 -0.1004403736636224
0.8427065194519927 -0.1152619717751366
0.8309403576685174 -0.113747447854966
0.819174195885042 -0.1122329239347953
0.8210641911693343 -0.1204009849506377
0.8445965147362848 -0.123430032790979
0.8544726812354679 -0.1167764956953072
0.9887204070394353 0.1801952442479255
0.9793379973301733 0.1739185659819543
0.9904452398140356 0.1910328678762572
0.9981028167486974 0.1864719225138967
1.007485226457959 0.1927486007798679
0.992170072588636 0.2018704915045889
0.9827876628793739 0.1955938132386176
1.078678678444615 0.2374691128369993
1.072806021687354 0.2459319289565245
1.087218561538739 0.2376542609786381
1.084551335201876 0.229006296717474
1.090423991959137 0.2205434805979487
1.095758444632864 0.237839409120277
1.089885787875603 0.2463022252398023
0.8501013122378653 -0.01637727190027107
0.8603582462410794 -0.009871811536939147
0.8491708655024996 -0.004628499057418746
0.8706151802442934 -0.003366351173607225
0.8715456269796591 -0.01511512401645955
0.8724760737150248 -0.02686389685931187
0.8827330077182389 -0.02035843649597995
0.8808721142475076 0.003139109189724698
0.8696847335089277 0.008382421669245098
1.156699477895461 0.3514584634738057
1.161482459249092 0.3589931833741065
1.158663365054184 0.3436529153808839
1.15191649654183 0.343923743573505
1.147133515188199 0.3363890236732042
1.160627252212908 0.3358473672879622
1.165410233566539 0.3433820871882629
1.133882952914909 -0.3777786125052976
1.132540633743438 -0.3866864180052795
1.131198314571967 -0.3955942235052615
1.125203733498527 -0.3934238895812574
1.119209152425087 -0.3912535556572533
1.117866833253616 -0.4001613611572353
1.129855995400496 -0.4045020290052435
0.7751280807349777 0.3142678023317486
0.7703658135208198 0.3028291350774995
0.7696708762096269 0.3223730937139371
0.7798903479491358 0.3257064695859978
0.7846526151632938 0.3371451368402469
0.7642136716842761 0.3304783850961256
0.7594514044701181 0.3190397178418765
0.9856736059917953 0.5351120911154297
0.9898205450854745 0.5416150017763721
0.9880572921201716 0.5287943995528142
0.9815266668981162 0.5286091804544872
0.977379727804437 0.522106269793545
0.9904409782485478 0.5224767079901986
0.994587917342227 0.5289796186511411
0.9793185582796619 0.02917329137989929
0.9688916543755718 0.02889067480684538
0.983265292933875 0.03722268302720589
0.9897454621837519 0.02945590795295321
1.000172366087842 0.02973852452600713
0.9872120275880881 0.04527207467451248
0.9767851236839981 0.04498945810145857
1.227875881723742 0.1204341818115258
1.236393132812721 0.1291919816858565
1.228037927521838 0.1121807610910588
1.219358630634762 0.1116763819371952
1.210841379545783 0.1029185820628646
1.228199973319935 0.1039273403705918
1.236717224408915 0.1126851402449224
1.055570096950272 -0.4795446705773795
1.049289418777553 -0.479401990365151
1.05497934799516 -0.4861905468900811
1.043008740604833 -0.4792593101529225
1.043599489559945 -0.4726134338402209
1.044190238515057 -0.4659675575275193
1.037909560342338 -0.4658248773152908
1.036728062432114 -0.479116629940694
1.042417991649721 -0.4859051864656241
1.102384151916469 -0.2737737189412615
1.100705785390302 -0.2631215547467672
1.111027674218561 -0.2801054761988048
1.104062518442636 -0.2844258831357557
1.105740884968803 -0.2950780473302499
1.119671196520653 -0.2864372334563481
1.117992829994487 -0.2757850692618539
1.149193207112942 0.2756202991392378
1.14791797826726 0.2652654991540514
1.143693475651697 0.2809361087227228
1.150468435958624 0.2859750991244242
1.151743664804306 0.2963298991096107
1.138193744190452 0.2862519183062078
1.13691851534477 0.2758971183210214
1.03222126096402 0.4704841802168777
1.038635144020754 0.46989065214777
1.034571188124214 0.4779653475510686
1.045049027077488 0.4692971240786625
1.042699099917293 0.4618159567444715
1.040349172757098 0.4543347894102806
1.046763055813833 0.453741261341173
1.051462910134222 0.4687035960095549
1.047398954237683 0.4767782914128534
0.8671592318970756 0.3983513340638437
0.8716666290906212 0.3925454344562813
0.8744201003382569 0.4024501876803662
0.876174026284167 0.3867395348487188
0.8689131578429856 0.3826406812321964
0.8616522894018042 0.3785418276156739
0.8661596865953499 0.3727359280081115
0.8806814234777127 0.3809336352411564
0.8834348947253483 0.3908383884652413
0.7349329865411051 -0.2416509482038451
0.7373482781502476 -0.2534822170405778
0.7458612122052914 -0.242846115553426
0.7397635697593903 -0.2653134858773105
0.728835344095204 -0.2641183185277296
0.7179071184310177 -0.2629231511781487
0.7506917954235766 -0.2665086532268914
1.277114478047433 -0.1931860124306685
1.283538719206589 -0.2019724971645131
1.270047381629996 -0.1920537966056725
1.270690236888276 -0.184399527696824
1.26426599572912 -0.1756130429629794
1.262980285212559 -0.1909215807806766
1.269404526371715 -0.1997080655145211
0.8554983650542036 0.2077661647416708
0.8586184951927824 0.1957206282209533
0.848357270627997 0.2121196517921843
0.8523782349156248 0.2198117012623882
0.849258104777046 0.2318572377831056
0.8412161762017905 0.2164731388426978
0.8443363063403693 0.2044276023219804
0.9295465669579107 -0.5037806166164457
0.9345246161679553 -0.5074467621037553
0.939502665378 -0.511112907591065
0.9340239758090096 -0.5152195018702794
0.9285452862400192 -0.5193260961494941
0.9335233354500638 -0.5229922416368037
0.9444807145880446 -0.5147790530783745
1.03358633306376 0.4566599055421061
1.026823493370423 0.4589850216739316
1.029522377167221 0.4647346009454046
1.025458421270681 0.4728092963487032
1.020060653677084 0.4613101378057571
0.7983604290005961 -0.06742104923451625
0.8048375052775113 -0.07755855867889658
0.7898783203177387 -0.06780897837582388
0.7918833527236809 -0.05728353979013592
0.7854062764467657 -0.0471460303457556
0.7813962116348814 -0.06819690751713151
0.7878732879117966 -0.07833441696151183
1.247005744886825 -0.05905362852806802
1.241962662210909 -0.06788625262482327
1.244339092441948 -0.05009562906050313
1.252048827562741 -0.05022100443131276
1.236629357321154 -0.0499702536896935
0.7224019842559608 0.08127957840446848
0.7375792556324186 0.08527194619012544
0.7170540606081246 0.07203792206104166
0.7072247128795031 0.07728721061881151
0.6920474415030453 0.07329484283315454
0.7117061369602884 0.06279626571761485
0.7268834083367461 0.06678863350327181
1.164075320522906 -0.1263649892255843
1.173085342670042 -0.1305751118504185
1.182095364817178 -0.1347852344752527
1.174193711692987 -0.1406261632914503
1.166292058568797 -0.1464670921076479
1.175302080715933 -0.1506772147324821
1.191105386964314 -0.1389953571000869
0.9569492916138864 0.3593063044336413
0.955292545737783 0.3497998629403182
0.9646256836436965 0.3532729428104856
0.9536357998616793 0.3402934214469949
0.9459594078318694 0.3463267830701507
0.9382830158020594 0.3523601446933064
0.9366262699259558 0.3428537031999832
0.9519790539855757 0.3307869799536718
0.9613121918914893 0.3342600598238392
0.9337719733490321 -0.4427975485241988
0.9325346729166337 -0.450192417537398
0.9398064093835864 -0.446254042216773
0.9312973724842354 -0.4575872865505972
0.9252629364496811 -0.4541307928580229
0.9192285004151268 -0.4506742991654487
0.9179911999827284 -0.4580691681786479
0.9300600720518371 -0.4649821555637963
0.9373318085187897 -0.4610437802431714
0.9751010716475179 0.140214861132898
0.9808521888804109 0.1517245274770976
0.9783400959723558 0.128858446256373
0.9693499544146249 0.1287051947886984
0.9635988371817318 0.1171955284444988
0.9815791202971939 0.117502031379848
0.987330237530087 0.1290116977240476
1.232227445697617 -0.2529490274479417
1.226825459801448 -0.2449399873788535
1.223961583807269 -0.2552296735140043
1.221423473905278 -0.2369309473097653
1.229689335795626 -0.2346503012437026
1.237955197685975 -0.23236965517764
1.232553211789805 -0.2243606151085518
1.216021488009108 -0.228921907240677
1.21315761201493 -0.2392115933758279
0.8556362970167379 0.3072519632305056
0.8614955642296576 0.313186837024318
0.8519979670694742 0.3158177170738048
0.8673548314425772 0.3191217108181305
0.870993161389841 0.3105559569748313
0.8746314913371047 0.3019902031315321
0.8804907585500243 0.3079250769253445
0.8732140986554968 0.3250565846119429
0.8637165014953134 0.3276874646614296
1.155899777436654 -0.1350060208713206
1.157008146459599 -0.1450570723123524
1.147724234350402 -0.143647052517057
1.139548691264149 -0.1522880841627933
1.158116515482544 -0.1551081237533842
0.9375828338642693 -0.1568774048481605
0.9268671341816108 -0.1517687777713232
0.9476336459769548 -0.1531840705973299
0.9482985335469278 -0.1619860319249978
0.9590142332295863 -0.1670946590018351
0.95768445808964 -0.1494907363464993
0.9469687584069816 -0.144382109269662
1.035170655523745 0.2207951989233287
1.039262853643379 0.2118985555358919
1.027304493779233 0.2231720761096437
1.031078457404111 0.2296918423107654
1.026986259284477 0.2385884856982021
1.019438332034721 0.2255489532959587
1.023530530154355 0.216652309908522
0.7155032654632254 -0.2515157422975066
0.7069903314081818 -0.2621518437846584
0.7130994124954333 -0.2401083334168644
0.7240161995182691 -0.2408796408103548
0.7325291335733128 -0.230243539323203
0.710695559527641 -0.2287009245362223
0.7021826254725974 -0.2393370260233741
0.9683013339105213 0.4751353970098083
0.9710770746579956 0.4836549965934118
0.9724905302162529 0.4684906135042146
0.965525593163047 0.4666157974262049
0.9794554672694588 0.4703654295822243
1.292927152422543 -0.1276214579297192
1.301115059845479 -0.1334716819529004
1.286056536602855 -0.1301533642985952
1.284739244999606 -0.121771233906538
1.276551337576669 -0.1159210098833569
1.279185920783168 -0.1326852706674712
1.287373828206105 -0.1385354946906524
1.067952474834436 -0.4989937832845858
1.067660255615115 -0.4907744665571013
1.074352704281672 -0.5034350227393776
1.068244694053756 -0.5072131000120702
1.068536913273077 -0.5154324167395545
1.080752933728908 -0.5078762621941694
1.080460714509588 -0.4996569454666849
0.9397751907281867 0.1307213419143444
0.9461249446180399 0.1188062769626084
0.9312914397222258 0.1324853419001286
0.9334254368383336 0.1426364068660805
0.9270756829484803 0.1545514718178165
0.922807688716265 0.1342493418859128
0.9291574426061181 0.1223342769341768
0.855015676378398 -0.1990900355456715
0.8459201833267251 -0.1936243608850342
0.8620029667747429 -0.194211200043031
0.864111169430071 -0.2045557102063087
0.8732066624817441 -0.210021384866946
0.8689902571710875 -0.1893323645403906
0.8598947641194146 -0.1838666898797533
1.05689100825853 0.4353225760238135
1.052716551275531 0.444107919953242
1.065194430880423 0.4331704019700734
1.061065465241528 0.4265372320943849
1.065239922224527 0.4177518881649565
1.073497853502316 0.4310182279163333
1.069323396519317 0.4398035718457619
1.20936528177205 -0.1180156857653658
1.210848691626878 -0.1089723802023562
1.218240113600768 -0.111920248809852
1.227114945429486 -0.1058248118543382
1.212332101481705 -0.09992907463934651
0.8496439178258298 0.004658772558856283
0.8393869838226158 -0.001846687804475639
0.85011697014916 0.01394604417513131
0.8599008518290439 0.01116423292218821
0.870157785832258 0.01766969328552013
0.8505900224724903 0.02323331579140634
0.8403330884692761 0.01672785542807442
0.9866394780472876 0.4154004915787014
0.9869568049785505 0.4214640821831768
0.9797171771183506 0.4166872365902667
0.9872741319098135 0.4275276727876523
0.9941964328387504 0.4262409277760869
1.001118733767687 0.4249541827645215
1.00143606069895 0.431017773368997
0.9875914588410765 0.4335912633921278
0.9803518309808766 0.4288144177992177
1.031014986120686 0.1350861941628716
1.024630793243625 0.1454310185346548
1.039750093519542 0.1324462846571159
1.037399178997747 0.1247413697910885
1.043783371874808 0.1143965454193053
1.048485200918397 0.1298063751513602
1.042101008041336 0.1401511995231433
0.9196231862744151 -0.4431326533510885
0.9123514498074625 -0.4470710286717134
0.9200178721337035 -0.4355910075367282
0.9268949227413678 -0.4391942780304635
0.9341666592083204 -0.4352559027098385
0.9204125579929918 -0.428049361722368
0.913140821526039 -0.431987737042993
1.232176647385407 -0.2162579495075155
1.223910785495059 -0.2185385955735782
1.215644923604711 -0.2208192416396408
1.215268359200314 -0.2127165760386045
1.214891794795917 -0.2046139104375683
1.295769150337554 0.09209219171233238
1.306874512529439 0.08901247185931627
1.288792373137959 0.08717269753695459
1.28466378814567 0.09517191156534849
1.292920958130248 0.07917348350856068
1.220224376429411 0.09521913816954899
1.228903673316487 0.0957235173234126
1.229607373313038 0.08751969427623339
1.238990370196666 0.07982025038291779
1.237582970203563 0.0962278964772762
0.801787486907394 0.3483250888338314
0.8000725632609416 0.3579137787438467
0.7931571632563503 0.3500672026223229
0.7983576396144892 0.367502468653862
0.8069879632655329 0.3657603548653705
0.8156182869165766 0.3640182410768789
0.8139033632701242 0.3736069309868942
0.7966427159680369 0.3770911585638774
0.7897273159634455 0.3692445824423537
0.9988624866858273 -0.367741068681092
0.9892073604057193 -0.3697904906614142
0.997986354170044 -0.3746890574853023
0.9795522341256113 -0.3718399126417364
0.9804283666413947 -0.3648919238375262
0.981304499157178 -0.357943935033316
0.9716493728770701 -0.3599933570136382
0.9698971078455034 -0.3738893346220586
0.978676101609828 -0.3787879014459467
0.9626879152905855 0.5313425350118326
0.9648031827328079 0.5239484405663736
0.9566419954410117 0.5333699248829882
0.960572647848363 0.5387366294572917
0.9584573804061407 0.5461307239027509
0.9505960755914379 0.5353973147541435
0.9527113430336603 0.5280032203086845
1.040155816016053 -0.09982187063390981
1.041515756509428 -0.08523170610438122
1.04758676173761 -0.1078334159431313
1.038795875522678 -0.1144120351634384
1.037435935029304 -0.129002199692967
1.055017707459167 -0.1158449612523527
1.056377647952542 -0.1012547967228241
1.035418590869973 -0.4022974515335747
1.042839903449748 -0.3992210286985975
1.033153618768102 -0.4075214197405095
1.027997278290197 -0.4053738743685519
1.020575965710422 -0.4084502972035292
1.030888646666231 -0.4127453879474443
1.038309959246007 -0.409668965112467
0.8923972791745409 -0.00924907031866733
0.8914668324391752 0.002499702524184993
0.902061550630843 0.001860295858645287
0.9117258220871451 0.0129696620359579
0.8905363857038096 0.01424847536703732
0.9133186394919199 -0.3792951908639305
0.9202024233011861 -0.3722994252018978
0.9134192007797766 -0.3875376857727406
0.9064348556826538 -0.3862909565259633
0.8995510718733876 -0.393286722187996
0.9135197620676332 -0.3957801806815507
0.9204035458768993 -0.3887844150195179
0.7964355965181263 0.2745159231073539
0.8056358065644558 0.2694414826467626
0.7894475448510937 0.2695313239011707
0.7872353864717969 0.2795903635679452
0.7780351764254674 0.2846648040285366
0.7824594931840612 0.2645467246949876
0.7916597032303905 0.2594722842343963
0.9753699661468809 -0.0221624176215082
0.966574296219086 -0.01313400213861524
0.9844791633229127 -0.02098173731844939
0.9841656360746757 -0.03119083310440117
0.9929613060024705 -0.04021924858729414
0.9935883604989446 -0.01980105701539057
0.9847926905711499 -0.0107726415324976
1.222240335279323 -0.2007495935533629
1.213597908984577 -0.1949275740183893
1.22958887576273 -0.1968852766691576
1.230882761574069 -0.2065716130883365
1.239525187868814 -0.2123936326233102
1.236937416246136 -0.1930209597849522
1.228294989951391 -0.1871989402499785
0.98351925278921 -0.5029560373944353
0.9830878801015934 -0.5094702855706361
0.9790324829314325 -0.5007174038896978
0.9839506254768267 -0.4964417892182346
0.9843819981644433 -0.4899275410420337
0.974545713073655 -0.4984787703849601
0.9741143403860384 -0.5049930185611609
1.052403363850609 -0.4652033932566005
1.046713434633001 -0.4584148367316704
1.06061648918616 -0.4644392289856818
1.058093293068216 -0.4719919497815306
1.063783222285823 -0.4787805063064607
1.068829614521711 -0.4636750647147631
1.063139685304104 -0.456886508189833
1.125202338374343 -0.3462132572469142
1.116938101911663 -0.337957006347489
1.133977532976908 -0.3461541262627839
1.133466574837024 -0.3544695081463393
1.134488491116792 -0.3378387443792286
1.027870373589472 -0.1472960321476767
1.035088982276798 -0.1552314694169617
1.035863657501698 -0.1435162561825591
1.042307590964124 -0.1631669066862467
1.034314307051899 -0.1669466826513643
1.026321023139674 -0.1707264586164819
1.033539631826999 -0.1786618958857669
1.04952619965145 -0.1711023439555317
1.050300874876349 -0.1593871307211291
0.7727146450777719 -0.03061931147780216
0.7593915047630788 -0.03711038295607971
0.7740881685380148 -0.0431116632383452
0.7460683644483856 -0.04360145443435726
0.7446948409881426 -0.03110910267381421
0.7433213175278998 -0.01861675091327116
0.7474418879086286 -0.05609380619490031
0.7868678917681691 -0.08876337483473137
0.7953500004510266 -0.08837544569342373
0.8038321091338838 -0.08798751655211612
0.8028267129902564 -0.09841647442533565
0.8018213168466291 -0.1088454322985552
0.8103034255294863 -0.1084575031572476
0.8123142178167413 -0.08759958741080848
0.8585796667668089 -0.2325984328010316
0.8701390659615302 -0.2293461659310287
0.853403867591267 -0.2415787037018366
0.8470202675720875 -0.2358506996710345
0.8597874676104464 -0.2473067077326386
0.7010701076965653 0.1705424040658824
0.7133872355236248 0.1697475424027365
0.7043314521618924 0.1791072373879811
0.7257043633506843 0.1689526807395907
0.7224430188853572 0.160387847417492
0.7191816744200301 0.1518230140953932
0.7314988022470895 0.1510281524322473
0.7380214911777437 0.1681578190764448
0.7289657078160114 0.1775175140616894
0.9241175214442409 -0.5149012593112046
0.9236168810852952 -0.5226739990777287
0.9196897566484625 -0.510476422472915
0.9246181618031866 -0.5071285195446804
0.9251188021621324 -0.4993557797781562
0.9152619918526841 -0.5060515856346256
0.9147613514937384 -0.5138243254011499
0.7808648477444029 0.2088419235396372
0.7910143078213312 0.2124118963759658
0.7806230094846374 0.220109673310508
0.8011637678982595 0.2159818692122944
0.801405606158025 0.2047141194414235
0.8016474444177906 0.1934463696705527
0.8117969044947189 0.1970163425068813
0.8113132279751878 0.219551842048623
0.800921929638494 0.2272496189831652
1.062250087690276 0.1032829827419424
1.050416512082881 0.1093223478858547
1.071234142420143 0.1059137000745192
1.074083663297671 0.0972436175980301
1.085917238905067 0.09120425245411783
1.08021819715001 0.1085444174070959
1.068384621542614 0.1145837825510082
0.9825675090362467 -0.4119005232217963
0.9863558082503294 -0.4176556977310785
0.9890089312379058 -0.4095232111201572
0.9901441074644122 -0.4234108722403607
0.9837026852627531 -0.4257881843419997
0.977261263061094 -0.4281654964436388
0.9810495622751767 -0.433920670952921
0.9939324066784949 -0.4291660467496429
0.9965855296660713 -0.4210335601387216
1.175434986099004 0.09943801216141405
1.166001343071748 0.0959599452721128
1.177008818621066 0.1068960220817309
1.184868629126259 0.1029160790507153
1.194302272153514 0.1063941459400166
1.178582651143129 0.1143540320020477
1.169149008115873 0.1108759651127465
0.8979660475112923 0.4752146933589431
0.8979519385702439 0.4688155254740503
0.8979378296291957 0.4624163575891574
0.8917912252313318 0.4647507970061993
0.8856446208334678 0.4670852364232411
0.8856305118924195 0.4606860685383483
0.8979237206881474 0.4560171897042646
0.8187624060148326 0.4160001095698043
0.8143232282142376 0.4220004723079716
0.8123817253498213 0.4129587509649915
0.8098840504136426 0.4280008350461389
0.8162647310786539 0.4310421936509518
0.822645411743665 0.4340835522557646
0.8182062339430701 0.4400839149939319
0.8054448726130478 0.4340011977843063
0.8035033697486316 0.4249594764413261
0.7854144907979451 0.3546964245886342
0.7871294144443974 0.3451077346786189
0.77767181833954 0.3593256465549454
0.7836995671514928 0.3642851144986495
0.7819846435050404 0.3738738044086649
0.7699291458811349 0.3639548685212566
0.7716440695275872 0.3543661786112413
0.8276407994472781 0.4294819689537879
0.8295823023116943 0.4385236902967681
0.832636187150891 0.4248803856518112
0.8256992965828618 0.4204402476108078
0.8237577937184456 0.4113985262678276
0.837631574854504 0.4202788023498346
0.8395730777189203 0.4293205236928147
0.921435964943029 -0.1875851531141767
0.9258447655929846 -0.1994335696080199
0.9128292058672661 -0.1841629447246702
0.9170271642930735 -0.1757367366203336
0.912618363643118 -0.1638883201264904
0.9042224467915032 -0.1807407363351636
0.9086312474414587 -0.1925891528290068
0.9923811420634617 -0.382471157761776
1.00203626834357 -0.3804217357814538
0.9867759299568795 -0.3902532580382497
0.9827260157833537 -0.3845205797420982
0.9730708895032458 -0.3865700017224204
0.9811707178502973 -0.3980353583147235
0.9908258441304052 -0.3959859363344013
0.9195381901661739 -0.2883042060211838
0.9268671802609065 -0.2820265890462916
0.9192096581179721 -0.2956536529598242
0.9122092000714412 -0.2945818229960759
0.9048802099767086 -0.3008594399709681
0.9188811260697702 -0.3030030998984645
0.9262101161645029 -0.2967254829235723
1.066958710975979 -0.07536535614771246
1.063431689968167 -0.0839951696727497
1.074389656697536 -0.08337690145693391
1.059904668960355 -0.09262498319778692
1.052473723238798 -0.08461343788856546
1.045042777517241 -0.07660189257934399
1.067335614681912 -0.1006365285070084
1.138959182452381 0.1304725694558314
1.148082393611905 0.1361422328769417
1.137613155989743 0.1225067339627225
1.129835971292857 0.1248029060347211
1.120712760133334 0.1191332426136107
1.136267129527105 0.1145408984696137
1.145390340686628 0.120210561890724
1.252992509786157 0.113594703206074
1.261292198272875 0.1057960639661827
1.244854867097536 0.1131399217254982
1.244692821299439 0.1213933424459652
1.245016912895632 0.1048865010050312
1.000366559097988 0.4184435356560321
1.007606186958188 0.4232203812489421
0.9996143844282896 0.4119328885475426
0.9931269312377886 0.413666690063122
0.9858873033775888 0.4088898444702119
0.9988622097585909 0.4054222414390532
1.006101837618791 0.4101990870319633
1.000309369159248 -0.5238909287584249
0.9983094485898146 -0.5195988921402762
0.9935744116676706 -0.5245850289298197
0.9963095280203814 -0.5153068555221275
1.003044485511959 -0.5146127553507327
1.009779443003536 -0.5139186551793379
0.9895745705288042 -0.5160009556935223
0.7699359872302289 -0.1124659935698669
0.7755799554095424 -0.104565120658155
0.7624592746909991 -0.102424964837955
0.7812239235888557 -0.09666424774644319
0.7887006361280857 -0.1067052764783551
0.7961773486673156 -0.116746305210267
0.7737472110496257 -0.08662321901453129
0.9465815646396657 0.2930726171971788
0.9407904506960414 0.2993247881219259
0.9349993367524171 0.305576959046673
0.9451484111546148 0.3098851218330383
0.9552974855568124 0.3141932846194037
0.9495063716131882 0.3204454555441507
0.9292082228087928 0.3118291299714201
0.9409849278768401 0.3601549183911874
0.9316517899709266 0.3566818385210199
0.9436868399516209 0.3679496920890683
0.9503180657827537 0.3636279982613548
0.9596512036886673 0.3671010781315223
0.9463887520264016 0.3757444657869493
0.9370556141204881 0.3722713859167818
1.097959944750702 -0.02128390908785886
1.096057452845721 -0.03314892073307465
1.090798825537562 -0.0151415659463953
1.099862436655684 -0.009418897442643064
1.101764928560666 0.002446114202572731
1.083637706324422 -0.008999222804931744
1.081735214419439 -0.02086423445014754
0.8096187754420605 0.3999271092582103
0.8110469713847483 0.391153716501105
0.8182490990931042 0.3981849954697187
0.8124751673274364 0.3823803237439996
0.8038448436763926 0.3841224375324912
0.7952145200253489 0.3858645513209828
0.8211054909784801 0.380638209955508
0.8201795920286694 -0.1018039660615758
0.821184988172297 -0.09137500818835625
0.8300557585278526 -0.09515042896590403
0.8399319250270358 -0.08849689187023226
0.8221903843159244 -0.08094605031513671
1.246424312888736 0.08847885491067277
1.245720612892184 0.09668267795785197
1.253858255580805 0.09713745943842775
1.008803773562147 -0.5300874020051403
1.008315938841452 -0.5381717754180415
1.004556571360697 -0.5269891653817826
1.009291608282841 -0.522003028592239
0.9998215344385535 -0.531975302171326
1.005023416259412 0.2706055238091294
1.010442591780801 0.2617138473042877
1.014502696345189 0.2717832814138489
1.015861767302189 0.252822170799446
1.006382487216412 0.2516444131947265
0.9969032071306346 0.2504666555900071
1.002322382652024 0.2415749790851654
1.021280942823579 0.2439304942946043
1.025341047387967 0.2539999284041655
1.160940306737526 0.05645852153861954
1.164551102703212 0.06447548409967871
1.153595122652629 0.06445104766861845
1.168161898668897 0.07249244666073787
1.175507082753794 0.06449992053073897
1.182852266838691 0.05650739440074005
1.160816714584 0.0804849727907368
1.052689036179396 -0.4342038825412791
1.056172585887632 -0.4417647577574637
1.060902161514947 -0.4334397182703604
1.059656135595868 -0.4493256329736484
1.051443010260317 -0.4500897972445671
1.043229884924765 -0.4508539615154858
1.067869260931419 -0.4485614687027296
1.071079796335111 0.4780897761255342
1.075497911173603 0.4719208068931284
1.063851438375382 0.4795110949424066
1.066661681496619 0.4842587453579399
1.062243566658126 0.4904277145903457
1.056623080415654 0.4809324137592791
1.061041195254146 0.4747634445268734
0.7412181166800857 0.2986519962979816
0.7371785805496307 0.3054617457258274
0.7329198861280701 0.2959640747504663
0.7331390444191757 0.3122714951536731
0.7414372749711912 0.3149594167011885
0.7497355055232067 0.3176473382487038
0.7456959693927516 0.3244570876765496
0.7290995082887206 0.319081244581519
0.72484081386716 0.3095835736061578
0.9158014080764363 0.1913286432425465
0.9224184108234912 0.1990132199705668
0.9102064027640349 0.1980811574248725
0.9290354135705461 0.2066977966985871
0.9346304188829475 0.1999452825162611
0.9402254241953489 0.1931927683339352
0.9468424269424037 0.2008773450619555
0.9356524163176009 0.2143823734266073
0.9234404082581447 0.213450310880913
1.018691530998434 -0.1660772118532427
1.017916855773535 -0.1777924250876453
1.011062038857195 -0.1614279650900036
1.019466206223334 -0.1543619986188401
1.020240881448233 -0.1426467853844375
1.003432546715956 -0.1567787183267644
1.002657871491057 -0.168493931561167
1.16110164267121 0.2520426700989737
1.1681123042656 0.2538494197870294
1.175122965859989 0.255656169475085
1.175796237208304 0.2459424003154367
1.176469508556619 0.2362286311557885
1.183480170151008 0.2380353808438441
1.182133627454379 0.2574629191631406
0.9930560849978798 0.2577740175717983
0.9889959804334911 0.2477045834622371
0.9892089628651248 0.2650813795535895
0.9971161895622682 0.2678434516813595
1.001176294126657 0.2779128857909207
0.9853618407323699 0.2723887415353807
0.9813017361679814 0.2623193074258195
1.096048165125353 -0.4528246831415509
1.091703737086027 -0.4591300618304421
1.087359309046701 -0.4654354405193333
1.083471952257461 -0.4602292820895632
1.079584595468221 -0.4550231236597931
1.075240167428895 -0.4613285023486843
1.083014881007375 -0.4717408192082244
1.191349006956458 0.1174897694338279
1.183489196451265 0.1214697124648434
1.188395741759401 0.1285853929276391
1.185442476562345 0.1396810164214504
1.175629385946072 0.125449655495859
0.9588083555474772 0.3071355873354614
0.9631663160060506 0.3176959210465738
0.9623192255381421 0.3000778900515193
0.9544503950889038 0.2965752536243491
0.9500924346303306 0.2860149199132366
0.9658300955288068 0.2930201927675771
0.9701880559873802 0.3035805264786895
0.9398144842773799 -0.2734190705087465
0.9442769770468742 -0.2651070937784983
0.9316582050786024 -0.2663651653774031
0.9487394698163685 -0.2567951170482501
0.956895749015146 -0.2638490221795936
0.9650520282139234 -0.270902927310937
0.9405831906175909 -0.2497412119169067
0.9553484898383626 -0.5147223127761154
0.9602655314311691 -0.5127427943404312
0.9548764457498414 -0.5086929403634757
0.9651825730239756 -0.510763275904747
0.9656546171124968 -0.5167926483173866
0.966126661201018 -0.5228220207300263
0.9710437027938243 -0.5208425022943421
0.9700996146167821 -0.5087837574690628
0.9647105289354544 -0.5047339034921074
0.7994177435371285 -0.2324698022964732
0.7881970394165949 -0.2351379295570798
0.8034203310776715 -0.2235602603008913
0.8106384476576621 -0.2298016750358667
0.8218591517781958 -0.2271335477752601
0.8074229186182146 -0.2146507183053094
0.7962022144976809 -0.2173188455659159
1.050960445188871 -0.06800267354895353
1.0568781128605 -0.05940345451856308
1.06191841191824 -0.06738440533313778
1.07287637864761 -0.06676613711732199
1.06279578053213 -0.05080423548817261
0.7551927100485576 0.3095420468665153
0.7606499145739084 0.3014367554843268
0.750934015626997 0.3000443758911542
0.7466753212054366 0.290546704915793
0.7661071190992592 0.2933314641021384
0.9011598964815299 0.3557062850705587
0.9074928912223585 0.3611261183103695
0.8982295640841532 0.3633991917261761
0.9138258859631869 0.3665459515501803
0.9167562183605638 0.3588530448945629
0.9196865507579406 0.3511601382389455
0.926019545498769 0.3565799714787563
0.9201588807040153 0.3719657847899911
0.9108955535658101 0.3742388582057977
0.8309562063582279 -0.4921090762309882
0.8231244597319105 -0.4948008753482346
0.831863140656411 -0.4861382952424088
0.8387879529845452 -0.4894172771137417
0.8466196996108626 -0.4867254779964951
0.8327700749545941 -0.4801675142538295
0.8249383283282767 -0.482859313371076
0.894316806621327 0.5301919940404811
0.8943725729315593 0.5380343829238974
0.899446837817684 0.525951089224993
0.8942610403110945 0.5223496051570649
0.8942052740008621 0.5145072162736486
0.904576869014041 0.5217101844095049
0.9046326353242734 0.5295525732929212
1.040164016596827 -0.4444074807398878
1.037098148268889 -0.4379609999642897
1.044893592224142 -0.4360824412527844
1.049623167851458 -0.4277574017656811
1.03403227994095 -0.4315145191886917
0.8949461764008535 -0.513628415514217
0.8893899260497076 -0.5090318361066373
0.9019273966169377 -0.513750966332958
0.9005024267519994 -0.5182249949217967
0.9060586771031454 -0.5228215743293765
0.9089086168330218 -0.513873517151699
0.9033523664818759 -0.5092769377441193
0.8502064775914605 -0.352950889514907
0.84805673611082 -0.3591255852469922
0.8570308343848763 -0.3584623747849484
0.8459069946301796 -0.3653002809790774
0.839082637836764 -0.359788795709036
0.8322582810433482 -0.3542773104389946
0.8301085395627077 -0.3604520061710798
0.8437572531495392 -0.3714749767111626
0.8527313514235952 -0.3708117662491188
0.7804548786508532 0.09250828551100831
0.7950502791559537 0.09469420753417444
0.7741963765061499 0.08394520241896594
0.7658594781457526 0.09032236348784217
0.7512640776406521 0.08813644146467603
0.7679378743614467 0.0753821193269236
0.7825332748665472 0.07756804135008973
1.028944734217409 -0.3474704212123456
1.031787248756046 -0.3542834884103582
1.038888333345131 -0.3458937503128134
1.034629763294682 -0.3610965556083709
1.02468616416696 -0.3626732265079031
1.014742565039238 -0.3642498974074352
1.044573362422404 -0.3595198847088387
1.161394350107461 -0.09815132480151906
1.158127335316293 -0.1090798551234004
1.156554733923793 -0.09091724214036695
1.164661364898628 -0.08722279447963771
1.167928379689796 -0.07629426415775636
1.151715117740125 -0.08368315947921484
1.148448102948957 -0.09461168980109619
0.7086594875423311 0.1486912159007867
0.6981373006646321 0.1455594177061802
0.6996037041805987 0.1580509108860313
0.6905479208188663 0.1674106058712759
0.6876151137869331 0.1424276195115738
1.231511379266623 0.2895457061493917
1.225787610694086 0.2814743989055979
1.22889264636902 0.2989520175134331
1.23723514783916 0.2976170133931855
1.242958916411697 0.3056883206369793
1.226273913471416 0.3083583288774746
1.220550144898879 0.3002870216336808
1.106893371522985 0.1117056035086142
1.109681037769551 0.1012558896994086
1.115723241683015 0.1109797008764038
1.112468704016118 0.09080617589020307
1.103638833856088 0.09153207852241349
1.094808963696058 0.09225798115462391
1.097596629942625 0.08180826734541835
1.115256370262685 0.0803564620809975
1.121298574176148 0.09008027325799264
0.8671482559514576 0.3659726454152831
0.874409124392639 0.3700714990318055
0.8816699928338203 0.374170352648328
0.882658562189928 0.3674070700554996
0.8836471315460357 0.3606437874626712
0.890907999987217 0.3647426410791937
0.8889308612750018 0.3782692062648505
0.9594541423423967 -0.2794982009218772
0.9720729143106684 -0.2782401293229725
0.9538562564708699 -0.2880934745328175
0.9468353703741249 -0.2807562725207819
0.9342165984058532 -0.2820143441196867
0.948258370599343 -0.2966887481437578
0.9608771425676148 -0.295430676544853
0.8382192843617119 -0.3479119454374784
0.8292451860876557 -0.3485751558995223
0.8441802876800756 -0.3415465804359623
0.847193382635768 -0.3472487349754346
0.8561674809098242 -0.3465855245133908
0.8501412909984394 -0.3351812154344461
0.8411671927243831 -0.3358444258964899
1.096893098470483 -0.04815521988887783
1.099466368640619 -0.05822999219208456
1.102039638810755 -0.06830476449529128
1.093140895052241 -0.06709394820642417
1.084242151293727 -0.06588313191755707
1.086815421463863 -0.07595790422076379
1.10461290898089 -0.07837953679849802
0.8258387091220172 -0.3291292559609714
0.8335029509232001 -0.3324868409287307
0.8275419476048365 -0.3388522059302468
0.876857706588098 0.5146548651104734
0.8826053547146604 0.5093418006845047
0.8704435848084857 0.5130909335892577
0.8711100584615357 0.5199679295364421
0.8653624103349733 0.5252809939624108
0.8640294630288735 0.511527002068042
0.869777111155436 0.5062139376420733
1.167420491449548 0.2368691012780081
1.175104424392252 0.2289620818064155
1.158371474342477 0.2375095714002278
1.159736558506843 0.2447761207496008
1.152052625564139 0.2526831402211934
1.149322457235406 0.2381500415224475
1.157006390178111 0.2302430220508548
0.7585270346678696 0.3890227909174648
0.7673935732454351 0.3926143444213812
0.7575651206957272 0.3960108506097464
0.7762601118230006 0.3962058979252976
0.777222025795143 0.3892178382330159
0.7781839397672854 0.3822297785407343
0.7870504783448508 0.3858213320446507
0.785126650400566 0.399797451429214
0.7752981978508582 0.4031939576175793
1.003980804539161 -0.3888375148631017
1.005925340734752 -0.3972532939447496
0.9983755924325788 -0.3966196151395754
0.9927703803259965 -0.4044017154160492
1.007869876930343 -0.4056690730263974
0.9082933122330616 -0.4163445666567792
0.9017734945020096 -0.4149410617926242
0.9070156896542754 -0.4230425863644778
0.8952536767709576 -0.4135375569284693
0.8965312993497438 -0.4068395372207708
0.8978089219285303 -0.4001415175130722
0.8912891041974782 -0.3987380126489173
0.8887338590399054 -0.4121340520643144
0.8939760541921711 -0.4202355766361679
0.8608094022764146 -0.3674196119755351
0.8629591437570552 -0.3612449162434499
0.868887453129234 -0.3640274577019514
0.8769655039820534 -0.3606353034283677
0.8651088852376956 -0.3550702205113647
0.9029828384935429 -0.2006739990468784
0.9115895975693058 -0.204096207436385
0.9201963566450687 -0.2075184158258916
0.9145479476971529 -0.2156032620437633
0.9088995387492371 -0.223688108261635
0.9175062978249999 -0.2271103166511415
0.9288031157208316 -0.2109406242153982
1.137953040004706 -0.1074632838318458
1.127865892348912 -0.1066549981860685
1.143200571476831 -0.101037486816471
1.1480401876605 -0.1082715694776231
1.138360955293164 -0.0938034041553189
0.8623264821852422 0.4202686707761152
0.8635766437141666 0.412371800563656
0.8559904227546977 0.4243843840518426
0.8610763206563179 0.4281655409885745
0.8598261591273935 0.4360624112010337
0.8496543633241533 0.42850009732757
0.8509045248530778 0.4206032271151107
1.155139448478996 -0.4053343059662551
1.162494764572269 -0.4029208964248372
1.152362372204235 -0.4112364776275164
1.147784132385722 -0.407747715507673
1.140428816292449 -0.4101611250490909
1.149585295929474 -0.4171386492887776
1.156940612022748 -0.4147252397473596
0.8931468766438493 0.09032904884052896
0.8946389916681521 0.07902834872513326
0.9029841700023247 0.08804184211882884
0.896131106692455 0.06772764860973754
0.8862938133339796 0.07001485533143764
0.8764565199755042 0.07230206205313774
0.8779486349998071 0.06100136193774203
0.8976232217167579 0.05642694849434182
0.9059684000509304 0.06544044188803742
0.9522044075241949 0.435263212029217
0.9526629594840342 0.4271669510668266
0.947248243806505 0.4385938251810136
0.9517458555643555 0.4433594729916075
0.9512873036045162 0.451455733953998
0.942292080088815 0.4419244383328103
0.9427506320486544 0.4338281773704198
1.126252903928314 0.3048057669278542
1.132475149713773 0.3124828817109684
1.121719909319466 0.3136285075164825
1.138697395499232 0.3201599964940827
1.143230390108079 0.3113372559054544
1.147763384716926 0.3025145153168261
1.153985630502386 0.3101916300999404
1.144919641284691 0.327837111277197
1.134164400890385 0.328982737082711
0.988196509269889 -0.3551206615213738
0.9794175155055643 -0.3502220946974857
0.9950885193825999 -0.3522973880094316
0.9969755030342136 -0.3600192283452618
1.005754496798538 -0.3649177951691499
1.001980529495311 -0.3494741144974894
0.9932015357309861 -0.3445755476736014
1.026968575812028 -0.5143528466595642
1.021194203996821 -0.5086737880814476
1.033648299883169 -0.5140941163512174
1.032742947627235 -0.5200319052376807
1.038517319442442 -0.5257109638157974
1.04032802395431 -0.5138353860428706
1.034553652139103 -0.508156327464754
0.9762291228717409 -0.08994157479389163
0.985103137884298 -0.09755685393795198
0.9679563222269055 -0.09263032314854974
0.9673551078591838 -0.08232629564983128
0.9584810928466267 -0.07471101650577094
0.9596835215820702 -0.09531907150320784
0.9685575365946273 -0.1029343506472682
1.290439388436791 0.0501154755840508
1.292171500345587 0.05996807730805803
1.300130931669318 0.05553476700694037
1.309822474901845 0.06095405842982994
1.293903612254384 0.06982067903206525
1.219177298150607 -0.261144458456421
1.211729366511618 -0.2664113733681995
1.22191563806445 -0.2685056284948711
1.204281434872629 -0.271678288279978
1.201543094958786 -0.2643171182415278
1.198804755044943 -0.2569559482030778
1.207019774786471 -0.279039458318428
1.162955778376214 -0.233235019539808
1.160246506845545 -0.2435552616205067
1.170175108117009 -0.238975205271391
1.157537235314875 -0.2538755037012054
1.15031790557408 -0.2481353179696224
1.143098575833285 -0.2423951322380393
1.140389304302615 -0.252715374318738
1.154827963784205 -0.2641957457819042
1.16475656505567 -0.2596156894327885
0.9344184861477947 0.1858371948099699
0.9466304942072509 0.1867692573556642
0.9286115481002404 0.1784816212860046
0.9222064780883383 0.1849051322642755
0.909994470028882 0.1839730697185812
0.9228046100526861 0.1711260477620393
0.9350166181121423 0.1720581103077336
1.123414781482756 -0.3781652347709988
1.116077881237845 -0.3849027063469767
1.112946610050602 -0.3785518570367
1.102478438618449 -0.3789384793024012
1.108740980992934 -0.3916401779229545
0.9609137829609644 0.2482034151098868
0.9677097673633035 0.252908712548531
0.9570666608282096 0.255510777091678
0.9745057517656424 0.2576140099871753
0.9783528738983973 0.250306648005384
0.9821999960311523 0.2429992860235929
0.9706586296328875 0.2649213719689665
0.9904228192027102 0.1479720238987946
0.9999934495250096 0.1442195203204916
0.9936618435275482 0.1366156090222696
0.9731252795985432 -0.4219331575467725
0.9704721566109669 -0.4300656441576938
0.9689892961359925 -0.4157008186499063
0.9757784025861196 -0.4138006709358513
0.9784315255736959 -0.40566818432493
0.9648533126734418 -0.40946847975304
0.9622001896858654 -0.4176009663639613
0.9961021156069254 0.539949331451975
0.993718429478549 0.5462670230145905
1.002383686128376 0.5382836611275779
0.9984858017353015 0.5336316398893595
1.000869487863678 0.5273139483267439
1.008665256649827 0.5366179908031807
1.006281570521451 0.5429356823657963
1.187341990266265 0.1979328450525487
1.179018413934172 0.201202992187063
1.180081263523153 0.1910734033098473
1.170694837602079 0.2044731393215773
1.177955564345191 0.2113325810642787
1.185216291088304 0.2181920228069801
1.176892714756211 0.2214621699414944
1.162371261269986 0.2077432864560916
1.163434110858967 0.1976136975788759
0.7968855897081807 -0.3886739237111223
0.804672671570798 -0.3900013845019182
0.8000784678949981 -0.3819751755834485
0.8124597534334154 -0.3913288452927141
0.8092668752465979 -0.3980275934203879
0.8060739970597803 -0.4047263415480618
0.8138610789223977 -0.4060538023388576
0.8202468352960327 -0.3926563060835099
0.8156526316202328 -0.3846300971650402
0.8991205809830498 0.179033861692224
0.9055256509949519 0.172610350713953
0.9119307210068539 0.166186839735682
0.9010568319610217 0.1612476317093248
0.8901829429151895 0.1563084236829676
0.8965880129270916 0.1498849127046966
0.918335791018756 0.1597633287574111
1.183431540587695 -0.3172322903134518
1.184282643452546 -0.3077439258009727
1.189380855007543 -0.3208620977417342
1.182580437722843 -0.326720654825931
1.181729334857992 -0.3362090193384101
1.195330169427392 -0.3244919051700166
1.196181272292243 -0.3150035406575375
0.8736429991093981 -0.1111028010323127
0.8851181533306554 -0.1164340147166578
0.864057840172433 -0.1139396483638099
0.8621678448881409 -0.1057715873479675
0.8659478354567252 -0.1221077093796523
1.032005620772482 -0.4970887820132482
1.037411329160312 -0.4912962789791485
1.033279636455793 -0.5026225547390011
1.026599912384651 -0.5028812850473479
1.039959360526933 -0.5023638244306543
1.274983399186041 -0.2281021457461114
1.265388487040255 -0.2241360768988237
1.26960381011751 -0.2339781755843524
1.25579357489447 -0.2201700080515359
1.261173163963001 -0.2142939782132949
1.266552753031532 -0.2084179483750539
1.256957840885747 -0.2044518795277661
1.246198662748684 -0.2162039392042482
1.250413985825939 -0.226046037889777
0.968646861571693 0.2728480729272246
0.9618508771693539 0.2681427754885804
0.9550548927670151 0.2634374780499362
0.9530431247058204 0.2713641790081943
0.9510313566446258 0.2792908799664525
0.9442353722422869 0.2745855825278082
0.948258908364676 0.2587321806112919
0.9063730984575309 -0.4294149586862593
0.9059784125982425 -0.4369566045006196
0.9055837267389542 -0.4444982503149798
0.8988160036704459 -0.4419254719582462
0.8920482806019376 -0.4393526936015125
1.092958883734478 0.2559235200523107
1.084419000640354 0.2557383719106718
1.075879117546229 0.255553223769033
1.078952213405105 0.2651745185815414
1.08202530926398 0.2747958133940498
1.073485426169856 0.274610665252411
1.067339234452104 0.2553680756273942
0.930166564716597 0.3948842805713429
0.9338194506854974 0.4024461416130783
0.9321459232198541 0.387424286571871
0.9265136787476965 0.3873224195296074
0.9228607927787962 0.379760558487872
0.9341252817231113 0.3799642925723992
0.9377781676920117 0.3875261536141346
0.9047932670256532 -0.4013882467598495
0.9117776121227761 -0.4026349760066268
0.9100354621779189 -0.409489771331703
0.9152776573301846 -0.4175912959035565
0.9187619572198988 -0.4038817052534042
1.281385427559282 0.2053004103267877
1.276635081260502 0.1992568579131097
1.285855469325247 0.1970611605758311
1.271884734961723 0.1932133054994316
1.267414693195758 0.2014525552503882
1.262944651429793 0.2096918050013448
1.258194305131013 0.2036482525876668
1.267134388662944 0.1871697530857536
1.276354776727688 0.184974055748475
0.8806128702251675 0.3234527409941267
0.8769745402779037 0.3320184948374258
0.8880116417948383 0.3218488973763105
0.8842512001724313 0.3148869871508275
0.8878895301196951 0.3063212333075284
0.895410413364509 0.3202450537584943
0.8917720834172452 0.3288108076017935
0.958900187093864 0.2827935163936227
0.9667690175431023 0.286296152820793
0.9677079395573975 0.2795721128740088
0.9765156920209311 0.2763507093543949
0.9746378479923404 0.2897987892479632
1.091852799412743 -0.04017426907430314
1.085527325824366 -0.04903822508864276
1.079201852235987 -0.05790218110298238
1.074161553178248 -0.04992123028840768
1.069121254120509 -0.04194027947383299
1.074191785264992 0.301392475681468
1.072141300240479 0.291594598399977
1.06977456347674 0.3087551140165256
1.076242270289504 0.311190352962959
1.078292755314016 0.3209882302444501
1.065357341688489 0.3161177523515832
1.063306856663977 0.3063198750700922
0.985078310765503 0.3754024134396874
0.9904927977647232 0.3814871201694212
0.987630731013545 0.3697713223863646
0.9796638237662827 0.3693177067099536
0.9742493367670624 0.3632329999802199
0.9901831512615871 0.3641402313330419
0.9955976382608073 0.3702249380627757
1.062642241242608 0.4019256164620151
1.069944955854225 0.399592252609843
1.068413671197251 0.408785354437096
1.077247670465843 0.397258888757671
1.0714762405112 0.3903991507825901
1.065704810556557 0.3835394128075092
1.083019100420486 0.4041186267327518
0.8997637828142341 -0.2199807913019376
0.9027221329420811 -0.2314878459093158
0.8906280268792311 -0.2162734743422402
0.896805432686387 -0.2084737366945593
0.89384708255854 -0.196966682087181
0.8814922709442281 -0.2125661573825428
0.8844506210720753 -0.2240732119899211
1.073325907553486 -0.03491493113260451
1.061960134907368 -0.03579793633236943
1.077530560986462 -0.02788958279137602
1.084691680199603 -0.03403192593283958
1.070369441773322 -0.02174723964991247
0.8707482231845565 0.1797617820474147
0.8802056757840544 0.1795191419290178
0.8752170422184867 0.1911245010520429
0.8896631283835521 0.1792765018106209
0.885194309349622 0.1679137828059927
0.8807254903156918 0.1565510638013645
0.8941319474174823 0.1906392208152491
1.144849622830111 -0.2331615673872728
1.134921021558646 -0.2377416237363885
1.146600669826937 -0.2239280025365064
1.154778224101575 -0.2285815110381572
1.138423115552298 -0.2192744940348555
0.8769840860444393 0.0269880536892933
0.8672002043645555 0.02976986494223641
0.8574163226846716 0.03255167619517951
0.8642426228968529 0.04187003659895269
0.8710689231090343 0.05118839700272586
0.8612850414291504 0.05397020825566897
0.8476324410047877 0.03533348744812263
1.203589040701605 -0.2510411632606611
1.193402769148773 -0.2489469081339895
1.208373326358268 -0.2451263783182445
1.213775312254437 -0.2531354183873327
1.202971340462098 -0.2371173382491562
1.210266216740294 -0.1721763841428047
1.217472860366637 -0.16756417691338
1.209013755801803 -0.1638447638390572
1.22467950399298 -0.1629519696839552
1.225931964931471 -0.1712835899877028
1.227184425869963 -0.1796152102914504
1.234391069496306 -0.1750030030620256
1.231886147619322 -0.1583397624545305
1.223427043054488 -0.1546203493802076
0.7942526060532065 0.3928526110132645
0.7932906920810641 0.3998406707055461
0.8014547337615623 0.3998838899818782
0.8086568614699181 0.406915168950492
0.7923287781089217 0.4068287303978278
0.7983797857080258 -0.402527493696393
0.8029739893838257 -0.4105537026148627
0.7906855743562712 -0.4003286458447243
0.7937855820322259 -0.3945012847779233
0.7891913783564261 -0.3864750758594536
0.7829913630045165 -0.3981297979930555
0.7875855666803164 -0.4061560069115253
0.8787584408396297 -0.4669628734405928
0.8781518665452861 -0.475999959902699
0.8744507328881493 -0.4624929264357281
0.8793650151339734 -0.4579257869784867
0.879971589428317 -0.4488887005163806
0.870143024936669 -0.4580229794308635
0.8695364506423253 -0.4670600658929696
1.140988424409999 0.2974755249151247
1.134213464103073 0.2924365345134233
1.130233184015693 0.2986211507206387
1.119477943621387 0.2997667765261527
1.127438503796145 0.2873975441117219
1.087536734619382 0.3663132604286838
1.095888684750609 0.3652576791047656
1.082781523631551 0.3614469538488663
1.079184784488155 0.3673688417526021
1.070832834356928 0.3684244230765204
1.078026312643721 0.3565806472690486
1.086378262774948 0.3555250659451303
1.044966023016342 -0.4969727319171299
1.043692007333032 -0.491438959191377
1.049972685505751 -0.4915816394036055
1.037946663616099 0.5245232386837511
1.044150897580762 0.5214136740112476
1.043816201151171 0.5285391880297574
1.050355131545425 0.5183041093387442
1.044485594010352 0.5142881599927378
1.03861605647528 0.5102722106467312
1.044820290439943 0.5071626459742279
1.056559365510088 0.5151945446662407
1.056224669080498 0.5223200586847505
1.273619849448969 -0.2095501642000499
1.280686945866406 -0.2106823800250459
1.277835172526224 -0.2193922628855787
1.282050495603478 -0.2292343615711074
1.287754042283843 -0.2118145958500419
1.056696201622745 0.06191688520936976
1.067301328100456 0.06589217309578374
1.077906454578166 0.06986746098219772
1.077651275851447 0.06117603987318064
1.077396097124728 0.05248461876416355
1.088001223602438 0.05645990665057753
1.088511581055876 0.0738427488686117
1.21878370630937 -0.2870663196782404
1.217217740431831 -0.296346665269925
1.212901740547921 -0.2830528889983343
1.22034967218691 -0.2777859740865558
1.205453808908932 -0.2883198039101127
0.8618571879092891 -0.03207926515017366
0.8730445686478689 -0.03732257762969406
0.8512383021035534 -0.03729463344103544
0.8506698071707094 -0.02683595267065326
0.8518067970363976 -0.04775331421141764
1.252459913574564 0.2656055087083395
1.261875896660845 0.2655248785801135
1.248265534298593 0.2593848202598007
1.243043930488282 0.2656861388365656
1.233627947402001 0.2657667689647916
1.244071155022623 0.253164131811262
1.253487138108904 0.2530835016830359
0.9122417950306331 0.3457401130291551
0.9215051221688384 0.3434670396133485
0.9047970393033256 0.3403200878193647
0.9029784678924277 0.3480131864449617
0.8937151407542225 0.3502862598607683
0.8973522835760182 0.3349000626095743
0.9066156107142234 0.3326269891937677
1.208553845843354 0.2071914165770908
1.201483227317658 0.2041052260689101
1.209616695432335 0.1970618276998751
1.194412608791962 0.2010190355607294
1.193349759202981 0.2111486244379451
1.192286909614 0.2212782133151608
1.195475458380942 0.1908894466835137
1.005452599523828 -0.00849379299386803
1.008640261421462 -0.0006028653235697207
1.011827923319097 0.007288062346728589
1.020190973198109 0.0004953029120010393
1.028554023077121 -0.00629745652272651
1.031741684974755 0.001593471147571799
1.015015585216731 0.0151789900170269
1.119371743618959 -0.1929993408525479
1.127187387209262 -0.1911775840160132
1.120253247565874 -0.1854970545721662
1.135003030799564 -0.1893558271794785
1.13412152685265 -0.1968581134598603
1.133240022905736 -0.2043603997402421
1.135884534746479 -0.1818535408990967
1.00960912510961 -0.1246550716427528
1.01842640268092 -0.1348332499752479
0.9993904789761585 -0.1239075027047266
1.000791847538301 -0.1144768933102578
0.9919745699669912 -0.1042987149777627
0.9891718328427066 -0.1231599337667005
0.9979891104140162 -0.1333381120991955
0.8693212111142425 0.1610616380788091
0.8743098446798101 0.1494562789557841
0.8579169319127933 0.1655722123562538
0.8643325775486749 0.1726669972018343
0.8593439439831072 0.1842723563248593
0.846512652711344 0.1700827866336985
0.8515012862769116 0.1584774275106733
0.8560371005362325 0.06242937002516101
0.8492108003240512 0.05311100962138784
0.8423845001118698 0.04379264921761467
0.8371365592189519 0.0522518109871067
0.8318886183260341 0.06071097275659874
0.8250623181138528 0.05139261235282557
0.8355581998996885 0.03447428881384149
1.046661082002536 0.2939597469478004
1.052209673556349 0.298079789655231
1.042243860214284 0.3013223852828579
1.057758265110163 0.3021998323626616
1.062175486898414 0.294837194027604
1.066592708686666 0.2874745556925464
1.053341043321911 0.3095624706977191
1.160582970906028 0.2152431983210127
1.153322244162915 0.2083837565783113
1.158794680542069 0.2227431101859338
1.16784369764914 0.2221026400637141
1.149745663434998 0.2233835803081534
1.107497737309019 -0.312493263833751
1.105150942779964 -0.3028388430676464
1.113872950896106 -0.3159336526341966
1.109844531838074 -0.3221476845998557
1.11219132636713 -0.3318021053659603
1.120248164483193 -0.3193740414346423
1.117901369954138 -0.3097196206685376
0.9977091604059645 -0.2068088111371063
1.006066634770447 -0.211848953994549
1.003722957039051 -0.2012784295012836
1.01442410913493 -0.2168890968519916
1.008410312501843 -0.2224194784878144
1.002396515868756 -0.2279498601236371
1.010753990233239 -0.2329900029810798
1.022781583499413 -0.2219292397094343
1.020437905768017 -0.2113587152161689
0.9248348048416339 -0.05628842998172615
0.9335452536204487 -0.0614940623412149
0.9422557023992636 -0.06669969470070365
0.9353419750984371 -0.07419803275384357
0.9284282477976105 -0.0816963708069835
0.9371386965764253 -0.08690200316647226
0.9509661511780785 -0.0719053270601924
0.836971779034513 -0.3737177507048206
0.8437961358279287 -0.379229235974862
0.8301863049194869 -0.3759605246984786
0.8301474222410973 -0.3682062654347792
0.8233230654476815 -0.3626947801647378
0.8234008308044607 -0.3782032986921366
0.8302251875978763 -0.3837147839621781
0.6876151137869331 -0.1424276195115738
0.6985903947931505 -0.147979523428751
0.6971239912771838 -0.1354880302488999
0.709565675799368 -0.1535314273459283
0.7000567983091173 -0.1604710166086021
0.6905479208188663 -0.1674106058712759
0.7015232018250839 -0.1729625097884532
0.7205409568055856 -0.1590833312631055
0.719074553289619 -0.1465918380832544
0.9606708823978286 -0.5247769035976557
0.9660599680791562 -0.5288267575746113
0.9552151035946392 -0.5267317864652853
0.955281796716501 -0.5207270496207004
0.9498927110351734 -0.5166771956437448
0.94975932479145 -0.5286866693329149
0.9551484104727777 -0.5327365233098702
0.7666904709653799 0.3384409829344975
0.7564709992258709 0.3351076070624368
0.7691672702464836 0.3464035807728694
0.7769099427048887 0.3417743588065582
0.7614245977880785 0.3510328027391806
0.7437775113299929 0.1517768260506798
0.74703885579532 0.1603416593727785
0.7560562204128962 0.1525254996691122
0.7683349294957995 0.1532741732875446
0.7503002002606471 0.1689064926948773
0.8171356281305089 0.4954241779303292
0.8192394552820952 0.4887160738165052
0.8243213525853138 0.49406355222299
0.8213432824336816 0.4820079697026812
0.8141575579788767 0.4833685954100204
0.8069718335240716 0.4847292211173596
0.8090756606756581 0.4780211170035357
0.823447109585268 0.4752998655888573
0.8285290068884865 0.480647343995342
0.9819811580078243 -0.4850485212475528
0.9770630154624302 -0.489324135919016
0.9721448729170361 -0.4935997505904791
0.9697440327604172 -0.4887207307959981
0.9673431926037982 -0.4838417110015172
0.9624250500584042 -0.4881173256729804
0.967226730371642 -0.4978753652619423
1.006279143248008 0.3232274390374735
1.002944350639958 0.3301301940764662
0.9982371852109075 0.322218562502831
0.9996095580319073 0.3370329491154588
1.007651516069008 0.3380418256501013
1.015693474106109 0.3390507021847439
1.012358681498058 0.3459534572237365
0.9962747654238568 0.3439357041544515
0.9915675999948066 0.3360240725808162
1.019177562179287 0.3333031934427784
1.023884727608337 0.3412148250164135
1.022661650252465 0.3275556847008129
1.014470396750236 0.3253915618691432
1.009763231321186 0.317479930295508
1.026145738325643 0.3218081759588473
1.030852903754693 0.3297198075324825
0.7065636577566953 0.008476016856898734
0.7098858276429518 0.0003068659028978159
0.718658144094194 0.01189198223099708
0.7132079975292084 -0.007862285051103103
0.7011135111917096 -0.01127825042520145
0.689019024854211 -0.0146942157992998
0.7253024838667071 -0.004446319677004752
0.9263402514576377 0.2703757887708826
0.937434432097106 0.2742673199387764
0.9215510793736514 0.2621308252235927
0.9152460708181693 0.2664842576029888
0.9041518901787009 0.262592726435095
0.9167619072896651 0.2538858616763027
0.9278560879291335 0.2577773928441964
0.9394810984078172 0.3997444881819926
0.9375017399045602 0.4072044821814644
0.9451427461301372 0.3970428347509068
0.9414604569110745 0.3922844941825208
0.9434398154143315 0.3848245001830489
0.9508043938524571 0.3943411813198212
0.9488250353491998 0.401801175319293
0.7735286457224447 0.4266041298439199
0.7779703868346642 0.4338574891023299
0.7694585380928003 0.4324055859904721
0.7824121279468838 0.44111084836074
0.7864822355765282 0.4353093922141878
0.7905523432061726 0.4295079360676356
0.7949940843183921 0.4367612953260457
0.7868538690591032 0.44836420761915
0.7783420203172393 0.4469123045072921
0.7599745112600125 -0.2951057141242868
0.7600993373299583 -0.2846330286270209
0.7669667615572515 -0.3013988206876835
0.7598496851900666 -0.3055783996215526
0.7597248591201207 -0.3160510851188184
0.7739590118544907 -0.3076919272510803
0.7740838379244366 -0.2972192417538144
0.9744952762848955 0.238544673477931
0.9851383828199893 0.235942608934784
0.9667905565386388 0.2340900609322691
0.9638521697498016 0.241146738021078
0.9532090632147077 0.2437488025642249
0.959085836792382 0.2296354483866073
0.9697289433274758 0.2270333838434603
0.7306476124815655 0.346174014378394
0.7356637314519608 0.3389350388111125
0.7389458430335809 0.3488619359259093
0.7406798504223562 0.3316960632438311
0.7323816198703408 0.3290081416963158
0.7240833893183252 0.3263202201488005
0.7489780809743718 0.3343839847913463
1.121283552966197 0.3787602964559
1.121616736668178 0.3711506060799357
1.114514728457605 0.3733449627401396
1.107745903949013 0.3679296290243793
1.121949920370158 0.3635409157039713
1.202270376662593 0.2218413379157601
1.194136908547915 0.2288847362847951
1.212253843711185 0.2224044625163594
1.21040384477727 0.2147979395467251
1.218537312891947 0.2077545411776901
1.222237310759778 0.2229675871169586
1.214103842645101 0.2300109854859936
0.8636943352664013 -0.4807672363828311
0.8564655696269587 -0.4831508746228972
0.8666153929543633 -0.4739136511379004
0.8709231009058437 -0.4783835981427651
0.8623076850028829 -0.4694437041330357
0.8772758656335716 -0.1918771370559874
0.8751676629782433 -0.1815326268927097
0.8855614740960558 -0.1944219095715842
0.8793840682888999 -0.2022216472192651
0.8917388799032117 -0.1866221719239033
0.761644674411332 0.4041940830163044
0.7527781358337665 0.4006025295123881
0.7657242281269367 0.4123773154228625
0.7705112129888975 0.4077856365202209
0.7793777515664628 0.4113771900241373
0.7698037818425415 0.4205605478294205
0.760937243264976 0.416968994325504
0.9855261771422799 -0.1580557073531537
0.9766888625047153 -0.1610686912360475
0.9861910647122529 -0.1668576686808216
0.9678515478671508 -0.1640816751189413
0.9671866602971777 -0.1552797137912734
0.9665217727272045 -0.1464777524636055
0.968516435437124 -0.1728836364466092
1.126275773907951 0.4278814122477512
1.118242482617587 0.4290031392953321
1.130789092574128 0.4323602570704441
1.134309065198315 0.4267596852001705
1.142342356488679 0.4256379581525896
1.135302411240305 0.4368391018931369
1.127269119949941 0.4379608289407176
1.241216156864918 -0.2390376937973849
1.244080032859096 -0.228748007662234
1.244477116043861 -0.2457057324171297
1.238352280870739 -0.2493273799325357
1.23548840487656 -0.2596170660676866
1.247738075222804 -0.2523737710368746
1.250601951216982 -0.2420840849017238
1.1184354978087 -0.4516714118427944
1.111012706294185 -0.4479959077013238
1.125168254148967 -0.4479418566616884
1.125858289323215 -0.455346915984265
1.133281080837729 -0.4590224201257356
1.131901010489233 -0.4442123014805824
1.124478218974719 -0.4405367973391119
0.7625899507136105 0.06614046298349677
0.7563268080874745 0.05696165721886451
0.7500636654613386 0.04778285145423224
0.742641986079241 0.05409716194431392
0.7352203066971434 0.06041147243439559
0.7289571640710075 0.05123266666976332
0.7438005228352027 0.03860404568959998
0.719366001446444 -0.1700591943893765
0.7288748789366948 -0.1631196051267027
0.7181910460873023 -0.1810350575156475
0.709857123956193 -0.1769987836520504
0.7003482464659423 -0.1839383729147242
0.7170160907281607 -0.1920109206419185
0.7265249682184116 -0.1850713313792447
1.227326585117191 0.2616945931778155
1.232548188927502 0.2553932746010507
1.237769792737813 0.2490919560242859
1.231468430453003 0.2450197802373098
1.225167068168192 0.2409476044503338
1.230388671978503 0.2346462858735689
1.242991396548124 0.2427906374475211
0.7405682303449796 0.0696531287778224
0.7459161539928159 0.07889478512124923
0.7542530523532132 0.072517624052373
0.8185217518498528 0.3558775108566875
0.8254371518544441 0.3637240869782112
0.8214252167831291 0.347736780636496
0.8116063518452614 0.3480309347351637
0.8046909518406702 0.3401843586136399
0.8243286817164053 0.3395960504163047
0.8312440817209965 0.3474426265378284
0.7536083679975041 -0.1799701862125539
0.7445805680711399 -0.1816705679347841
0.7524334126383625 -0.1909460493388249
0.7355527681447758 -0.1833709496570144
0.7367277235039174 -0.1723950865307434
0.7379026788630589 -0.1614192234044724
0.7343778127856342 -0.1943468127832854
0.922291368362899 -0.07633662671353295
0.9240880898408873 -0.08904059712616162
0.9161544889281874 -0.07097688262008239
0.9204946468849107 -0.06363265630090427
0.9186979254069223 -0.05092868588827559
0.910017609493476 -0.06561713852663184
0.9118143309714642 -0.07832110893926052
0.7232253770768124 0.2046823859351054
0.7251388206565454 0.1956274286439668
0.7355425049038719 0.2038875242719596
0.7270522642362784 0.1865724713528281
0.7147351364092189 0.187367333015974
0.7024180085821594 0.1881621946791198
0.7393693920633378 0.1857776096896823
0.689019024854211 -0.001554549735600267
0.6802467084029687 -0.01313966606369953
0.689019024854211 0.01158511632809927
0.6977913413054531 0.010030566592499
0.7065636577566953 0.02161568292059827
0.689019024854211 0.0247247823917988
0.6802467084029687 0.01313966606369953
0.7043591206246524 0.200169074202021
0.693955436377326 0.1919089785740282
0.7063002326671455 0.2121759537249223
0.714762804871979 0.2084291698300138
0.6978376604623121 0.2159227376198307
0.8047358600812582 -0.4718559827780212
0.7999593163834096 -0.465551963041728
0.7971133925230045 -0.4730777229745816
0.7951827726855609 -0.4592479433054348
0.8028052402438146 -0.4580262031088744
0.8104277078020683 -0.4568044629123139
0.8056511641042197 -0.4505004431760208
0.7904062289877123 -0.4529439235691416
0.7875603051273072 -0.4604696835019953
0.9567022670765972 0.3761811125276219
0.9500710412454644 0.3805028063553354
0.9537533304645271 0.3852611469237215
0.8113195584673034 -0.4218840885947637
0.8182087521504288 -0.4267070018844842
0.8175573944187056 -0.417575463756252
0.8250979458335541 -0.4315299151742047
0.818860109882152 -0.4358385400127164
0.81262227393075 -0.4401471648512281
0.8195114676138753 -0.4449700781409486
0.8319871395166794 -0.4363528284639252
0.831335781784956 -0.427221290335693
0.9701345789662787 0.3223941656138466
0.9772789193091214 0.3269374679361698
0.9667997863582283 0.3292969206528392
0.984423259651964 0.331480770258493
0.9877580522600145 0.3245780152195004
0.9910928448680649 0.3176752601805077
0.9810884670439135 0.3383835252974857
0.96509572692481 -0.3487576175636568
0.9589348543183126 -0.3510941358674016
0.966364632786356 -0.3553818865131727
0.9527739817118152 -0.3534306541711464
0.9515050758502692 -0.3468063852216304
0.9502361699887234 -0.3401821162721145
0.944075297382226 -0.3425186345758593
0.9466131091053176 -0.3557671724748912
0.9540428875733611 -0.3600549231206623
0.8684190559384202 0.2964315766046647
0.8779166530986036 0.2938006965551779
0.8622066205397355 0.2908729500777972
0.8589214587782368 0.2990624566541514
0.8654917823012342 0.282683443501443
0.9483224940341259 0.5408467557490733
0.9443918416267747 0.5354800511747697
0.9460489124768141 0.5462961967440031
0.9522531464414774 0.546213460323377
0.9561837988488289 0.5515801648976806
0.9437753309195023 0.5517456377389329
0.9398446785121508 0.5463789331646292
0.863420084044052 0.1445098616334682
0.8748243632455013 0.1399992873560235
0.8525303234082939 0.1395634443111523
0.8520158048426028 0.1490204359109129
0.8406115256411535 0.1535310101883575
0.8416405627725358 0.1346170269888364
0.8530448419739851 0.1301064527113918
1.219835885386556 -0.1834795271756557
1.21248734490315 -0.1873438440598611
1.211376780821722 -0.1797601141013329
1.202917676256888 -0.1760407010270101
1.205138804419743 -0.1912081609440665
0.8177062692747155 -0.1282962128906584
0.8294724310581909 -0.129810736810829
0.8412385928416661 -0.1313252607309996
0.8378806709470474 -0.1392204886710203
0.8345227490524287 -0.1471157166110409
0.846288910835904 -0.1486302405312115
0.8530047546251414 -0.1328397846511702
0.8903511590887146 0.4036377603748535
0.8868930269070315 0.3972380744200474
0.8823856297134858 0.4030439740276098
1.176934369920772 0.05031386107147341
1.187890349971355 0.05033829750253367
1.171016473002854 0.04412032774220678
1.16597838987019 0.05028942464041316
1.155022409819607 0.05026498820935291
1.165098576084935 0.03792679441294014
1.176054556135518 0.03795123084400039
1.086253727747822 0.1404236197899343
1.093685345911648 0.1424415711481007
1.084791396682106 0.1487729728495424
1.101116964075474 0.144459522506267
1.10257929514119 0.136110169446659
1.104041626206906 0.127760816387051
1.099654633009758 0.1528088755658751
0.8708828208433212 -0.04642262337215022
0.8815017066490569 -0.04120725508128843
0.8687210730387736 -0.05552266911460639
0.8602639350375856 -0.05163799166301201
0.8496450492318499 -0.05685335995387381
0.8665593252342259 -0.06462271485706256
0.8771782110399615 -0.05940734656620077
1.059863077807703 0.2843472203981082
1.069828891149768 0.2811046247704812
1.053133446928741 0.28121988510367
1.049897264465638 0.2875898160257352
1.039931451123573 0.2908324116533622
1.046403816049778 0.2780925498092318
1.056369629391843 0.2748499541816048
0.8459186660226308 0.4331706238020647
0.8409232783190178 0.4377722071040414
0.8359278906154048 0.4423737904060181
0.8422734789191153 0.4462238905152681
0.8486190672228259 0.4500739906245181
0.8436236795192129 0.4546755739264948
0.8309325029117918 0.4469753737079947
1.1235004263799 0.1086835288044052
1.131277611076786 0.1063873567324067
1.126288092626467 0.09823381499519965
1.129075758873034 0.08778410118599408
1.139054795773671 0.1040911846604081
0.9003467015085528 0.5396643402602798
0.8952166703121958 0.543905245075768
0.9063208300855463 0.541294297596662
0.9054767327049098 0.5354234354447915
0.9106067639012669 0.5311825306293034
0.9122949586625397 0.5429242549330443
0.9071649274661827 0.5471651597485325
0.9745863844745596 -0.5110223909738005
0.979073154332337 -0.5132610244785381
0.9750584285630808 -0.5170517633864401
0.9755304726516019 -0.5230811357990797
0.9835599241901145 -0.5154996579832758
0.9742094961674289 -0.14445319449919
0.9647072939598913 -0.1386642170544159
0.9818972196076533 -0.1424286365347744
0.9837116983749665 -0.1502421719439641
0.9932139005825042 -0.1560311493887382
0.9895849430478776 -0.1404040785703589
0.9800827408403401 -0.1346151011255848
1.175413349530922 0.3036341932986591
1.166092552317056 0.3061738270935704
1.182987276736745 0.3084391308809175
1.184734146744789 0.3010945595037477
1.194054943958657 0.2985549257088363
1.190561203942567 0.3132440684631759
1.1812404067287 0.3157837022580873
1.024321225295826 -0.01327407012621927
1.035871937072473 -0.01217590189064851
1.020088427514532 -0.02025068372971204
1.01277051351918 -0.01437223836179003
1.001219801742534 -0.0154704065973608
1.015855629733238 -0.02722729733320481
1.027406341509884 -0.02612912909763404
1.010352800529336 0.3107874412417355
1.018544054031564 0.3129515640734052
1.026735307533793 0.3151156869050749
1.027324876741943 0.3084231978513025
1.027914445950093 0.3017307087975301
1.036105699452321 0.3038948316291997
1.034926561036021 0.3172798097367445
0.8155748662634538 -0.3691215786376413
0.8156137489418434 -0.3768758379013408
0.807826667079226 -0.3755483771105449
1.082839468919207 -0.4479348984475854
1.074607684090641 -0.4490341187067065
1.086094342370193 -0.4408466732353778
1.091071253747773 -0.4468356781884644
1.099303038576339 -0.4457364579293432
1.089349215821178 -0.4337584480231702
1.081117430992612 -0.4348576682822912
0.9662817830531187 -0.3884701494364754
0.9703316972266445 -0.3942028277326269
0.9743816114001702 -0.3999355060287785
0.9675925049500431 -0.4018356537428335
0.960803398499916 -0.4037358014568885
0.9573094366605774 -0.3977019343432865
0.9545702443839761 -0.405334760353493
0.9538154748212387 -0.3916680672296846
0.9600486289371788 -0.39006910833308
0.9627878212137801 -0.3824362823228735
0.9503215129819 -0.3856342001160826
0.9475823207052987 -0.3932670261262892
0.9380917346528024 -0.3814391018327873
0.9321956717275015 -0.3838875395616975
0.9381922959406591 -0.3896815967415974
0.9262996088022004 -0.3863359772906078
0.9261990475143438 -0.3780934823817977
0.9260984862264872 -0.3698509874729876
0.926400170090057 -0.3945784721994178
0.8590990163651613 0.5149515321898963
0.8584325427121113 0.5080745362427119
0.8541685697014489 0.5183760623117506
0.8597654900182111 0.5218285281370807
0.860431963671261 0.5287055240842651
0.8492381230377367 0.5218005924336049
0.8485716493846869 0.5149235964864205
0.9287214575735497 0.3643747451766373
0.9257911251761729 0.3720676518322547
0.9314233696483305 0.3721695188745182
0.9351894841863976 -0.5456459895986738
0.9290814739584818 -0.5448876753300127
0.9314630867269234 -0.551070059890898
0.9229734637305662 -0.5441293610613517
0.9266998611900406 -0.5387052907691275
0.9304262586495149 -0.5332812204769034
0.9243182484215993 -0.5325229062082424
0.9168654535026506 -0.5433710467926907
0.9192470662710919 -0.5495534313535758
1.269313266154354 0.216205990524599
1.26009287808961 0.2184016878618776
1.275681880878916 0.2227201760478532
1.278533654219099 0.2140102931873205
1.287754042283843 0.2118145958500419
1.282050495603478 0.2292343615711074
1.272830107538733 0.231430058908386
1.182864371869492 -0.4132179409894037
1.179736713439681 -0.4075237122685179
1.174654816136462 -0.4141014109262332
1.17660905500987 -0.4018294835476321
1.184818610742899 -0.4009460136108026
1.193028166475929 -0.4000625436739731
1.189900508046118 -0.3943683149530874
1.173481396580059 -0.3961352548267464
1.168399499276841 -0.4027129534844617
1.220342414529763 0.2466049969005262
1.219262656055264 0.2362315025367853
1.215517760891334 0.2522623893507185
1.221422173004262 0.2569784912642671
1.222501931478762 0.2673519856280079
1.210693107252905 0.2579197818009109
1.209613348778405 0.2475462874371701
1.095149901415914 0.1267070876865449
1.104043850645456 0.1203756859851032
1.086258176624923 0.1256533589860388
1.086255952186372 0.1330384893879866
1.07736200295683 0.1393698910894283
1.077366451833931 0.1245996302855328
1.086260401063473 0.1182682285840911
1.238453170824622 -0.1247673145221931
1.239421341005258 -0.1144584490999559
1.243368144426503 -0.1304530831603148
1.237485000643985 -0.1350761799444303
1.236516830463349 -0.1453850453666675
1.248283118028385 -0.1361388517984366
1.249251288209021 -0.1258299863761994
0.8046116014925295 -0.2830288031913009
0.8056152155563299 -0.2929907447432857
0.80661882962013 -0.3029526862952706
0.7977700444660452 -0.2998185931185892
0.7889212593119603 -0.2966844999419078
0.845300241860646 -0.4676918807864047
0.850969389574725 -0.4682758219019484
0.848221299548608 -0.460838295541474
0.8566385372888039 -0.468859763017492
0.8537174796008419 -0.4757133482624228
0.8507964219128799 -0.4825669335073536
0.859559594976766 -0.4620061777725613
1.100563406509282 -0.3870012374913856
1.103694677696525 -0.3933520868016623
1.098648374400116 -0.39506399568037
1.096733342290949 -0.4031267538693545
1.106825948883767 -0.399702936111939
0.9571561387701807 -0.3383704704019737
0.9497263603021373 -0.3340827197562025
0.9640761075516381 -0.3365588245318329
0.9645859172382241 -0.3426582210477449
0.9720156957062674 -0.346945971693516
0.9709960763330955 -0.3347471786616922
0.9635662978650521 -0.3304594280159211
0.8523547645243484 0.4454034641500233
0.8537049651244459 0.45385514756125
0.8560904618258709 0.4407329376755285
0.8510045639242509 0.4369517807387966
0.8611763597274911 0.4445140946122604
1.265052126330909 -0.1078473297339333
1.25978518029028 -0.1138415486146887
1.269967099932791 -0.1135330983720551
1.254518234249651 -0.1198357674954441
1.249603260647769 -0.1141499988573223
1.244688287045887 -0.1084642302192005
1.259433207851532 -0.1255215361335658
0.9301942870356383 -0.1438072280727892
0.9201434749229529 -0.1475005623236198
0.9335214398896657 -0.1358456783742552
0.9402450991483237 -0.1401138938219586
0.950295911261009 -0.136420559571128
0.9368485927436931 -0.1278841286757212
0.9267977806310078 -0.1315774629265518
1.076950610772011 -0.1696535106407404
1.074712489709723 -0.1793275464987119
1.071219608723328 -0.1656518511379744
1.079188731834299 -0.1599794747827688
1.081426852896587 -0.1503054389247972
1.065488606674646 -0.1616501916352085
1.063250485612358 -0.17132422749318
0.8809062164675097 0.04890119028102576
0.890743509825985 0.04661398355932565
0.8838637979352122 0.03680101862430947
0.8868213794029147 0.0247008469675932
0.9005808031844604 0.04432677683762554
1.093516668576486 0.03786855983275158
1.101969027675986 0.0366394947591786
1.096198403975218 0.04653942046798747
1.110421386775486 0.03541042968560562
1.107739651376753 0.02673956905036973
1.105057915978021 0.01806870841513384
1.113510275077521 0.01683964334156086
1.118873745874985 0.03418136461203264
1.113103122174218 0.04408129032084152
1.259964332389743 0.1887606225689225
1.264434374155708 0.1805213728179658
1.252794276116542 0.1903514920520913
1.255494290623778 0.1969998723198791
1.251024248857812 0.2052391220708357
1.245624219843342 0.1919423615352602
1.250094261609307 0.1837031117843035
0.9772785649921566 -0.299128061182836
0.9798813903329007 -0.3095720271127677
0.9690778537798858 -0.2972793688638445
0.9746757396514125 -0.2886840952529042
0.963479967908359 -0.3058746424747848
0.7679647513732237 0.2842334865533209
0.7701769097525205 0.2741744468865465
0.7723890681318173 0.264115407219772
0.7623186430795736 0.2636840897445564
0.7522482180273298 0.2632527722693407
0.7544603764066267 0.2531937326025663
0.7746012265111142 0.2540563675529975
1.09195944281853 0.100928063631113
1.089109921941001 0.109598146107602
1.098001646731993 0.1106518748081081
1.306044563622674 0.1400507869764848
1.297263669045909 0.1429422905578009
1.288482774469144 0.145833794139117
1.295322557003416 0.1520533019502613
1.302162339537688 0.1582728097614056
1.293381444960923 0.1611643133427217
1.279701879892378 0.1487252977204331
1.024641815767459 0.2695451966559679
1.01922264024607 0.2784368731608096
1.034780935189729 0.2673071118980869
1.030060991288848 0.2606535201511262
1.035480166810237 0.2517618436462845
1.044920054611999 0.2650690271402059
1.03950087909061 0.2739607036450476
0.7927093964635692 0.1923429400966447
0.803100694800263 0.1846451631621025
0.7837713485093479 0.1912395105227367
0.7823180981268755 0.2000407170311869
0.7719267997901818 0.2077384939657292
0.7748333005551267 0.1901360809488287
0.7852245988918204 0.1824383040142865
1.090283572544883 0.2724405302930969
1.098541835825787 0.2700852471921441
1.095750359780132 0.2630043836222274
1.101217147015381 0.2535682369513578
1.10680009910669 0.2677299640911912
1.172426555244461 0.425886433416256
1.16444651888111 0.4259468700750552
1.169802438202921 0.4198560763059181
1.156466482517758 0.4260073067338545
1.159090599559298 0.4320376638441923
1.161714716600838 0.43806802095453
1.153734680237486 0.4381284576133293
1.148486446154406 0.4260677433926538
1.153842365476218 0.4199769496235167
0.9599088486222166 -0.4949758639031455
0.9623096887788355 -0.4998548836976264
0.957392647186029 -0.5018344021333105
1.272601683139289 -0.1302973591561694
1.273918974742539 -0.1386794895482266
1.266017445495411 -0.1279094476448676
1.27128439153604 -0.1219152287641122
1.260750499454782 -0.133903666525623
1.012855581387624 -0.3565280570716051
1.01096859773601 -0.3488062167357748
1.01995666597671 -0.3481383189740602
1.027057750565795 -0.3397485808765154
1.009081614084397 -0.3410843763999446
1.257400943501501 -0.1001736728842054
1.24721902385899 -0.100482123126839
1.249749760672092 -0.09250001603447752
1.242098577842684 -0.08482635918474964
1.237037104216479 -0.1007905733694726
1.066915098618402 0.04836359401151454
1.077265046369393 0.04364746078891144
1.056434100112076 0.04424256925886554
1.056565150867411 0.05307972723411765
1.04621520311642 0.05779586045672075
1.04595310160575 0.04012154450621652
1.056303049356742 0.03540541128361342
0.9768557296665248 0.482760238797557
0.9726665333607932 0.4894050223031508
0.9826343846750539 0.4818654810017022
0.9810449259722563 0.4761154552919633
0.9852341222779879 0.4694706717863695
0.9884130396835831 0.4809707232058474
0.9842238433778514 0.4876155067114412
0.8033671305942072 0.1756759479479774
0.8040050402346963 0.1653693964701398
0.8126766523949736 0.1754420412581729
0.8046429498751857 0.1550628449923022
0.7953334280744192 0.1552967516821068
0.7860239062736528 0.1555306583719114
0.7866618159141421 0.1452241068940737
0.8052808595156749 0.1447562935144645
0.8139524716759521 0.1548289383024976
1.126214293454699 -0.2076418402287105
1.133148433098088 -0.2133223696725575
1.119188564003663 -0.2109232807171789
1.119280153811311 -0.2019613107848635
1.112346014167923 -0.1962807813410164
1.112162834552627 -0.2142047212056474
1.119096974196015 -0.2198852506494944
1.096877668532675 0.02013061297333969
1.102648292233442 0.01023068726453082
1.088697421087328 0.02219251753154555
1.091107044831908 0.03003053868214856
1.08533642113114 0.03993046439095743
1.080517173641982 0.0242544220897514
1.08628779734275 0.01435449638094253
0.8190083498985148 0.3326020243039676
0.8288272148363822 0.3323078702052999
0.8136880180806242 0.3256079981916306
0.8091894849606471 0.3328961784026352
0.8181865512006012 0.3183198179806259
0.9409089524543963 -0.2967009930703626
0.9479298385511412 -0.3040381950823982
0.9335595343094496 -0.2967132379969675
0.9338880663576514 -0.2893637910583271
0.9332310022612478 -0.3040626849356078
0.9678781844097935 0.4982050977480588
0.9638567120737978 0.5026647838705467
0.959835239737802 0.5071244699930346
0.9648470181313271 0.5105701015195998
0.9698587965248522 0.514015733046165
0.9658373241888565 0.5184754191686529
0.9558137674018062 0.5115841561155225
1.19804853426002 0.2817086857205905
1.206199666666267 0.276923119023063
1.203952946372948 0.286424787634139
1.214350799072514 0.2721375523255355
1.208446386959586 0.2674214504119869
1.202541974846657 0.2627053484984385
1.220255211185443 0.276853654239084
1.022076317960606 0.1733176522484285
1.021888097347568 0.1833468340927027
1.028821611915553 0.1684768309236238
1.022264538573643 0.1632884704041543
1.02245275918668 0.15325928855988
1.0355669058705 0.163636009598819
1.035378685257463 0.1736651914430933
0.8438716095847456 -0.4792879516360207
0.8369467972566114 -0.4760089697646879
0.8411235195586286 -0.4718504252755463
0.8383754295325119 -0.4644128989150719
0.8300219849284771 -0.4727299878933551
1.180118871421497 0.1461245397556972
1.17521232611336 0.1390088592929015
1.170305780805224 0.1318931788301058
1.164982175664376 0.1383367021643526
1.159658570523528 0.1447802254985995
1.154752025215391 0.1376645450358038
1.165399235497088 0.1247774983673101
0.8573479277408314 0.4596493825156561
0.8595006134307834 0.4653174236856553
0.8521219535128753 0.464193715205744
0.8616532991207353 0.4709854648556546
0.8668792733486914 0.4664411321655667
0.8721052475766475 0.4618967994754788
0.8742579332665994 0.467564840645478
0.8638059848106872 0.4766535060256538
0.8564273248927792 0.4755297975457424
0.9701132781104356 0.3483098036394856
0.971770023986539 0.3578162451328089
0.9756008725771745 0.3433466644684857
0.9684565322343319 0.3388033621461625
0.9827452129200172 0.3478899667908089
1.107120354931188 0.3474921314907672
1.100206324212441 0.3501697763088882
1.102365143943357 0.3426258249109496
1.093292293493695 0.3528474211270093
1.098047504481525 0.3577137277068269
1.102802715469356 0.3625800342866445
1.088537082505864 0.3479811145471917
0.8898052504041695 0.208572598927827
0.8970993544970109 0.2172966478657191
0.8919685989108259 0.1996059098715381
0.8825111463113281 0.199848549989935
0.9014260515103236 0.1993632697531412
1.079845351447763 0.4130851604606123
1.072542636836145 0.4154185243127844
1.076671602475039 0.4220516941884728
1.232012328812884 -0.3268002872334812
1.223799174736052 -0.3225552031729284
1.226770048942587 -0.3313686002674784
1.215586020659221 -0.3183101191123755
1.220828300529518 -0.3137418060783784
1.226070580399815 -0.3091734930443812
1.217857426322983 -0.3049284089838283
1.207372866582389 -0.3140650350518227
1.210343740788924 -0.3228784321463727
0.8205932617054872 -0.4520226158410778
0.8268310976568893 -0.4477139910025661
0.8330689336082913 -0.4434053661640544
0.8341507276999033 -0.4504579038641836
0.8352325217915152 -0.4575104415643128
0.8414703577429172 -0.4532018167258011
0.8393067695596934 -0.4390967413255427
0.8530340131798432 -0.5026780029405823
0.8549993417251951 -0.5082656293282249
0.8505581858753376 -0.509763919625694
0.848082358570832 -0.5168498363108056
0.856964670270547 -0.5138532557158676
1.10495625786922 -0.1941662908116871
1.104864668061572 -0.2031282607440026
1.104773078253924 -0.2120902306763181
1.097383321955221 -0.2099757401469888
1.089993565656519 -0.2078612496176595
1.103307993097059 0.4751153051740146
1.110315790379926 0.4791043504961611
1.102866325212187 0.4677639863053335
1.096300195814192 0.471126259851868
1.109432454610181 0.464401712758799
0.739792887323373 -0.0745201176923001
0.751110995232124 -0.0785544847997105
0.7454368555026865 -0.06661924478058827
0.7624291031408749 -0.0825888519071209
0.7567851349615615 -0.09048972481883273
0.7511411667822481 -0.09839059773054457
0.7680730713201882 -0.07468797899540906
0.8197675152513831 0.01003469264474783
0.8099577809657668 0.01597538286935957
0.8300503018603296 0.01338127403641113
0.8295772495369995 0.004094002420136095
0.8305233541836599 0.02266854565268615
0.7560483450252671 -0.2461042717624181
0.7536330534161245 -0.2342730029256854
0.7662354778452429 -0.2493624279714103
0.7584636366344097 -0.2579355405991509
0.7608789282435524 -0.2697668094358835
0.7764226106652188 -0.2526205841804024
0.7740073190560761 -0.2407893153436697
0.8891669537243916 -0.0423207482155767
0.8990106109519018 -0.045190060773143
0.9088542681794121 -0.0480593733307093
0.9045141102226889 -0.05540359964988742
0.9001739522659657 -0.06274782596906554
0.8069511401484171 -0.435203187038358
0.8076024978801404 -0.4443347251665902
0.8012800063660841 -0.4302592092254879
0.8062997824166938 -0.4260716489101258
0.8056484246849704 -0.4169401107818935
0.7956088725837511 -0.4253152314126178
0.7962602303154744 -0.43444676954085
0.9735742925572042 0.5096801919875069
0.9745645986147335 0.51758550963656
0.9772897885895562 0.5053446509288488
0.9725839864996748 0.5017748743384538
0.9715936804421454 0.4938695566894007
0.9810052846219079 0.5010091098701908
0.9819955906794374 0.5089144275192439
0.7857574704797087 0.1644998735860364
0.7770858583194316 0.1544272287980034
0.7854910346857645 0.1734690888001614
0.7944290826399858 0.1745725183740695
0.7765529867315433 0.1723656592262534
0.8765796069341951 0.08270159923148093
0.8682344286000226 0.07368810583778533
0.876702693892886 0.09310113640982412
0.8849247852683676 0.09171509262517655
0.8932699636025401 0.1007285860188721
0.8768257808515769 0.1035006735881673
0.8684806025174043 0.09448718019447171
0.9229350782753267 0.1136099310511029
0.9314188292812875 0.1118459310653187
0.9399025802872485 0.1100819310795345
0.933680215956457 0.1013575851964607
0.9274578516256655 0.09263323931338679
0.9359416026316265 0.0908692393276026
0.9483863312932093 0.1083179310937503
0.7414048747766691 -0.09748587405042404
0.7470790145061066 -0.1094211140695463
0.73166858277109 -0.09658115037030351
0.7357307350472315 -0.08555063403130181
0.730056595317794 -0.07361539401217958
0.721932290765511 -0.09567642669018299
0.7276064304949486 -0.1076116667093052
0.7721561909553326 0.3772703105970301
0.7661284421433798 0.372310842653326
0.7623277384056247 0.3806668167853954
0.7524992858559169 0.3840633229737607
0.760100693331427 0.3673513747096219
0.9841245819078367 0.312977015613235
0.9946037148587298 0.3106175628965656
0.9771563189476085 0.3082787710459622
0.9736454489569436 0.3153364683299044
0.9806671889382733 0.3012210737620201
1.196709890088179 0.2661986006072951
1.198956610381498 0.256696931996219
1.190877805329702 0.2696918527161517
1.194463169794861 0.2757002692183711
1.187292440864543 0.2636834362139323
0.8684622849602619 0.4561025645210727
0.87584094487817 0.457226273000984
0.8648193223438765 0.4503083295666665
0.8610836250423539 0.4549788560411613
0.8685550196453991 0.4456378030921717
1.233121008321954 -0.3101717981861063
1.240171436244094 -0.3111701033278313
1.236091882528489 -0.3189851952806563
1.239062756735024 -0.3277985923752063
1.247221864166233 -0.3121684084695565
0.8926908717986821 -0.432980321279731
0.8855284628708855 -0.4379491887373576
0.8933334629954266 -0.4266079489579494
0.8998532807264787 -0.4280114538221044
0.8868136452643745 -0.4252044440937945
1.250571917913075 0.001433938109558538
1.24378480668605 -0.001338687386564766
1.242071192172328 0.007803590631529334
1.233570466431582 0.01417324315350013
1.236997695459025 -0.00411131288268807
1.096235465809526 0.3384946471854633
1.103149496528273 0.3358170023673422
1.090105787675695 0.3343634694599771
1.089321435090779 0.3411722920035843
1.082407404372033 0.3438499368217054
1.083976109541864 0.3302322917344908
1.090890140260611 0.3275546469163698
0.7720831361320726 -0.05363710182403315
0.7700781037261304 -0.06416254040972111
0.7587599958173795 -0.06012817330231071
1.12939034585556 0.2154868226802761
1.136175451715373 0.2181190752229019
1.127602055491602 0.2229867345451972
1.142960557575186 0.2207513277655277
1.144748847939144 0.2132514159006066
1.146537138303103 0.2057515040356855
1.141172267211227 0.2282512396304487
1.026125577205238 0.2825687193249938
1.015986457782968 0.2848068040828748
1.033028514164406 0.286700565489178
1.036264696627508 0.2803306345671128
1.029792331701303 0.2930704964112432
0.892508705190631 -0.06163433283477728
0.8848434581152962 -0.06052083970048902
0.8870052059198439 -0.05142079395803286
1.004108427842253 -0.4107905687305056
1.011658176144426 -0.4114242475356797
1.000346978754162 -0.4159120644346136
0.9965586795400793 -0.4101568899253314
1.004135277968245 -0.4216672389438958
1.225946551309785 0.2030828892406977
1.227796550243701 0.210689412210332
1.229646549177616 0.2182959351799663
1.237055787595455 0.2136242832429739
1.244465026013294 0.2089526313059815
1.246315024947209 0.2165591542756158
1.231496548111532 0.2259024581496005
0.8797419516037543 -0.4378248531877049
0.8732915210735672 -0.4373903783187705
0.8784354411439539 -0.4438870861902047
0.8668410905433801 -0.4369559034498361
0.8681476010031806 -0.4308936704473363
0.8694541114629808 -0.4248314374448365
0.8630036809327938 -0.4243969625759021
0.8603906600131931 -0.4365214285809018
0.8655345800835799 -0.443018136452336
0.8966220450970218 0.3083616443332807
0.9003824867194288 0.3153235545587637
0.9053545600743486 0.3104020553590331
0.9140870750516753 0.3124424663847855
0.9041429283418357 0.3222854647842467
1.03217534108937 -0.4697071618963894
1.031584592134258 -0.476353038209091
1.026441121836402 -0.473589446477488
1.11578832977375 -0.08796296361588467
1.123312538280221 -0.08990977712902941
1.121035861245875 -0.08153716660050986
1.130836746786692 -0.09185659064217415
1.125589215314567 -0.09828238765754896
1.120341683842441 -0.1047081846729238
1.136084278258818 -0.08543079362679934
0.743701429734001 -0.353307192134388
0.7483709444064385 -0.3443396302742622
0.7385992387356231 -0.347133349633065
0.753040459078876 -0.3353720684141364
0.7581426500772538 -0.3415459109154594
0.7632448410756316 -0.3477197534167824
0.7679143557480691 -0.3387521915566566
0.7577099737513135 -0.3264045065540105
0.7479382680804982 -0.3291982259128133
1.074855422624814 0.03580943963830842
1.072445798880235 0.02797141848770541
1.064374424118488 0.03168841488565941
1.053893425612163 0.0275673901330104
1.070036175135656 0.02013339733710239
1.021011508990925 0.2975988626333459
1.014108572031757 0.2934670164691617
1.012230686280547 0.3021272288554486
1.003449863570169 0.3066555950775514
1.00720563507259 0.2893351703049776
1.044517421508923 -0.01460528738376629
1.053134761597056 -0.01698593813914835
1.0487220749419 -0.007579939042537807
1.061752101685189 -0.01936658889453041
1.057547448252212 -0.02639193723575889
1.053342794819235 -0.03341728557698738
1.065956755118166 -0.01234124055330192
1.241765011506058 0.2023042510381938
1.239064996998823 0.195655870770406
1.232505774154304 0.1993693800055519
1.22324653680255 0.19643450897291
1.236364982491587 0.1890074905026183
1.11431276465948 -0.1209688620434804
1.116224369229021 -0.130418179334994
1.118135973798562 -0.1398674966265076
1.107918773011714 -0.1383062461770311
1.097701572224865 -0.1367449957275545
0.9169489423110411 -0.4786863659494465
0.917296361534937 -0.4718139666925136
0.9176437807588327 -0.4649415674355807
0.923678216793387 -0.468398061128155
0.9297126528279414 -0.4718545548207291
0.9444140214661829 -0.5207837899229595
0.9443473283443213 -0.5267885267675444
0.9389353318971926 -0.524890384202174
0.9334566423282022 -0.5289969784813886
0.9442806352224596 -0.5327932636121293
0.9877038384810637 0.3587234764856309
0.995670745728326 0.3591770921620419
0.9852245257005403 0.3533067216382199
0.9797369312338013 0.3582698608092199
0.9907121201672794 0.3483435824672199
1.225873851092286 0.01392615852846871
1.227587465606007 0.00478388051037461
1.229301080119728 -0.004358397507719491
1.221604464780432 -0.00460548213275091
1.213907849441136 -0.004852566757782331
1.215621463954857 -0.01399484477587643
1.23101469463345 -0.01350067552581359
1.214862838294808 -0.09194696754698503
1.215446984251038 -0.08182368111653343
1.205524825464045 -0.08685791960139906
1.216031130207267 -0.07170039468608186
1.22536914303803 -0.07678944263166781
1.234707155868793 -0.08187849057725377
1.235291301825023 -0.0717552041468022
1.216615276163497 -0.06157710825563027
1.206693117376504 -0.06661134674049589
1.138669438729479 0.2010405783508967
1.14724283495325 0.1961729190286013
1.130801739155856 0.1963296526661078
1.130096042505708 0.2059082376731919
1.121522646281937 0.2107758969954873
1.122934039582232 0.1916187269813189
1.131507435806003 0.1867510676590237
0.8115545175331349 0.4612580952617696
0.8107282319139759 0.4668457691756916
0.8043687930783299 0.4626187209691088
0.8099019462948169 0.4724334430896137
0.817087670749622 0.4710728173822745
0.824273395204427 0.4697121916749353
0.8027162218400121 0.4737940687969528
0.7760506332874668 -0.3956059385621599
0.7682524399848669 -0.3927214730736532
0.7720931620259618 -0.4010726935713499
0.7604542466822668 -0.3898370075851466
0.7644117179437719 -0.3843702525759565
0.7683691892052771 -0.3789034975667664
0.760570995902677 -0.3760190320782598
0.7526560533796669 -0.38695254209664
0.7564967754207618 -0.3953037625943366
0.7639526498943776 0.2255953791374722
0.754741527873485 0.2246960744097019
0.7612624273868166 0.2156403957464091
0.7455304058525924 0.2237967696819316
0.7482206283601535 0.2337517530729947
0.7509108508677145 0.2437067364640578
0.7428401833450314 0.2138417862908685
0.7527521344421735 -0.01545503798727878
0.7380554706672374 -0.009453757705013281
0.7621829513564472 -0.01229332506128639
0.7674487982171095 -0.02145631826954427
0.7821454619920456 -0.02745759855180976
0.7716137682707209 -0.009131612135293997
0.756917104495785 -0.003130331853028503
1.140944129375885 0.1843226325713277
1.148811828949508 0.1890335582561165
1.150380822945766 0.1818941974836317
1.159817516515647 0.1794657623959357
1.156679528523132 0.1937444839409054
0.9441408761012842 -0.4510651272653925
0.9453781765336824 -0.4436702582521933
0.9484753428189818 -0.455876212314012
0.9429035756688857 -0.4584599962785917
0.9416662752364875 -0.4658548652917909
0.9528098095366795 -0.4606872973626315
0.9540471099690779 -0.4532924283494323
0.8752406227301121 -0.4249557729944892
0.8700967026597253 -0.418459065123055
0.8810271339972433 -0.4250801085441418
0.8803845428004988 -0.4314524808659234
0.8816697251939878 -0.4187077362223603
1.060212584867374 0.3872437178355999
1.061743869524349 0.378050616008347
1.054720359178192 0.3909480228636906
1.0586813002104 0.3964368196628528
1.057150015553425 0.4056299214901058
1.049228133489009 0.3946523278917813
1.050759418145984 0.3854592260645284
1.247221864166233 0.3121684084695565
1.238879362696093 0.3135034125898042
1.230536861225952 0.3148384167100519
1.234799808980488 0.3213185045426291
1.239062756735024 0.3277985923752063
1.230720255264883 0.3291335964954539
1.222194359755811 0.3161734208302995
0.910040965833028 0.0837424299214049
0.9085488508087252 0.09504313003680061
0.9170977616637312 0.07944301772398094
0.9115330808573308 0.07244172980600919
0.9130251958816338 0.06114102969061347
0.9241545574944345 0.07514360552655697
0.9226624424701317 0.08644430564195268
1.092835072533818 -0.4996875560323181
1.092845395993765 -0.4928997542114475
1.086871267416772 -0.4973103831006062
1.092855719453713 -0.486111952390577
1.098819524570759 -0.4884891253222889
1.104783329687804 -0.4908662982540009
1.086891914336667 -0.483734779458865
0.820027472397824 0.03958686919167023
0.8252754132907419 0.0311277074221782
0.8149926266817955 0.0277811260305149
0.7501239384577233 -0.120780313812358
0.754078520588386 -0.130249503663869
0.7607698886423482 -0.1197950276011778
0.7580331027190486 -0.13971869351538
0.7473871525344237 -0.1407039797265602
0.7367412023497988 -0.1416892659377405
0.7406957844804614 -0.1511584557892515
0.7619876848497112 -0.149187883366891
0.7686790529036736 -0.1387334073041998
1.176539386111082 0.3518271090366893
1.184067849542077 0.3482440718679808
1.17097480983881 0.3476045981124761
1.169010922680087 0.3554101462053979
1.172938696997534 0.3397990500195543
0.9476487006903358 -0.469554779447323
0.9532204678404319 -0.4669709954827434
0.9536311261441843 -0.4732546936028553
0.9596135515980329 -0.4769546077583875
0.958792234990528 -0.4643872115181637
1.189862976366672 0.1570483367070178
1.182622348527028 0.163430762891819
1.183108394030837 0.1531791230690473
1.175381720687384 0.1698131890766202
1.182136303023219 0.1736824027145908
1.188890885359055 0.1775516163525613
1.181650257519411 0.1839340425373625
1.16814109284774 0.1761956152614214
1.168627138351549 0.1659439754386497
0.8574687445187301 0.3850841522181918
0.8547152732710945 0.3751793989941069
0.8532851996356562 0.3916264768207097
0.8602222157663659 0.3949889054422767
0.8629756870140015 0.4048936586663616
0.8491016547525823 0.3981688014232276
0.8463481835049464 0.3882640481991427
0.7170814318629161 -0.07760520744161621
0.7130192795867746 -0.08863572378061792
0.7041062684080381 -0.08159502087105285
0.6911311049531601 -0.08558483430048948
0.7089571273106331 -0.09966624011961962
1.001618067948643 -0.1489651829175748
0.9998035891813295 -0.1411516475083851
1.010022235314781 -0.1418992164464113
0.9233612564511022 -0.2648066472979917
0.9136397178592544 -0.2619715914017107
0.9039181792674066 -0.2591365355054297
0.9098052620012484 -0.2521010965920513
0.9156923447350902 -0.2450656576786727
0.9059708061432423 -0.2422306017823917
0.8941966406755588 -0.2563014796091487
0.6817252474315599 0.06547793157504307
0.6915545951601816 0.06022864301727322
0.7013839428888031 0.05497935445950336
0.6910617488173179 0.04716244320139189
0.6807395547458325 0.0393455319432804
0.6905689024744541 0.03409624338551055
0.7112132906174247 0.04973006590173351
0.8370385660419317 0.06807233629968529
0.8249643249368326 0.06721313766540415
0.8421885137578294 0.07543369984277185
0.849112807147031 0.06893153493396642
0.8611870482521302 0.06979073356824755
0.8473384614737272 0.08279506338585839
0.8352642203686279 0.08193586475157726
1.115001191535966 0.07166504097198043
1.114368501748717 0.06247045742160079
1.123453550635465 0.07043597589840746
1.113735811961467 0.05327587387122115
1.105283452861967 0.05450493894479413
1.096831093762468 0.05573400401836711
1.122188171060966 0.05204680879764817
1.210759193688356 0.003570698871263797
1.204776192862781 -0.005818663771861724
1.207610537935576 0.01199396450030992
1.216742194513931 0.01296006151438932
1.198478881357221 0.01102786748623053
1.198298408253249 -0.08076257221769317
1.191071991042453 -0.0746672248339873
1.198882554209479 -0.0706392857872416
0.9662170325091344 -0.4369382805918135
0.9621603916624488 -0.4423896631776865
0.970551499226832 -0.441749365640433
0.9581037508157634 -0.4478410457635594
0.9537692840980656 -0.4430299607149399
0.9494348173803679 -0.4382188756663204
0.9624382175334611 -0.4526521308121789
0.9947053456058221 -0.2240510352476834
0.9870141753428882 -0.2201522103717296
0.9923616678744263 -0.213480510754418
0.9775534485646941 -0.003164330435253213
0.9684442513886622 -0.004345010738312028
0.9703142065582383 0.00444398066199118
0.9630749645517825 0.01205229175923557
0.9593350542126302 -0.005525691041370843
0.9536899414822004 -0.4313462392322007
0.9452988339178172 -0.4319865367694541
0.9579450655840329 -0.424473602798081
0.9620810490465836 -0.4307059416949472
0.9538090821214822 -0.4182412639012147
0.8951599882448671 -0.1787300745645239
0.8868743797823828 -0.1761853020489271
0.8785887713198988 -0.1736405295333303
0.8820098796615541 -0.1657484321739509
0.8854309880032094 -0.1578563348145715
0.8771453795407254 -0.1553115622989747
0.8703031628574145 -0.1710957570177335
0.9316809051811805 0.3221706543809412
0.9215318307789828 0.3178624915945758
0.934153587553568 0.3325121787904622
0.9418299795833781 0.3264788171673064
0.9264771955237581 0.3385455404136179
0.9282008276355576 -0.4787468617191169
0.9266890024431738 -0.4856391686175047
0.9218189723771075 -0.4821627672834755
0.9154371171186574 -0.4855786728478342
0.9251771772507901 -0.4925314755158924
0.9162017939026482 0.1496122637914593
0.9140677967865405 0.1394611988255074
0.905327904856816 0.144673055765102
0.8944540158109838 0.1397338477387448
0.9119337996704328 0.1293101338595556
0.7240833893183252 -0.3263202201488005
0.7320350155723828 -0.3272795554034714
0.7399866418264405 -0.3282388906581424
0.735317127154003 -0.3372064525182682
0.7306476124815655 -0.346174014378394
1.149813132896239 -0.02204638063283446
1.157787470749331 -0.01782852602509587
1.149001507822633 -0.01276101836405289
1.165761808602424 -0.01361067141735729
1.16657343367603 -0.02289603368613886
1.167385058749636 -0.03218139595492042
1.175359396602729 -0.02796354134718184
1.173736146455516 -0.009392816809618707
1.164950183528818 -0.004325309148575721
1.097086272489187 0.06442542512738419
1.097341451215906 0.07311684623640127
1.106171321375936 0.07239094360419085
1.209499700100729 0.1501425707722874
1.198029183814693 0.152480394391768
1.21717986204494 0.1558262682798093
1.220970216386764 0.1478047471528067
1.2324407326728 0.1454669235333261
1.224860023989152 0.1615099657873312
1.213389507703116 0.1638477894068119
0.9080430542573785 0.2070478464811614
0.9058797057507222 0.2160145355374504
0.9146600570044334 0.2147324232091817
0.9212770597514882 0.222416999937202
0.9037163572440657 0.2249812245937393
0.9003499397612216 0.4871859994215256
0.8940469067885499 0.4893188193060523
0.8978237278775328 0.4814122417113207
0.887743873815878 0.491451639190579
0.8902700856995669 0.4972253969007839
0.8927962975832557 0.5029991546109889
0.8864932646105839 0.5051319744955156
0.8814408408432064 0.4935844590751056
0.8852176619321893 0.485677881480374
0.8986067283342104 0.501139540757596
0.8948299072452275 0.5090461183523276
0.9044171590851651 0.4992799269042031
0.9023835494231933 0.4932329631628644
0.9064507687471368 0.5053268906455419
0.9949250055709911 -0.4491400341134835
0.9891855247036083 -0.4517432297834807
0.9959578132027662 -0.4560239134697885
0.9834460438362256 -0.4543464254534779
0.9824132362044504 -0.4474625460971729
0.9813804285726755 -0.4405786667408679
0.9756409477052926 -0.4431818624108651
0.9777065629688428 -0.4569496211234751
0.9844788514680007 -0.4612303048097829
0.9825450746894838 0.2925608613757331
0.9895133376497121 0.2972591059430059
0.9964816006099403 0.3019573505102786
0.9983594863611508 0.2932971381239917
1.000237372112361 0.2846369257377048
0.7753099189223267 -0.3814273569976622
0.7714691968812317 -0.3730761364999655
0.7822506486393763 -0.3839512164285579
0.7791506409634217 -0.3897785774953588
0.7853506563153312 -0.3781238553617569
1.074070808522299 -0.4884279041910226
1.067670579075063 -0.4839866647362308
1.080481361429483 -0.4860813418249438
1.080471037969535 -0.4928691436458144
1.080491684889431 -0.4792935400040733
0.8944934465498457 -0.1598669965852111
0.8896289464290169 -0.1494301267102349
0.9035559050964819 -0.1618776583558508
0.8993579466706745 -0.1703038664601874
0.9077538635222893 -0.1534514502515142
0.7485486290476839 -0.1604339371932922
0.7591945792323088 -0.159448650982112
0.7564014736149064 -0.1697094185973329
0.9720219827785064 -0.4789905096518374
0.9647030000764933 -0.4783871045288196
0.9767007729532146 -0.4741393083021576
0.9793409654805194 -0.4795939147748552
0.9866599481825324 -0.480197319897873
0.9813795631279227 -0.4692881069524777
0.9740605804259097 -0.4686847018294599
1.167855880768667 -0.04176246099430567
1.167821878015741 -0.0506001892145716
1.167787875262815 -0.05943791743483753
1.159506737108073 -0.05511374659291386
1.15122559895333 -0.05078957575099018
1.151191596200404 -0.05962730397125611
1.167753872509889 -0.06827564565510345
1.159069917841968 -0.03669495333326268
1.1507547769343 -0.04120851071160495
1.150283954915269 -0.0316274456722197
1.033620938852507 0.5144131901663095
1.033955635282098 0.5072876761477996
1.028625821229735 0.5185541696858877
1.033286242422917 0.5215387041848194
1.032951545993326 0.5286642182033292
1.023630703606962 0.5226951492054659
1.023965400036553 0.5155696351869561
0.7805319464938476 -0.3691934351780887
0.773591216776798 -0.3666695757471929
0.7757132366723642 -0.3602630149944204
0.7708945268508807 -0.3513325948107522
0.7666504870597484 -0.3641457163162972
1.197057092807075 0.1729836740373115
1.196571047303266 0.1832353138600832
1.205223300255095 0.1684157317220617
1.197543138310884 0.1627320342145397
1.212903462199307 0.1740994292295836
1.31679925210144 0.06587355260520772
1.30883982077771 0.07030686290632537
1.300880389453979 0.07474017320744303
1.307857166653574 0.07965966738282082
1.31483394385317 0.08457916155819861
1.120966520969695 -0.33174297438183
1.124994940027726 -0.325528942416171
1.129741715572259 -0.3316838433976999
1.138516910174824 -0.3316247124135696
1.129023359085758 -0.3193149104505121
0.9985980057300711 -0.4614785199424861
1.002064540283928 -0.4668003753242842
1.005531074837786 -0.4721222307060823
0.9989652519438504 -0.474858177466979
0.9923994290499152 -0.4775941242278757
1.070205439257464 -0.1181080221664321
1.077517370495742 -0.1166213355928146
1.071120524912377 -0.1077796554584281
1.08482930173402 -0.1151346490191971
1.083914216079107 -0.1254630157272011
1.082999130424193 -0.1357913824352051
1.090311061662471 -0.1343046958615876
1.092141232972299 -0.1136479624455796
1.085744387388934 -0.1048062823111931
1.188651339328939 0.03179794864427184
1.18903183400773 0.02252777421514093
1.182352947732228 0.03487458974413612
1.188270844650147 0.04106812307340275
1.17643505081431 0.02868105641486948
1.162648093132868 0.1518348088119496
1.165637615742209 0.1588893921252996
1.172878243581853 0.1525069659404984
0.7527781358337665 -0.4006025295123881
0.7605763291363665 -0.4034869950008947
0.7683745224389665 -0.4063714604894013
0.7646558828519713 -0.4116702274074527
0.760937243264976 -0.416968994325504
0.768735436567576 -0.4198534598140107
0.7761727157415665 -0.4092559259779079
1.128167701575182 0.4714345269274446
1.121922619253515 0.4690902555378961
1.12772603369031 0.4640832080587636
1.115677536931848 0.4667459841483476
1.116119204816721 0.4740973030170286
1.116560872701593 0.4814486218857097
1.115235869046976 0.4593946652796665
1.07088961727852 0.4687960450625837
1.078117975238249 0.4673747262457112
1.066281323383437 0.4656712832320389
1.063661259318792 0.4702173638794561
1.056432901359063 0.4716386826963286
1.061673029488355 0.4625465214014941
1.068901387448083 0.4611252025846216
1.056120141336292 -0.3504038700763782
1.064736045331873 -0.3526589299581606
1.050346751879348 -0.3549618773926084
1.047504237340712 -0.3481488101945958
1.053189266417984 -0.3617749445906211
0.8318250031369527 0.3249531069458888
0.8371453349548432 0.3319471330582259
0.8348227914375231 0.3175983436864777
0.8265046713190621 0.3179590808335517
0.8431409115559841 0.3172376065394035
0.8975475722038311 0.1107433328452533
0.8893254808283495 0.1121293766299009
0.8811033894528679 0.1135154204145484
0.8853809980541589 0.1235301672409296
0.8896586066554499 0.1335449140673107
0.8814365152799684 0.1349309578519583
0.8728812980773863 0.114901464199196
0.8135706155430649 -0.463706920263073
0.8164165394034699 -0.4561811603302194
0.8167135232840614 -0.4706093776138321
0.8107246916826598 -0.4712326801959267
0.8078787678222548 -0.4787584401287803
0.8198564310250582 -0.4775118349645912
0.8227023548854632 -0.4699860750317376
1.016508270084318 0.4999561754879551
1.018993980068396 0.5051606620542888
1.011513152461546 0.5040971550075333
1.021479690052475 0.5103651486206224
1.026474807675247 0.5062241691010442
1.03146992529802 0.5020831895814659
1.016484572429702 0.5145061281402006
0.9204010557949622 0.09693265151081076
0.9133442599642589 0.1012320637082347
0.9181396691197927 0.1074209973796688
0.9158782824446233 0.1179093432485269
0.9062874641335557 0.1055314759056587
1.047093365220733 -0.3021689063863275
1.04668274918988 -0.294909084562496
1.039006571862938 -0.2999650447120972
1.046272133159027 -0.2876492627386645
1.054358926516822 -0.2898531244128948
1.062445719874617 -0.2920569860871252
1.062035103843764 -0.2847971642632937
1.045861517128175 -0.280389440914833
1.038185339801233 -0.2854454010644342
0.9897592365226104 -0.4721395177551782
0.9871190439953055 -0.4666849112824806
0.9928585248626883 -0.4640817156124833
1.218490878514328 -0.3337997392383588
1.226704032591159 -0.3380448232989117
1.210211708086068 -0.3362308782092394
1.210277724437496 -0.329554655177806
1.202064570360664 -0.3253095711172532
1.201932537657808 -0.3386620171801198
1.21014569173464 -0.3429071012406726
1.134171557954458 0.08184840342453931
1.139161076404776 0.09000194516174631
1.144150594855095 0.09815548689895331
1.149246393936519 0.09221978913749854
1.154342193017943 0.08628409137604375
1.159331711468262 0.09443763311325074
1.149140113305414 0.1063090286361603
0.7870112500794348 -0.1240753392415779
0.8001319307979782 -0.126215495061778
0.7778451514915542 -0.1314043732728889
0.7738905693608915 -0.1219351834213779
0.7817997336222169 -0.1408735631243999
0.8983984985851744 0.1283330571277161
0.9071383905148989 0.1231212001881215
0.902342981359365 0.1169322665166874
0.8689680749825186 -0.5213950576313713
0.8648731195211186 -0.527207233786796
0.8678123105156139 -0.5164443015085721
0.8730630304439186 -0.5155828814759466
0.8625615905873092 -0.5173057215411977
0.9239892933625904 -0.2466241757580841
0.9201548375045845 -0.2367536809484246
0.9322862419900907 -0.2481826938374954
0.9278237492205965 -0.2564946705677436
0.9367487347595849 -0.2398707171072472
1.202886607476996 -0.3864572416439994
1.199485226870964 -0.3807087675526576
1.194708683173115 -0.3877363709249161
1.196083846264932 -0.3749602934613158
1.204261770568813 -0.3736811641803991
1.212439694872693 -0.3724020348994823
1.209038314266662 -0.3666535608081405
1.1926824656589 -0.369211819369974
1.187905921961052 -0.3762394227422325
0.9774380259058763 -0.1779690530251937
0.9862753405434408 -0.1749560691422999
0.9863596163746285 -0.1830544696037782
0.9952812068433808 -0.1881398861823626
0.9951126551810052 -0.1719430852594061
0.9864941634563036 0.4528873112752858
0.9872380398720663 0.4600979706935201
0.9900875397531795 0.4492646358921753
0.9857502870405409 0.4456766518570514
0.9850064106247782 0.4384659924388171
0.9936809160500555 0.4456419605090649
0.9944247924658182 0.4528526199272992
1.011268173349103 -0.1978292758030445
1.00291069898462 -0.1927891329456018
1.018813389659154 -0.1943801221048054
1.019625647713586 -0.2028694186604871
1.027983122078068 -0.2079095615179298
1.026358605969206 -0.1909309684065663
1.018001131604723 -0.1858908255491236
0.733696278398182 -0.1303300661949287
0.7270049103442198 -0.1407845422576199
0.7306513544465653 -0.118970866452117
0.7403876464521443 -0.1198755901322375
0.7209150624409862 -0.1180661427719965
0.8705467546442103 0.1299845405296424
0.8662691460429193 0.1199697937032613
0.8596569940084522 0.1250381232073265
0.8487672333726941 0.1200917058850107
0.8619915374416283 0.1099550468768802
1.174872397918501 0.4025103134618788
1.165794513639788 0.4037341983558316
1.178868384893996 0.4078641272256412
1.183950282197215 0.401286428567926
1.193028166475929 0.4000625436739731
1.182864371869492 0.4132179409894037
1.173786487590778 0.4144418258833564
1.043710907697706 -0.1443230341808595
1.036492299010381 -0.1363875969115745
1.051558157893715 -0.14512981217916
1.050929516385032 -0.1522584714501445
1.058148125072358 -0.1601939087194295
1.059405408089724 -0.1459365901774604
1.052186799402398 -0.1380011529081754
0.8064823516566442 -0.157530073293662
0.7982548123118351 -0.1519779032372413
0.7900272729670259 -0.1464257331808206
0.7991933715549067 -0.1390966991495097
0.8083594701427874 -0.1317676651181988
0.8310557994894978 -0.4616689860534544
0.8268790771874805 -0.465827530542596
0.8237361694464839 -0.4589250731918369
1.139568036328739 -0.4608603132671508
1.138878001154491 -0.4534552539445743
1.138187965980243 -0.4460501946219978
1.144474921471253 -0.447888087763413
1.150761876962264 -0.4497259809048283
1.150071841788016 -0.4423209215822518
1.137497930805995 -0.4386451352994212
1.057215592193639 0.5091857624146487
1.063085129728711 0.5132017117606551
1.057871818877189 0.5031769801630567
1.051346054658566 0.5051698130686423
1.045476517123493 0.5011538637226358
1.05852804556074 0.4971681979114646
1.064397583095813 0.5011841472574711
1.05009731619703 0.4829252466648647
1.043683433140296 0.4835187747339723
1.037269550083562 0.4841123028030799
1.039967912042909 0.4902592580550912
1.042666274002257 0.4964062133071026
1.036252390945522 0.4969997413762101
1.030855667026827 0.4847058308721875
0.9105087119639332 -0.4889265757760689
0.9153787420299997 -0.492402977110098
0.9202487720960659 -0.4958793784441271
0.9153203669413419 -0.4992272813723618
0.9103919617866179 -0.5025751843005966
0.7485805140842304 0.1866769144174525
0.7466670705044974 0.1957318717085912
0.7447536269247644 0.2047868289997299
0.753964748945657 0.2056861337275002
0.7631758709665496 0.2065854384552704
1.16562242300208 -0.408615125145723
1.168750081431891 -0.4143093538666087
1.162845346727319 -0.4145172968069841
1.160068270452558 -0.4204194684682454
1.171877739861702 -0.4200035825874944
1.04919203822088 0.4944133804015169
1.055717802439503 0.4924205474959313
1.052907559318267 0.487672897080398
1.221657979682761 -0.3579342447274256
1.217820550366721 -0.352925196898508
1.213378809254501 -0.3603653836983062
1.21398312105068 -0.3479161490695903
1.22226229147894 -0.3454850100987098
1.2305414619072 -0.3430538711278294
1.205703950622421 -0.3503472880404708
1.028771563338672 0.4959362343294547
1.026073201379324 0.4897892790774434
1.021290735731821 0.4948727272826992
1.013809908124971 0.4938092202359438
1.023374839419977 0.483642323825432
0.8379206607044877 0.1973328174763999
0.8450617551306943 0.1929793304258864
0.8522028495569007 0.1886258433753729
0.845787203921019 0.1815310585297924
0.8393715582851374 0.174436273684212
1.084521069997197 -0.001214649742973653
1.075457458879075 -0.006937318246725889
1.085404433669974 0.006569923318984438
1.09358468111532 0.004508018760778585
1.077224186224627 0.008631827877190291
0.9923301454152179 0.2818748536099348
0.9844229187180745 0.2791127814821648
0.9834839967037792 0.285836821428949
1.279387463160079 0.1578314760768101
1.272547680625807 0.1516119682656659
1.27907304642778 0.1669376544331872
1.286227245694351 0.1640509838879544
1.293067028228624 0.1702704916990987
1.27875862969548 0.1760438327895642
1.271918847161208 0.1698243249784199
1.067640584674169 -0.4339123682743373
1.064157034965933 -0.4263514930581527
1.07437900783339 -0.4343850182783143
1.071124134382405 -0.4414732434905219
1.077633881284376 -0.4272967930661066
1.007501313251537 -0.4417558120369459
1.00136642777265 -0.4467627220118445
1.007170446954039 -0.435097816248999
1.013636198730424 -0.4367489020620473
1.019771084209311 -0.4317419920871487
1.00683958065654 -0.4284398204610521
1.000704695177653 -0.4334467304359507
0.9878218507743346 -0.4382013546392288
0.9942632729759937 -0.4358240425375898
0.9945941392734925 -0.4424820383255367
0.7646291213490222 0.1977842319468202
0.7660823717314946 0.18898302543837
0.7573314429078626 0.1878299699279113
0.750033764466703 0.1778757079090023
0.7675356221139671 0.1801818189299198
1.143563879768448 0.01102108963995937
1.150692647688571 0.005905623377114343
1.15153821762154 0.01523894424769796
1.157821415608694 0.0007901571142693107
1.149847077755602 -0.003427697493469272
1.141872739902509 -0.007645552101207855
1.165795753461787 0.005008011722007893
0.8167677100316439 -0.14117741697839
0.8251759499205005 -0.1505871688385813
0.8158291507885724 -0.1540586210661217
0.8148905915455008 -0.1669398251538533
0.8335841898093571 -0.1599969206987726
1.054074071440244 -0.1232303584709603
1.062864957655176 -0.1166517392506532
1.053130435421321 -0.1306157556895678
1.045283185225313 -0.1298089776912674
1.06097768561733 -0.1314225336878683
1.093095383805813 0.1588464836346273
1.085663765641987 0.1568285322764609
1.086536134601868 0.1648840917033795
1.079976885397922 0.1709216997721318
1.078232147478161 0.1548105809182946
0.8850608847405559 -0.2525941626494514
0.8766364123638528 -0.2508316776771805
0.879885085565014 -0.2615744335502563
0.8682119399871495 -0.2490691927049095
0.8733877391626915 -0.2400889218041046
0.8785635383382335 -0.2311086509032996
0.8630361408116076 -0.2580494636057145
1.141446500906032 0.437268887133201
1.137926528281845 0.4428694590034746
1.147590590571759 0.4376986723732652
1.144966473530219 0.4316683152629274
1.150214707613299 0.4437290294836029
1.232176419055691 -0.08986059766961527
1.229645682242588 -0.09784270476197675
1.222254260268698 -0.09489483615448088
1.129166835155564 -0.1672766810515646
1.133623628950409 -0.1581664942912638
1.132525684951021 -0.1745651109753307
1.124710041360719 -0.1763868678118654
1.140341328541324 -0.1727433541387959
0.8323569922048929 0.1801264214211851
0.8330824409952178 0.1686781495250911
0.8253424261246484 0.1858165691581582
0.831631543414568 0.1915746933172791
0.8309060946242431 0.203022965213373
0.8183278600444039 0.1915067168951313
0.8190533088347287 0.1800584449990374
0.77923002808525 0.01439467980696868
0.7913432261201299 0.009479446376513174
0.7708982598485595 0.01124532470578559
0.7671168300503699 0.01930991323742419
0.75500363201549 0.0242251466678797
0.7625664916118691 0.008095969604602489
0.7746796896467492 0.003180736174146982
0.9394462001583006 0.2663406189805183
0.9414579682194952 0.2584139180222601
0.9346570280743143 0.2580956554332283
0.9298678559903281 0.2498506918859383
0.9434697362806898 0.250487217064002
0.8151879782408653 0.07070315324829241
0.8043030771160926 0.07299144928222485
0.7934181759913199 0.07527974531615729
0.7996766781360232 0.08384282840819965
0.8059351802807264 0.09240591150024201
0.7868274793262694 0.4234643540531362
0.7953393280681333 0.424916257164994
0.7831026154463662 0.4174207720386367
0.7783156305844054 0.4220124509412783
0.7878896003083269 0.4128290931359951
1.006013482725752 0.5048349831030311
1.000184393784332 0.5062565376078777
1.003198353536048 0.5003142229460462
0.9943553048429125 0.5076780921127243
0.997170434032616 0.5121988522697092
0.9999855632223194 0.5167196124266941
0.9941564742808997 0.5181411669315407
0.9885262159014928 0.5090996466175708
0.991540175653209 0.5031573319557394
0.792357562763633 -0.4467782055597111
0.7847350952053793 -0.4479999457562716
0.7943088965395537 -0.4406124875502805
0.7999800303218867 -0.4455564653631506
0.7886377627572208 -0.4356685097374104
0.6832007478985593 -0.09139213012612399
0.6921137590772959 -0.09843283303568906
0.7010267702560323 -0.1054735359452541
0.6930964132014314 -0.1112808317708886
0.6851660561468307 -0.1170881275965231
0.6940790673255672 -0.1241288305060882
0.7099397814347688 -0.1125142388548192
0.8319435063288345 0.1196843491983611
0.8315082780154092 0.1107186474247581
0.8417198530248017 0.1161943336154729
0.8310730497019838 0.1017529456511551
0.8212967030060166 0.1052429612340433
0.8115203563100495 0.1087329768169316
0.8110851279966241 0.09976727504332855
0.8306378213885585 0.09278724387755205
0.840849396397951 0.09826293006826683
1.256340059910758 -0.1634711160782939
1.249023729772607 -0.1673150784062045
1.25759252084925 -0.1718027363820415
1.241707399634457 -0.171159040734115
1.240454938695965 -0.1628274204303675
1.239202477757473 -0.1544958001266199
1.242959860572948 -0.1794906610378626
0.9998383412950939 0.4552084071590516
0.9962449649982179 0.458831082542162
0.992651588701342 0.4624537579252725
0.9980651375306177 0.4648095451570249
1.003478686359893 0.4671653323887773
0.9998853100630174 0.4707880077718877
0.989058212404466 0.4660764333083829
0.9341001950800005 -0.2302273528099642
0.9258032464525002 -0.2286688347305529
0.931451655400416 -0.2205839885126812
1.288370718338323 -0.09491272560893775
1.291853079764322 -0.08568830009072721
1.298025029277226 -0.09151099724478634
1.307679340216129 -0.08810926888063493
1.29533544119032 -0.07646387457251666
1.145803168947799 0.02937432915979706
1.140089676840873 0.03499878284397845
1.138695957594492 0.02597886419472437
1.134376184733948 0.04062323652815984
1.141483396087255 0.04401870149323252
1.148590607440561 0.04741416645830521
1.142877115333636 0.0530386201424866
1.128662692627024 0.04624769021234122
1.127268973380642 0.03722777156308715
0.9437753309195023 -0.5517456377389329
0.9468057145981896 -0.547461395743418
0.9406014806335263 -0.5475441321640442
0.949836098276877 -0.5431771537479033
0.9530099485628529 -0.5473786593227919
0.9561837988488289 -0.5515801648976806
0.9592141825275162 -0.5472959229021658
0.9528664819555643 -0.5388929117523884
0.946662247990901 -0.5389756481730146
1.043816201151171 -0.5285391880297574
1.044721553407105 -0.522601399143294
1.045626905663039 -0.5166636102568305
1.050925787371769 -0.5194918344707906
1.056224669080498 -0.5223200586847505
1.03648431773056 -0.4268894830434929
1.028688873775307 -0.4287680417549982
1.03893635552017 -0.4222644468982941
1.044279761685814 -0.4250109243319876
1.052075205641067 -0.4231323656204823
1.04138839330978 -0.4176394107530953
1.033592949354526 -0.4195179694646006
0.7050543483317847 -0.1296807344232654
0.7129847053863855 -0.1238734385976309
0.7160296293380022 -0.1352326383404427
0.8260983944660792 0.450828765169438
0.8212504354884311 0.4543052085335486
0.8197389556304332 0.4466017169628552
0.816402476510783 0.4577816518976591
0.8227619153464291 0.4620087001042419
0.829121354182075 0.4662357483108248
0.810043037675137 0.4535546036910764
1.245085621539991 -0.1498727033425045
1.250968765322509 -0.145249606558389
1.253654412616634 -0.1543603613183415
1.262223203693277 -0.1588480192941785
1.256851909105027 -0.1406265097742736
0.7609812759199582 0.2441380539392735
0.771051700972202 0.2445693714144891
0.7675021754332898 0.2350823752759806
0.7740230749466214 0.2260266966126878
0.7811221260244458 0.2450006888897047
0.7611228211800654 -0.354126314169555
0.7590008012844991 -0.3605328749223275
0.75135111550925 -0.3569200335283578
0.7415794098384347 -0.3597137528871606
0.7568787813889329 -0.3669394356751
1.062290380545099 -0.2991361915848997
1.069966557872041 -0.2940802314352985
1.062135041215582 -0.3062153970826741
1.054614203218157 -0.3041921517345008
1.069655879213006 -0.3082386424308474
0.8157115269766936 0.08891589591735376
0.8254878736726607 0.08542588033446551
0.820337925956763 0.07806451679137896
0.9358382550966435 -0.5351793630422738
0.9412502515437723 -0.5370775056076442
0.9382198678650849 -0.5413617476031589
1.244665081434905 -0.2617437794290765
1.250789916608026 -0.2581221319136705
1.253841757993249 -0.2638704927904665
1.263018434551592 -0.2659972061518564
1.256914751781147 -0.2545004843982646
1.2305414619072 0.3430538711278294
1.223866001055715 0.342731928902822
1.228307742167934 0.3352917421030239
1.217190540204229 0.3424099866778147
1.219424259943495 0.3501721157026202
1.221657979682761 0.3579342447274256
1.214982518831276 0.3576123025024184
1.210515079352744 0.3420880444528075
1.214956820464963 0.3346478576530093
1.075568250242188 0.4509506811035941
1.074293387744158 0.4427386585325356
1.072234818845136 0.4560379418441079
1.076843112740218 0.4591627036746526
1.067626524950053 0.4529131800135632
0.7590511290842792 0.170059548205336
0.7678020579079112 0.1712126037157947
0.7680684937018554 0.1622433885016697
1.174108634078117 -0.2455268877428195
1.176817905608787 -0.2352066456621207
1.178042160039225 -0.252078570214248
1.171399362547447 -0.2558471298235182
1.184684957531003 -0.2483100106049776
0.98345658093841 -0.5426674886809861
0.9771943744025084 -0.5435586724655028
0.9811746524211966 -0.5488238771235043
0.970932167866607 -0.5444498562500195
0.9732140963838203 -0.5382934678075013
0.9754960249010337 -0.5321370793649831
0.9692338183651321 -0.5330282631494998
0.9646699613307055 -0.5453410400345362
0.9686502393493936 -0.5506062446925377
0.8929962713068373 -0.5057415662708582
0.8860150510907532 -0.5056190154521172
0.8966026165639672 -0.5024512964350791
0.8999774915229215 -0.5058641170895992
0.9069587117390057 -0.5059866679083402
0.9002089618210971 -0.4991610265993001
0.8932277416050129 -0.499038475780559
0.8497026114527474 0.405646943320522
0.8427655953220377 0.402284514698955
0.8503035681529125 0.4131250852178163
0.856639627583457 0.409009371942089
0.8439675087223681 0.4172407984935437
1.052767426604675 0.1170272627518821
1.055118341126469 0.1247321776179095
1.061751481334542 0.1196579800844589
1.070735536064408 0.1222886974170357
1.057469255648264 0.132437092483937
0.8972409947280455 0.3701624743190045
0.8962524253719378 0.3769257569118329
0.903573989468874 0.3755823075588153
1.101356264298379 0.2313061862755595
1.104023490635243 0.2399541505367237
1.106954083963895 0.2247729634308421
1.098689037961516 0.2226582220143954
1.096021811624653 0.2140102577532313
1.11255190362941 0.2182397405861247
1.115219129966273 0.2268877048472888
1.263269857150667 -0.2366801453568095
1.272864769296453 -0.2406462142040973
1.256935904183825 -0.2393821151292667
1.253674945004882 -0.2327140765095218
1.260196863362768 -0.2460501537490115
1.023532533297402 -0.4266204963830407
1.017066781521016 -0.4249694105699924
1.010601029744631 -0.4233183247569441
1.014362478832721 -0.4181968290528361
1.018123927920812 -0.4130753333487279
1.194253528844328 -0.2364804407201444
1.189469243187665 -0.242395225662561
1.185535717226557 -0.2358435431911326
0.7376219385769296 -0.3651805078963506
0.7452716243521788 -0.3687933492903204
0.7529213101274279 -0.3724061906842901
0.7489638388659228 -0.3778729456934802
0.7450063676044177 -0.3833397007026702
1.137122493169995 -0.2702861932848591
1.128269757862889 -0.2733314170363366
1.138755898736305 -0.2615007838017986
1.1459752284771 -0.2672409695333817
1.13153656899551 -0.2557605980702156
0.8178441835248729 0.214042216436873
0.8176023452651073 0.2253099662077438
0.8243751390745579 0.208532590825123
0.8180860217846384 0.2027744666660022
0.8306642563644777 0.2142907149842439
1.217636478287839 0.2862599656031254
1.209485345881592 0.291045532300653
1.215017745390235 0.2956662769671669
1.212399012492631 0.3050725883312084
1.201334213475345 0.2958310989981805
1.135357853222206 -0.3181331818497943
1.130611077677673 -0.3119782808682656
1.141692347358655 -0.3169514532490766
1.140104628766739 -0.3242880828313232
1.14328006595057 -0.3096148236668301
0.8871548784637688 0.4417275294240447
0.8809549255243123 0.4430309539800871
0.8747549725848556 0.4443343785361293
0.8783979352012411 0.4501286134905355
0.8820408978176266 0.4559228484449417
0.8138910675427746 -0.1774342571329639
0.8232378666747028 -0.1739628049054235
0.8325846658066309 -0.1704913526778832
0.8315851418039047 -0.1809857846569938
0.8305856178011786 -0.1914802166361044
0.8399324169331067 -0.188008764408564
0.8419314649385591 -0.1670199004503428
1.104992554277179 0.2065464141625938
1.113257600279558 0.2086611555790406
1.113963296929706 0.1990825705719564
1.031899170764644 -0.3263387483749907
1.03105632849282 -0.3343027025197086
1.026909680450969 -0.3215607677798986
1.032742013036468 -0.3183747942302726
1.033584855308292 -0.3104108400855546
1.021920190137293 -0.3167827871848065
1.021077347865469 -0.3247467413295245
1.089476383708578 -0.2000163688628676
1.081995037602228 -0.2068638482658537
1.088959201760638 -0.1921714881080756
1.096957729814929 -0.1931688894598814
1.080960673706346 -0.1911740867562698
1.05555907513037 0.2018855735619453
1.065716012688965 0.2024790330587472
1.075872950247561 0.2030724925555491
1.074146072431443 0.1948429282711156
1.072419194615325 0.186613363986682
1.223286636549383 -0.05770815673365134
1.229957996935268 -0.05383920521167242
1.232624649380146 -0.0627972046792373
0.8479192313321775 -0.172635496926813
0.8489187553349038 -0.1621410649477024
0.853906997725796 -0.1782510934032832
0.8469197073294514 -0.1831299289059236
0.8608942881221406 -0.1733722579006427
0.7503905857533654 0.2723507498181582
0.7425323190804185 0.261860392676168
0.748532953479401 0.2814487273669756
0.7582488524263123 0.2828411069601483
0.7388170545324896 0.2800563477738029
0.7694585380928003 -0.4324055859904721
0.7758516129809405 -0.4334932272394516
0.771409871868721 -0.4262398679810415
0.7822446878690805 -0.434580868488431
0.7802933540931599 -0.4407465864978616
0.7783420203172393 -0.4469123045072921
0.7841960216450012 -0.4284151504790005
1.006494414106891 0.4627695232714383
1.008314586639291 0.4687479858863011
1.00951014185389 0.4583737141540993
1.004674241574492 0.4567910606565755
1.002854069042092 0.4508125980417126
1.012525869600888 0.4539779050367603
1.014346042133288 0.4599563676516232
0.9042958094853553 0.03387440523706967
0.9111755213761281 0.04368737017208583
0.9080108157862502 0.02342203363651378
0.8974160975945824 0.02406144030205349
0.918605533977918 0.02278262697097408
1.275916610681675 0.2463945750808932
1.268440119824085 0.2486242172816075
1.271722231405705 0.2401738866323544
1.260963628966494 0.2508538594823216
1.265158008242465 0.2570745479308605
1.269352387518435 0.2632952363793993
1.256769249690524 0.2446331710337829
1.098616657879779 -0.1264166290195505
1.099531743534692 -0.1160882623115465
1.106922254097086 -0.1185285621775135
1.115227850314393 -0.1106404953354764
1.100446829189606 -0.1057598956035425
1.124987900540903 0.2461539785356738
1.130382689431011 0.2401863989005988
1.131773006400716 0.2487862310782996
1.135777478321119 0.2342188192655238
1.128992372461306 0.231586566722898
1.122207266601494 0.2289543141802722
1.142562584180932 0.2368510718081495
0.7841725350235496 0.2295966694490164
0.7877220605624617 0.2390836655875249
0.7943219951004779 0.2331666422853451
0.8044714551774061 0.2367366151216737
0.7912715861013739 0.2485706617260333
1.31483394385317 -0.08457916155819861
1.308661994340265 -0.07875646440413948
1.30249004482736 -0.07293376725008036
1.3096446484644 -0.06940365992764404
1.31679925210144 -0.06587355260520772
1.310627302588536 -0.06005085545114859
1.296318095314456 -0.06711107009602121
1.153628690573226 0.04124506956009883
1.15866677370589 0.03507597266189245
1.152234971326844 0.03222515091084475
1.150841252080463 0.02320523226159068
1.163704856838554 0.02890687576368606
0.9147391163014083 -0.5379961682510157
0.9110127188419339 -0.5434202385432398
0.9126127791001659 -0.5326212897093408
0.9184655137608826 -0.5325720979587916
0.9221919112203569 -0.5271480276665674
0.9104864418989237 -0.5272464111676658
0.9067600444394495 -0.5326704814598899
0.8069718335240716 -0.4847292211173596
0.8129606651254734 -0.4841059185352651
0.8189494967268751 -0.4834826159531705
0.818042562428692 -0.4894533969417498
0.8171356281305089 -0.4954241779303292
0.9090707961541812 -0.08848005957409816
0.9152076755888927 -0.09383980366754871
0.9063272613368981 -0.09863901020893578
0.9035837265196149 -0.1087979608437734
0.9213445550236042 -0.09919954776099926
1.054340177742938 -0.4179083974135475
1.048996771577294 -0.415161919979854
1.04365336541165 -0.4124154425461605
1.045918337513521 -0.4071914743392258
1.048183309615392 -0.401967506132291
0.9436503487046515 0.4640804582614244
0.9487599286668378 0.456319469579782
0.9366253620091223 0.4641785460766145
0.9385407687424652 0.4718414469430667
0.9347099552757794 0.4565156452101623
0.9471174892348886 0.1716527117001972
0.9529244272824429 0.1790082852241625
0.9592183603576347 0.1712473130926608
0.971319231480381 0.1708419144851243
0.9587313653299971 0.1863638587481278
1.118001421525971 0.2919816352580877
1.12198170161335 0.2857970190508722
1.116524899430555 0.2841964939900226
1.115048377335139 0.2764113527219575
1.12596198170073 0.2796124028436568
0.8297351120731682 0.492925988542353
0.8276312849215818 0.499634092656177
0.8351488715610226 0.491788424861716
0.8318389392247546 0.4862178844285291
0.833942766376341 0.4795097803147051
0.840562631048877 0.4906508611810791
0.8384588038972905 0.4973589652949031
1.243610891126006 -0.1968312663658902
1.242317005314667 -0.1871449299467112
1.250284366005876 -0.2006415729468282
1.244904776937345 -0.2065176027850692
1.255663955074408 -0.1947655431085871
1.302162339537688 -0.1582728097614056
1.297232835760493 -0.1516937047378212
1.295291723718 -0.1608047161302816
1.292303331983299 -0.1451145997142368
1.299173947802986 -0.1425826933453608
1.306044563622674 -0.1400507869764848
1.285432716163612 -0.1476465060831128
0.9945098884004882 0.4012796842638707
1.000997341590989 0.3995458827482913
0.9901575670423854 0.3971371270886883
0.9880224352099871 0.4030134857794501
0.9922926988747838 0.3912607683979264
0.9418157178475445 -0.3944088766924318
0.9453096796868832 -0.4004427438060337
0.9488036415262218 -0.4064766109196357
0.9430370386684674 -0.4076184614857784
0.9372704358107131 -0.4087603120519211
0.9407643976500517 -0.4147941791655231
0.9522976033655604 -0.4125104780332377
0.9730440642549814 0.181679538113456
0.9667501311797894 0.1894405102449577
0.9747688970295817 0.1925171617417877
0.976493729804182 0.2033547853701194
0.9604561981045974 0.1972014823764595
0.9330435244648707 -0.3694346152558175
0.927046900251713 -0.3636405580759177
0.9399885627032541 -0.3690182430386473
0.9390401486780282 -0.3752286724357173
0.9450367728911859 -0.3810227296156172
0.9469336009416376 -0.3686018708214772
0.9409369767284801 -0.3628078136415773
1.205852845902962 0.3466232112938555
1.203619126163695 0.33886108226905
1.201190612453179 0.3511583781349035
1.208086565642227 0.3543853403186609
1.194294659264131 0.347931415951146
0.9382848499371113 0.4133886861881701
0.9397734439742923 0.4202018499155866
0.9333286862194213 0.4167192993399668
0.9412620380114733 0.4270150136430032
0.9462182017291633 0.4236844004912066
0.9511743654468532 0.42035378733941
0.9363058742937834 0.4303456267947998
1.161475365278002 -0.1623965536771503
1.162602413318994 -0.1705006673297734
1.168527475632735 -0.1646222572013028
1.163729461359987 -0.1786047809823965
1.156677351005254 -0.1763790774582439
1.149625240650521 -0.1741533739340914
1.170781571714719 -0.180830484506549
1.201490900820939 -0.3100516043719165
1.195541586401091 -0.3064217969436341
1.189592271981242 -0.3027919895153517
1.194901900509938 -0.2978400532297308
1.200211529038635 -0.2928881169441099
0.9815106712397232 -0.5326383770752299
0.9775303932210351 -0.5273731724172284
0.9875253175784129 -0.5331396747854765
0.9854909492584114 -0.5379035817332313
0.9894712272770996 -0.5431687863912327
0.9935399639171025 -0.5336409724957232
0.9895596858984144 -0.5283757678377218
1.031349760650607 0.5340540675370454
1.026689339457425 0.5310695330381138
1.022028918264243 0.5280849985391821
1.020427132921523 0.5334748478728983
1.018825347578803 0.5388646972066146
1.014164926385621 0.5358801627076829
1.017368497071061 0.5251004640402505
0.9708082170362959 0.09196538922476935
0.9684050904181079 0.1003754356313458
0.9618180754785648 0.09181213775709475
0.9660019637999198 0.1087854820379223
0.9749921053576509 0.1089387335055969
0.9839822469153818 0.1090919849732715
0.9570118222421888 0.1086322305702477
0.8382852833991628 0.5139540090404096
0.8383431235652054 0.5084223277919073
0.8436990428870171 0.5128164453597726
0.838400963731248 0.5028906465434052
0.8329872042433936 0.5040282102240422
0.8275734447555392 0.5051657739046791
0.8438147232191023 0.5017530828627682
0.7450063676044177 0.3833397007026702
0.7488070713421728 0.3749837265706009
0.7526077750799279 0.3666277524385315
0.7451148568284288 0.3659041301674411
0.7376219385769296 0.3651805078963506
0.7414226423146848 0.3568245337642812
0.756408478817683 0.3582717783064621
1.187965712212857 0.253969667054284
1.193797796971335 0.2504764149454274
1.188638983561172 0.2442558978946357
1.189312254909486 0.2345421287349874
1.199629881729813 0.2469831628365708
0.8881875022154906 0.4535884090278998
0.8943341066133546 0.451253969610858
0.8907444925385617 0.4464907495174514
0.8933014828616328 0.4393930900070029
0.9004807110112185 0.4489195301938161
0.9862264928516937 0.1002306406539053
0.9884707387880056 0.09136929633453902
0.9796394779121507 0.09166734277965419
0.9730524629726077 0.0831040449054031
0.9907149847243174 0.0825079520151728
1.064100171417786 0.134748025352434
1.057467031209713 0.1398222228858847
1.070731087187308 0.1370589582209311
1.070733311625858 0.1296738278189834
1.070728862748758 0.1444440886228789
0.8860404854223247 -0.4913993262619509
0.8860532025881105 -0.4842894816668677
0.8896341135136688 -0.495218901021255
0.886027768256539 -0.4985091708570341
0.8932404587707987 -0.4919286311854759
0.9726171144903822 -0.455517124353043
0.9736499221221573 -0.462401003709348
0.9675276660119216 -0.4540846275826109
0.9715843068586072 -0.448633244996738
0.9634710251652362 -0.4595360101684839
1.066117248183329 -0.1545215323642239
1.066745889692012 -0.1473928730932393
1.0740863712943 -0.1488491560090183
1.08205549440527 -0.1431767796538126
1.067374531200695 -0.1402642138222548
0.9257781298447343 -0.4259218463481262
0.91890107923707 -0.4223185758543909
0.9311437016964768 -0.4237943309738845
0.9326551804523986 -0.4295251168418615
0.9395322310600629 -0.4331283873355968
0.9365092735482192 -0.4216668155996427
0.9296322229405549 -0.4180635451059075
0.7699292411168763 -0.3283987701214645
0.7648270501184985 -0.3222249276201414
0.7719441264856834 -0.3180453486862724
1.199295721958079 0.2351052533355867
1.204454535368242 0.2413257703863784
1.209279189006671 0.235668377936186
1.117056042665539 0.3391260980360777
1.121999231145196 0.3444756927738124
1.114222363141761 0.3452977748305632
1.126942419624853 0.3498252875115472
1.129776099148631 0.3436536107170616
1.132609778672409 0.3374819339225761
1.124108740101074 0.3559969643060327
0.9371302591438424 -0.3429350067930294
0.9383991650053882 -0.3495592757425454
0.9396680708669342 -0.3561835446920614
0.9327230326285506 -0.3565999169092315
0.9257779943901671 -0.3570162891264017
1.195264153075964 -0.3311681282014499
1.195198136724536 -0.3378443512328833
1.188463735791264 -0.3370266852856467
1.181663318506564 -0.3428852423698434
1.195132120373108 -0.3445205742643166
1.206093494800084 -0.296901547624016
1.211975460561534 -0.3009149783039222
1.206733180691236 -0.3054832913379193
0.796053641988825 0.4128723124123272
0.7997785058687283 0.4189158944268267
0.8042176836693231 0.4129155316886594
0.7893293872386202 -0.2896877064094484
0.7814842161483355 -0.2965155547847518
0.7897375151652801 -0.2826909128769891
0.7971745583289048 -0.282859858034145
0.8050197294191894 -0.2760320096588416
0.79014564309194 -0.2756941193445297
0.7823004720016553 -0.2825219677198331
0.8615680557926847 0.3598833904075022
0.8698174935899737 0.3572189614311963
0.8780669313872628 0.3545545324548904
0.8724867312284899 0.3484652774471095
0.8669065310697168 0.3423760224393287
0.8751559688670059 0.3397115934630228
0.8863163691845518 0.3518901034785845
0.8403353645292468 0.346635690836125
0.8374318995959705 0.3547764210563164
0.8345284346626942 0.3629171512765078
0.8436197174709446 0.3621102155748044
0.8527110002791947 0.361303279873101
0.8498075353459185 0.3694440100932924
0.831624969729418 0.3710578814966992
0.8376196281757375 0.475753889590074
0.8409295605120055 0.481324430023261
0.8442394928482735 0.486894970456448
0.84791635464767 0.4831390797318169
0.8515932164470665 0.4793831890071857
0.8549031487833345 0.4849537294403727
0.8475494251845415 0.492465510889635
0.8735505824237072 -0.4009233433128412
0.8794634230149643 -0.4001948997581999
0.8853762636062212 -0.3994664562035586
0.8840986410274347 -0.4061644759112572
0.8828210184486484 -0.4128624956189557
1.319753291597031 -0.00943359613004404
1.313969504150692 -0.004914961661869926
1.313969504150692 -0.01434855779191397
1.308185716704354 -0.0003963271936958113
1.313969504150692 0.004518634468174115
1.319753291597031 0.00943359613004404
1.302401929258016 -0.005311288855565738
1.054305865531894 -0.4046236701030579
1.051227431468121 -0.3966532244624297
1.060428421448396 -0.4072798340738248
1.057384299595667 -0.4125941157436862
1.06046273365944 -0.4205645613843144
1.066550977364898 -0.4099359980445917
1.063472543301125 -0.4019655524039634
1.080752933728908 0.5078762621941694
1.075301150184543 0.5056455572152699
1.069849366640178 0.5034148522363705
1.069193139956627 0.5094236344879626
1.068536913273077 0.5154324167395545
1.024107409001737 0.3889453643505022
1.020163487502465 0.3945830065817252
1.017181427446907 0.3867755132298047
1.016219566003193 0.4002206488129482
1.023145547558023 0.4023904999336457
1.030071529112853 0.4045603510543431
1.026127607613581 0.4101979932855662
1.012275644503922 0.4058582910441713
1.009293584448364 0.3980507976922508
0.8048595723064227 0.2476382376300366
0.7982596377684066 0.2535552609322165
0.8052476894354392 0.2585398601383996
0.7179495043965223 0.3056848054418279
0.7219890405269773 0.2988750560139821
0.7260285766574324 0.2920653065861363
0.7191372671867946 0.2881665384218063
0.7122459577161568 0.2842677702574763
0.7162854938466119 0.2774580208296304
0.7300681127878874 0.2852555571582904
0.9034241712704848 0.2524220209619742
0.9097291798259669 0.248068588582578
0.9026964523622687 0.2422513154888534
0.9019687334540527 0.2320806100157326
0.916034188381449 0.2437151562031819
1.152191453168804 -0.1609865338818548
1.146266390855064 -0.1668649440103254
1.142907541059607 -0.1595765140865593
0.9984421175132764 0.4972712430646429
1.004271206454696 0.4958496885597963
0.9936858814905045 0.4942282631832396
0.9926130285718567 0.4986927975694895
0.9867839396304371 0.5001143520743361
0.9889296454677328 0.4911852833018363
0.9947587344091524 0.4897637287969897
0.9070170868276635 -0.4991623636460764
0.9036422118687091 -0.4957495429915563
0.9070754619163213 -0.4923380593838126
0.907133837004979 -0.4855137551215488
0.9002673369097548 -0.4923367223370362
0.8148407563139956 0.1190492508665424
0.804629181304603 0.1135735646758276
0.8181611563179416 0.1293655249161531
0.8250523313233881 0.1245249370572571
0.8352639063327806 0.1300006232479719
0.8214815563218878 0.1396817989657639
0.8112699813124953 0.1342061127750491
0.7971133925230045 0.4730777229745816
0.7979396781421635 0.4674900490606597
0.7987659637613225 0.4619023751467377
0.7931631344443149 0.4611860293243665
0.7875603051273072 0.4604696835019953
0.7883865907464662 0.4548820095880733
0.7995922493804813 0.4563147012328157
1.075658648821906 -0.1343350995194262
1.068318167219618 -0.1328788166036472
1.069261803238541 -0.1254934193850397
0.9597914043392828 0.5205028090398084
0.9547796259457576 0.5170571775132432
0.953745484489709 0.5225301989109639
0.9476995646401352 0.5245575887821193
0.9497678475522324 0.5136115459866779
0.7250344355912141 0.272258811445143
0.7319257450618518 0.276157579609473
0.7337833773358162 0.2670596020606555
1.13753551400296 -0.3030357565301514
1.131201019866512 -0.304217485130869
1.13179096205535 -0.2964566893934725
1.126046410107741 -0.2898776222567937
1.124866525730063 -0.3053992137315867
0.8952166703121958 -0.543905245075768
0.899064461687947 -0.5401603238704753
0.9029122530636982 -0.5364154026651826
0.9050385902649405 -0.5417902812068576
0.9071649274661827 -0.5471651597485325
0.9019322732624463 -0.3414737352991629
0.9048881321244826 -0.3489482098466197
0.9112342854272206 -0.3416335066507176
0.9078439909865188 -0.3564226843940764
0.8985419788217446 -0.3562629130425218
0.8892399666569702 -0.3561031416909671
0.9171460031512931 -0.3565824557456311
1.054082974198868 0.4641575153621377
1.056703038263514 0.4596114347147204
1.051733047038673 0.4566763480279468
1.049383119878479 0.4491951806937558
1.05932310232816 0.4550653540673032
1.04337523825628 0.1789986971761106
1.036629944301333 0.1838395185009153
1.029884650346386 0.1886803398257201
1.037881203345204 0.1940138455587375
1.045877756344022 0.1993473512917548
1.039132462389074 0.2041881726165596
1.023139356391439 0.1935211611505249
0.8365327076545943 0.3767932703975136
0.8274414248463441 0.3776002060992171
0.8414404455797704 0.3825286592983282
0.8456239904628444 0.3759863346958103
0.8372569006966963 0.389070983900846
1.049605438614676 0.0002046340194202826
1.051034767613838 0.009325552723950322
1.041534063852929 0.003921630417374289
1.052464096613001 0.01844647142848036
1.060535471374747 0.01472947503052635
1.068606846136494 0.01101247863257235
1.044392721851254 0.02216346782643437
0.693955436377326 -0.1919089785740282
0.7022893585084353 -0.1959452524376254
0.7106232806395445 -0.1999815263012226
0.7042304705509284 -0.2079521319605266
0.6978376604623121 -0.2159227376198307
0.7061715825934214 -0.2199590114834279
0.7189572027706538 -0.2040178001648197
0.838706184939733 0.2296748139246517
0.8346852206521054 0.2219827644544478
0.8281542651024203 0.2274923900661978
0.9442623169089871 0.4515538217691881
0.9397647051511364 0.4467881739585943
0.937237330213458 0.4516519095843783
0.9302123435179288 0.4517499973995684
0.9352670933932858 0.4420225261480004
0.9314630867269234 0.551070059890898
0.9289362842127984 0.5465577562530087
0.935044294440714 0.5473160705216698
0.9264094816986733 0.5420454526151196
0.9228282739848825 0.5457994419843477
0.9192470662710919 0.5495534313535758
0.9167202637569669 0.5450411277156867
0.9238826791845483 0.5375331489772304
0.9299906894124641 0.5382914632458915
0.9228221355281307 -0.349541814578945
0.9198662766660946 -0.3420673400314882
0.9284982679049685 -0.3425011734122588
0.9341744002818061 -0.3354605322455727
0.9169104178040582 -0.3345928654840314
0.7674997155538573 -0.2839293416579583
0.7605074652566182 -0.2776362350945615
0.7749000937777564 -0.2832256546888957
0.7744919658510965 -0.2902224482213551
0.7753082217044163 -0.2762288611564363
1.297817374527403 0.1763140441127768
1.290663175260831 0.1792007146580095
1.28350897599426 0.1820873852032422
1.288259322293039 0.1881309376169203
1.293009668591818 0.1941744900305983
1.256949665590969 -0.17945700529089
1.256306810332688 -0.1871112741997386
1.249633335452818 -0.1833009676188006
0.7926509377109624 0.1346739261546583
0.8019604595117288 0.1344400194648537
0.7986400595077827 0.124123745415243
0.9962366203740556 0.3856231261667034
1.000588941732158 0.3897656833418858
1.004941263090261 0.3939082405170683
1.008885184589533 0.3882705982858453
1.012829106088804 0.3826329560546222
1.119081254331815 -0.2941980291937446
1.118491312142976 -0.3019588249311411
1.11211609855589 -0.2985184361306955
0.7852113833680737 -0.01514525024236878
0.7799455365074114 -0.005982257034110901
0.7882773047441018 -0.002832901932927806
0.8800791428309717 0.5035680429742998
0.8775529309472829 0.4977942852640949
0.8736650210513595 0.5020041114530841
0.8672508992717471 0.5004401799318684
0.8750267190635941 0.4920205275538899
1.080678003137105 -0.4219825113962453
1.073939579977883 -0.4215098613922683
1.067201156818662 -0.4210372113882914
1.070245278671391 -0.41572292971843
1.07328940052412 -0.4104086480485686
0.8881349405954496 0.3441970048529874
0.8899535120063474 0.3365039062273905
0.8825547404366767 0.3381077498452066
0.9177641464245785 -0.5227231908282779
0.9119114117638619 -0.5227723825788272
0.9133363816288002 -0.5182983539899886
1.010267041992547 0.5312281414694645
1.011868827335266 0.5258382921357483
1.006369157599472 0.5265761202312461
1.002471273206397 0.5219240989930277
1.013470612677986 0.5204484428020321
1.072716971310951 -0.4688812231445331
1.076604328100191 -0.4740873815743032
1.070193775193007 -0.476433943940382
0.917781812171462 0.2366157707811886
0.9248145396351602 0.2424330438749132
0.9195294359614752 0.2295163853591953
0.9107490847077639 0.230798497687464
0.9283097872151864 0.2282342730309266
1.19702296064674 -0.3629236422601396
1.18884503634286 -0.3642027715410564
1.20136345563458 -0.3566354651503052
1.205200884950621 -0.3616445129792228
1.19752602631854 -0.3516264173213876
0.8855023011997083 0.4732827847756187
0.879341587860796 0.4692180563077678
0.8853599815659488 0.4794803331279964
0.8916630145386206 0.4773475132434697
0.8790569485932771 0.4816131530125231
1.109904723679929 0.3603856776264406
1.117006731890501 0.3581913209662366
1.112063543410845 0.3528417262285019
0.8245850329609683 0.3951469916134278
0.8231568370182804 0.4039203843705332
0.8309209668288323 0.392108987757137
0.8260132289036561 0.3863735988563224
0.8358287047540085 0.3978443766579515
0.8209035950781394 -0.1939567434317692
0.8292508702073413 -0.2009797231833395
0.8112215723551003 -0.1964332702274341
0.8125563199489374 -0.186933763680199
0.8098868247612632 -0.2059327767746691
0.993718429478549 -0.5462670230145905
0.9957527977985505 -0.5415031160668357
0.997787166118552 -0.5367392091190808
1.002034368320001 -0.5398374457424386
1.006281570521451 -0.5429356823657963
0.8339554626277876 0.4623823568493814
0.8354669424857855 0.4700858484200748
0.8387895710735003 0.4585289653879381
0.8324439827697898 0.4546788652786881
0.8451351593772107 0.4623790654971881
0.8876992942732365 -0.234815967862997
0.8968350502082394 -0.2385232848226944
0.8909479674743976 -0.2455587237360728
0.8492381230377367 -0.5218005924336049
0.8536792788875942 -0.5203023021361358
0.8581204347374517 -0.5188040118386668
0.8592761992043564 -0.5237547679614659
0.860431963671261 -0.5287055240842651
0.9860113879088271 0.07521518805984967
0.994842648784682 0.07491714161473452
0.9813077910933369 0.06792242410452656
0.9771801270329723 0.07551323450496483
0.9683488661571175 0.07581128095008
0.9766041942778466 0.06062966014920344
0.9854354551537015 0.06033161370408828
1.110982713258705 -0.2606679025212501
1.102339190956612 -0.2543361452637067
1.121259641127107 -0.2582142502957328
1.119626235560797 -0.2669996597787933
1.122893046693417 -0.2494288408126722
1.23203312763032 0.1595953189487963
1.228242773288496 0.1676168400757989
1.23920623127149 0.1576806721102614
1.235823481972145 0.1515737978217938
1.239613836313969 0.1435522766947912
1.246379334912659 0.1557660252717265
1.242588980570834 0.1637875463987291
0.7455728151012162 0.02106343374188731
0.7493542448994058 0.0129988452102487
0.7531356746975953 0.0049342566786101
0.7437048577833216 0.001772543752617711
0.7342740408690479 -0.001389169173374677
0.7979542133332159 -0.4147412629302248
0.7929344372826062 -0.4189288232455869
0.7902600019814614 -0.4125424150785561
0.7825657906297068 -0.4103435672268874
0.7879146612319965 -0.423116383560949
0.8770345071815171 -0.412738160069303
0.871247995914386 -0.4126138245196503
0.8723992891690466 -0.4067685839162458
0.8677640711565759 -0.4007990077631886
0.8654614846472548 -0.4124894889699977
0.9275349671441739 0.02245876875147856
0.9238199608432791 0.03291114035203444
0.9201049545423841 0.04336351195259032
0.9290343877086401 0.0430396537330948
0.9379638208748962 0.04271579551359929
0.9342488145740011 0.05316816711415517
0.9163899482414892 0.0538158835531462
0.9503912554143021 0.4141695833327043
0.9568360131691731 0.4176521339083242
0.949608145381751 0.4079853793259987
0.9439464976594312 0.4106870327570844
0.9552697931040708 0.405283725894913
0.8553802379177108 0.3525495958890142
0.8580494755562269 0.3437959119049275
0.8491924200427368 0.3452158013705263
0.8430046021677629 0.3378820068520383
0.8607187131947429 0.3350422279208407
1.033124929934951 0.398759272725932
1.036106989990508 0.4065667660778525
1.036178330757048 0.3929581943975209
1.030142869879392 0.3909517793740115
1.027160809823835 0.3831442860220911
1.039231731579146 0.3871571160691097
1.042213791634704 0.3949646094210302
0.9525666503897456 0.05289294410818603
0.9578273889788697 0.06053238972215069
0.9484389863293812 0.06048375450862431
0.9630881275679936 0.06817183533611534
0.9672157916283581 0.06058102493567706
0.9713434556887227 0.05299021453523879
0.958960463507629 0.07576264573655361
1.215520381406407 -0.1504069209134842
1.208313737780064 -0.155019128142909
1.207613719758325 -0.1461934924467608
1.199707058110244 -0.1419800639800374
1.201107094153721 -0.1596313353723338
0.9165597574240629 0.3227839907943065
0.9115876840691433 0.3277054899940371
0.9190324397964507 0.3331255152038275
1.067723482463718 0.003227905570614258
1.066840118790942 -0.004556667491343832
1.058222778702809 -0.002176016735961774
1.062737875828977 0.1840751417164915
1.071167935571455 0.1764390369288599
1.053056557042629 0.1815369194463011
1.054307816086499 0.1917112465041232
1.051805297998758 0.171362592388479
0.9052015022584063 0.5162490864881839
0.9103872997649958 0.5198505705561121
0.9058261355027716 0.5107879885668629
0.9000157047518169 0.5126476024202558
0.9116365662537262 0.5089283747134701
1.024807964094905 0.01750714928682939
1.016444914215893 0.02429990872155694
1.034600342973079 0.01983530855663188
1.033171013973917 0.01071438985210184
1.036029671972241 0.02895622726116192
1.078812385468348 -0.4104628846419016
1.084335370412576 -0.4105171212352346
1.082506686774841 -0.4162498163157399
1.086200988081333 -0.4220367479895782
1.089858355356804 -0.4105713578285676
1.159647241535054 -0.07197009331583269
1.151540610560218 -0.07566454097656193
1.151366103380311 -0.06764592247390902
1.143084965225569 -0.06332175163198535
1.143433979585382 -0.07935898863729118
1.095870242563823 -0.432233804865242
1.090893331186243 -0.4262447999121554
1.102391269306467 -0.4307091617073138
1.100847153941403 -0.4382228098183285
1.105824065318983 -0.444211814771415
1.108912296049112 -0.4291845185493856
1.103935384671531 -0.423195513596299
0.9385751896695853 -0.3279395066853106
0.9299431984307114 -0.3275056733045401
0.9213112071918375 -0.3270718399237694
0.9257119965796166 -0.3195508143635074
0.9301127859673958 -0.3120297888032453
0.9214807947285218 -0.3115959554224748
0.9126792159529635 -0.3266380065429988
0.8688896394048838 0.4783067216879435
0.8636636651769278 0.4828510543780314
0.8739732939990805 0.4799599373502333
0.8741156136328398 0.4737623889978557
0.873830974365321 0.4861574857026109
0.8267869640642929 -0.2096976647139797
0.8243230579212444 -0.2184156062446199
0.8171049413412537 -0.2121741915096445
1.023320354312345 0.04609178309276828
1.03095197058037 0.04999314221408577
1.038583586848395 0.05389450133540326
1.03845253609306 0.04505734336015114
1.038321485337725 0.03622018538489903
0.9001069588660229 -0.4851056639699884
0.8966737088184107 -0.4885171475777321
0.8930800807270667 -0.4846975728184281
0.7979541492424989 -0.2679936388430076
0.790517106078874 -0.2678246936858517
0.7908885690658083 -0.2599552680271737
0.7838229888891177 -0.2519168972113398
0.7830800629152493 -0.2676557485286957
1.161714716600838 -0.43806802095453
1.161165901218078 -0.4321851701257685
1.155809981896266 -0.4382759638949055
1.160617085835318 -0.426302319297007
1.16652182053989 -0.4260943763566314
1.172426555244461 -0.425886433416256
1.154712351130747 -0.4265102622373825
1.007085283479472 0.3784969500573401
1.015381526336847 0.3770018650012995
1.00134146087014 0.3743609440600578
0.9987890406220976 0.3799920351133806
1.003893881118182 0.3687298530067351
1.269352387518435 -0.2632952363793993
1.266300546133213 -0.2575468755026034
1.26324870474799 -0.2517985146258074
1.269582657714833 -0.2490965448533503
1.275916610681675 -0.2463945750808932
1.150761876962264 0.4497259809048283
1.144617787296537 0.4492961956647642
1.13847369763081 0.4488664104247
1.139020866979774 0.4548633618459254
1.139568036328739 0.4608603132671508
1.133423946663012 0.4604305280270867
1.132329607965083 0.4484366251846359
1.193205441029531 -0.1654722641885313
1.185730817924594 -0.1705916709612039
1.194332489070523 -0.1735763778411545
1.178256194819657 -0.1757110777338765
1.177129146778664 -0.1676069640812534
1.176002098737671 -0.1595028504286303
1.179383242860649 -0.1838151913864995
0.9395914575553377 0.5364171885318103
0.9418650391126496 0.5309677475368806
0.9347910734839009 0.5373543258888509
0.9373178759980259 0.54186662952674
0.9322642709697759 0.5328420222509618
0.9521685799135219 -0.09251338205762932
0.9527697942812436 -0.1028174095563478
0.9446536382449736 -0.08970769261205078
0.9515673655458001 -0.08220935455891086
0.9377399109441471 -0.09720603066519071
0.7096634129971815 0.04035860490802176
0.7199856070686668 0.04817551616613325
0.7081135353769383 0.03098714391431002
0.6993412189256962 0.03254169364991028
0.7168858518281807 0.02943259417870975
1.044697310382785 -0.0309879000838696
1.036051825946334 -0.02855851459075182
1.040284623727629 -0.02158190098725906
0.8751336659814015 0.2801387789614219
0.8813461013800862 0.2856974054882894
0.8847755496615688 0.2775941144214008
1.178289571707057 -0.3895033107985751
1.183097746834054 -0.3828713667704038
1.186499127440086 -0.3886198408617456
1.057686542500372 0.4470430066400157
1.062656533725213 0.4499780933267895
1.065989965122265 0.4448908325862757
0.9336470139038278 -0.4040330321010867
0.9313743728854121 -0.4112087497808313
0.9300235919969424 -0.3993057521502522
0.9359196549222435 -0.396857314421342
0.9241275290716414 -0.4017541898791624
0.8494405307571147 0.4737151478371865
0.8472878450671627 0.4680471066671874
0.8424537366214501 0.4719004981286307
0.8196912184752181 0.1697518935211997
0.8267057845554625 0.1640617457842266
0.8203291281157072 0.1594453420433621
0.8209670377561966 0.1491387905655244
0.833720350635707 0.1583715980472535
1.116609446935978 0.2354875370249896
1.111011627270463 0.2420207598697071
1.117999763905683 0.2440873692026904
1.119390080875388 0.2526872013803912
1.105413807604947 0.2485539827144245
1.062356297291405 0.3372034664986445
1.069039999651614 0.3394189566063315
1.061571944706489 0.3440122890422518
1.075723702011824 0.3416344467140184
1.076508054596739 0.3348256241704112
1.077292407181655 0.3280168016268039
1.074939349426908 0.3484432692576258
0.8647008501288707 -0.2776884634985051
0.8638684954702391 -0.2678689635521098
0.8722929678469423 -0.2696314485243807
1.222130928020036 -0.02068742598118162
1.229827543359332 -0.0204403413561502
1.228640392085215 -0.02738000718648681
1.005485232958114 0.5159817843311962
1.010984902693908 0.5152439562356984
1.00849919270983 0.5100394696693648
1.191805404986053 -0.1478209927962351
1.192505423007792 -0.1566466284923832
1.183903751861862 -0.1536619216124326
1.057975205563093 0.3499341769459877
1.054727457631637 0.3556953838728705
1.051640494414824 0.3475580058614476
1.05147970970018 0.3614565907997532
1.05781442084845 0.3638327618842934
1.064149131996719 0.3662089329688334
1.060901384065263 0.3719701398957162
1.048231961768724 0.367217797726636
1.045144998551911 0.3590804197152132
1.023280268398717 -0.4152228787206855
1.028436608876621 -0.417370424092643
1.025984571087012 -0.4219954602378418
1.018736727581377 0.03156386684529405
1.008944348703203 0.02923570757549156
1.021028540946861 0.03882782496903116
1.028529106459551 0.03389202611509654
1.01352797543417 0.04376362382296579
1.183297853337535 -0.02221179779341795
1.182486228263929 -0.01292643552463638
1.191236310072342 -0.01646005423965406
1.199174766807148 -0.01070831068589017
1.181674603190323 -0.003641073255854817
1.165806451227426 0.4145022625421557
1.161810464251931 0.4091484487783933
1.157826414864074 0.414562699200955
0.8370306181543389 0.4128006604525402
0.8364296614541736 0.4053225185552458
0.8300937275863096 0.4083605224115368
0.9343022496377438 0.5172051736486585
0.9336229234150878 0.5224174565160928
0.9295018655663069 0.5181423110056991
0.9329435971924318 0.5276297393835273
0.9377439812638687 0.5266926020264867
0.9425443653353056 0.5257554646694461
0.928143213120995 0.5285668767405678
1.029022540237939 0.3456709500524255
1.034396693009263 0.3501407732733547
1.025774792306483 0.3514321569793083
1.039770845780587 0.3546105964942839
1.043018593712044 0.3488493895674012
1.0462663416435 0.3430881826405184
1.036523097849131 0.3603718034211667
0.8447462794492095 -0.4286168351124107
0.8454341044644427 -0.4216587278739434
0.8389128004833144 -0.4250860963869462
0.8461219294796756 -0.414700620635476
0.8519554084455708 -0.4182313593609406
0.857788887411466 -0.4217620980864051
0.858476712426699 -0.4148039908479377
0.8468097544949087 -0.4077425133970087
0.8402884505137804 -0.4111698819100115
1.203641665828962 0.1863215043682639
1.210712284354659 0.1894076948764446
1.211807873276983 0.1817535620530141
1.219974080725003 0.1771856197377643
1.217782902880355 0.1924938853846253
0.7760511476782845 -0.2604900098390803
0.7756796846913503 -0.2683594354977583
0.7682793064674514 -0.269063122466821
0.9926917260444001 -0.3384761511576895
0.9857997159316892 -0.3412994246696317
0.9789077058189783 -0.3441226981815738
0.9783978961323924 -0.338023301665662
0.9778880864458064 -0.3319239051497501
1.277635535464103 -0.161092192580414
1.268807441337155 -0.1612359308054803
1.281534125813858 -0.1543693493317634
1.286463629591052 -0.1609484543553478
1.276604622036663 -0.147790244308179
0.7309518709827914 0.00677998178062624
0.7276297010965348 0.01494913273462716
0.7366012580988756 0.01800628323825723
0.7422506452149598 0.02923258469588822
0.7243075312102782 0.02311828368862807
1.31827475256844 -0.04710735916155623
1.31269279609357 -0.04151387931163511
1.312199949750707 -0.05092726827879116
1.307110839618701 -0.03592039946171399
1.313185642436434 -0.03210049034447907
1.319260445254167 -0.02828058122724413
1.313678488779298 -0.02268710137732301
1.301528883143832 -0.03032691961179287
1.301036036800968 -0.03974030857894893
1.067745871140115 0.3602870450650976
1.071342610283512 0.3543651571613616
1.064658907923302 0.3521496670536747
1.092722014823978 -0.42051210483165
1.094550698461713 -0.4147794097511447
1.099243041566623 -0.4189874616737218
1.105764068309267 -0.4174628185157936
1.096379382099449 -0.4090467146706394
0.9435785067913542 0.5202824432717255
0.9446126482474029 0.5148094218740048
0.9394574489425733 0.5160072977613316
0.9158761663763304 0.5391702655638162
0.9194573740901212 0.5354162761945881
0.9150320689956941 0.5332994034119457
0.9141879716150576 0.5274285412600752
0.923038581803912 0.53166228682536
0.9815451189902915 -0.5235824335093264
0.9855598447595477 -0.5197916946014244
0.987559765328981 -0.5240837312195731
1.020581816887914 0.3555062180684297
1.015019171631336 0.3599140963811982
1.014837994278582 0.3513702120711475
1.009456526374759 0.3643219746939667
1.015200348984092 0.3684579806912489
1.020944171593424 0.3725939866885311
1.003712703765427 0.3601859686966845
0.8548594459818233 0.3291073541270284
0.8490001787689038 0.3231724803332159
0.8460023904683334 0.3305272435926271
0.8251344131170638 -0.4154402698075051
0.8182452194339385 -0.4106173565177846
0.8327114318154221 -0.4133050758587583
0.8320236068001892 -0.4202631830972257
0.8333992568306552 -0.406346968620291
0.8445215630810212 -0.4417316058150397
0.8434397689894093 -0.4346790681149105
0.849736356602349 -0.4443664703045367
0.8456033571726331 -0.4487841435151689
0.846685151264245 -0.4558366812152981
0.8549511501236768 -0.4470013347940338
0.8538693560320649 -0.4399487970939046
1.043856645731205 0.251921475875175
1.048576589632086 0.2585750676221357
1.052233124652173 0.2520811081040655
1.060609603573142 0.252240740332956
1.053296533532967 0.2652286593690963
0.8535599362144417 0.505967385116064
0.858490382878154 0.5025428549942097
0.8486873297167721 0.503860233989416
0.8486294895507294 0.5093919152379183
0.8487451698828146 0.498328552740914
0.9004794205889295 -0.3083804655312302
0.9074798786354603 -0.3094522954949783
0.914480336681991 -0.3105241254587265
0.9100795472942118 -0.3180451510189886
0.9056787579064327 -0.3255661765792506
1.302110913886621 -0.01364983244097478
1.307894701332959 -0.0181684669091489
1.301819898515226 -0.02198837602638383
1.070824700368891 0.3255815626803704
1.064356993556127 0.323146323733937
1.063356645423766 0.3301748951162908
1.055888590478641 0.3347682275522111
1.057889286743364 0.3207110847875035
1.041128529013898 0.3386320576045064
1.049750429716678 0.3373406738985529
1.035990716384295 0.3341759325684945
1.032506628311117 0.33992344131046
1.039474804457473 0.3284284238265289
0.9148672978377135 0.5222162583926409
0.9192926029321407 0.5243331311752832
0.9237179080265678 0.5264500039579255
0.9243972342492237 0.521237721090491
0.9250765604718798 0.5160254382230567
1.026137147011993 0.3685199255994096
1.026318324364748 0.3770638099094603
1.031330122430562 0.3644458645102882
1.025955969659238 0.359976041289359
1.036704275201886 0.3689156877312174
0.9578358618771982 -0.1319223560146051
0.9511122026185402 -0.1276541405669017
0.9443885433598823 -0.1233859251191983
0.9519284939760715 -0.1188877215626755
0.9594684445922607 -0.1143895180061526
0.9527447853336027 -0.1101213025584492
0.9376648841012244 -0.1191177096714949
1.258985001956581 0.227145515585846
1.25261638723202 0.2206313300625918
1.257877125823553 0.2358893433098145
1.265353616681143 0.2336597011091002
1.250400634965962 0.2381189855105287
0.7170883696162572 -0.2207303188769182
0.7234811797048735 -0.2127597132176142
0.7280051566390932 -0.2215016262704086
0.7389219436619291 -0.2222729336638989
0.7298739897934897 -0.2047891075583101
0.9376898930488653 -0.1118138166693935
0.9301499424326761 -0.1163120202259164
0.9377149019965062 -0.1045099236672921
0.9452298436650545 -0.1073156131128706
0.9301999603279579 -0.1017042342217136
1.063682699432017 0.2618620351454644
1.06002616441193 0.2683559946635345
1.066755795290893 0.2714833299579728
1.266772677339281 0.1564537456783922
1.26708709407158 0.1473475673220151
1.260997674052755 0.1612955230911186
1.266458260606982 0.1655599240347693
1.266143843874682 0.1746661023911463
1.25522267076623 0.1661373005038449
1.255537087498529 0.1570311221474678
0.821438097620756 -0.4039186083901108
0.8246309758075735 -0.3972198602624369
0.8290151163191143 -0.401783414441364
0.8365921350174725 -0.3996482204926171
0.827823853994391 -0.3905211121347631
1.219781846658862 0.3223315664378694
1.215518898904326 0.3158514786052922
1.217369333561912 0.3284897120454394
1.224044794413398 0.3288116542704467
1.210693872710427 0.3281677698204321
1.048283621305615 -0.1953139396203535
1.041516788229766 -0.199512480252879
1.049095879360046 -0.2038032361760353
1.034749955153917 -0.2037110208854044
1.033937697099486 -0.1952217243297226
1.033125439045054 -0.1867324277740409
1.035562213208349 -0.2122003174410862
0.9970906847690657 -0.3341693854791842
0.9896888649697688 -0.3308932624752144
0.9822870451704719 -0.3276171394712448
0.9866860038951374 -0.3233103737927394
0.9910849626198028 -0.3190036081142341
0.983683142820506 -0.3157274851102644
0.9748852253711751 -0.3243410164672751
0.9642923417727409 -0.4721034064087077
0.9638816834689886 -0.4658197082885958
0.9689711319474492 -0.4672522050590279
0.8961537575739607 0.4344150071034405
0.8997433716487534 0.4391782271968472
0.9033329857235461 0.4439414472902539
0.9061852604358739 0.4389633643866915
0.9090375351482016 0.4339852814831292
0.9126271492229944 0.4387485015765358
0.906922599798339 0.4487046673836605
1.031187866585535 0.1506193790541243
1.037744939927445 0.1558077395735938
1.03992297398439 0.1479794695483685
1.048658081383246 0.1453395600426128
1.044302013269355 0.1609961000930633
0.7464387612850801 0.3495855581969998
0.7539316795365794 0.3503091804680902
0.7514548802554755 0.3423465826297183
1.05123688656377 -0.2762731234399496
1.043150093205975 -0.2740692617657193
1.056612255999364 -0.2721568059650663
1.059323679921564 -0.27847698511418
1.053900832077164 -0.2658366268159525
1.049112006869505 -0.1791728758438056
1.05710529078173 -0.1753930998786881
1.04869781408756 -0.1872434077320796
1.04111872295728 -0.1829526518089232
1.05627690521784 -0.191534163655236
0.9999580407776029 0.2050199290615608
0.9923004638429411 0.2095808744239212
1.00774600896657 0.2081693666185327
1.007615617712265 0.2004589836992003
1.015273194646926 0.1958980383368399
1.015533977155537 0.2113188041755046
1.007876400220875 0.2158797495378651
0.952161040402236 -0.3119930540234308
0.9559627928898413 -0.3181485120209275
0.9590810091836934 -0.3101814081532901
0.9597645453774467 -0.3243039700184243
0.9528445765959894 -0.3261156158885651
0.945924607814532 -0.3279272617587058
0.9666845141589041 -0.3224923241482836
1.196093603451211 0.3178648131296898
1.20096035987095 0.3212991320266039
1.193681090354262 0.3240229587372598
1.205827116290688 0.324733450923518
1.208239629387638 0.3185753053159481
1.210652142484587 0.3124171597083781
1.203414603193739 0.3308915965310879
0.7479497435882932 -0.2205725519416686
0.7434257666540736 -0.2118306388888742
0.7389017897198539 -0.2030887258360798
0.747929589646218 -0.2013883441138495
0.7569573895725821 -0.1996879623916193
1.189018856904479 0.3285581255783078
1.183658803602164 0.3323051003920566
1.183454280632208 0.3243356146540946
1.178298750299849 0.3360520752058055
1.183863326572121 0.3402745861300187
1.189427902844392 0.3444970970542319
1.172734174027578 0.3318295642815923
0.9374622041123425 -0.3120175438766405
0.9448116222572893 -0.3120052989500356
0.9416934059634372 -0.3199724028176731
1.098574440612418 0.3231866278019909
1.104704118746249 0.3273178055274772
1.106258740964225 0.3188186086876121
1.113943041316031 0.3144505895732332
1.11083379688008 0.3314489832529635
1.12458723798191 0.02855691092785126
1.130300730088835 0.02293245724366987
1.121905502583178 0.01988605029261536
1.119223767184446 0.01121518965737947
1.13601422219576 0.01730800355948849
0.9830557310919213 0.2274511627814099
0.9907604508381781 0.2319057753270717
0.9809730793638534 0.2189597166280357
0.9753510113456646 0.222996550235748
0.9676462915994078 0.2185419376900861
0.9788904276357855 0.2104682704746616
0.9865951473820422 0.2149228830203235
0.9507894579113974 0.09990788468717385
0.9531925845295854 0.09149783828059736
0.9445670935806059 0.09118353880409998
0.9383447292498145 0.0824591929210261
0.9555957111477734 0.08308779187402088
0.8069775943004108 0.4405189997532296
0.8005969136353996 0.4374776411484168
0.8085103159877739 0.447036801722153
0.813358274965422 0.4435603583580424
0.8036623570101258 0.4505132450862636
0.9964657672990771 0.2265637667306695
0.9985484190271451 0.2350552128840437
1.002171083759976 0.2212217581342673
0.9943831155710091 0.2180723205772954
1.009959051948943 0.2243711956912393
1.151666509797046 0.3275662830845759
1.158413378309401 0.3272954548919549
1.156199504405893 0.3187435424959476
1.160732499014741 0.3099208019073193
1.165160246821756 0.3270246266993339
0.9876258490588443 0.5179559478332139
0.9848107198691409 0.5134351876762289
0.9810952238367889 0.5177707287348869
1.168306426220563 0.3147257394895777
1.17052030012407 0.323277651885585
1.175880353426385 0.3195306770718361
0.8433776091324987 -0.3974054464989591
0.8389934686209579 -0.3928418923200321
0.8346093281094171 -0.3882783381411051
0.8413948022244433 -0.3860355641474471
0.8481802763394695 -0.383792790153789
1.293881433163928 -0.04327041590138524
1.299463389638797 -0.04886389575130635
1.305045346113667 -0.05445737560122747
1.297890742476627 -0.05798748292366379
1.290736138839587 -0.0615175902461001
1.194090136294174 0.3399619302131839
1.198752369743957 0.3354267633721359
1.193885613324218 0.3319924444752219
1.050932929038877 0.1633070329615604
1.060614247825226 0.1658452552317509
1.070295566611574 0.1683834775019413
1.069423197651693 0.1603279180750227
1.068550828691813 0.1522723586481041
1.24877158889984 0.1448173735705325
1.252154338199184 0.1509242478590002
1.25792934148571 0.1460824704462738
0.7924566983761108 0.4490805534415211
0.7980595276931183 0.4497968992638923
0.7965268060057552 0.443279097294969
1.135735263899004 -0.06939355662149352
1.135909771078911 -0.07741217512414643
1.12838556257244 -0.07546536161100169
0.7608532224592843 -0.2310641218375298
0.7506660896393086 -0.2278059656285377
0.7680733915024441 -0.2278552407493742
0.7710403552792601 -0.2343222780465219
0.7812274880992358 -0.2375804342555141
0.7752935605456039 -0.2246463596612186
0.7651064277256282 -0.2213882034522265
1.245207148814181 0.2253029819995842
1.237797910396342 0.2299746339365766
1.244099272681152 0.2340468097235526
1.148425395639737 -0.4246723690959672
1.148974211022496 -0.4305552199247287
1.149523026405256 -0.4364380707534903
1.143236070914246 -0.434600177612075
1.136949115423235 -0.4327622844706597
1.278555215680605 -0.0469538793895549
1.286218324422266 -0.04511214764547007
1.284645677260096 -0.0542357348178275
1.114688699698011 0.4533977138584411
1.120933782019678 0.4557419852479896
1.127178864341345 0.4580862566375382
1.12663169499238 0.4520893052163127
1.126084525643416 0.4460923537950874
0.9052009714680505 0.4164160291759208
0.9021852335033538 0.422415688485094
0.8991694955386572 0.4284153477942673
0.9056113843257778 0.4282004849841116
0.9120532731128983 0.4279856221739559
0.9417627748305096 0.007796777864675282
0.9329766351394493 0.01445801231769835
0.9524188696911461 0.009924534811955429
0.95054891452157 0.00113554341165222
0.9542888248607222 0.01871352621225864
0.9205965623991619 0.5136597503865279
0.9161165643264442 0.511294062549999
0.9154919310820788 0.5167551604713199
1.205119742975943 0.3077964150418642
1.1995873434673 0.3031756703753503
1.197840473459256 0.3105202417525201
0.9434054888701715 0.03471503907981907
0.9486199157355326 0.04484355246087943
0.9488471568654469 0.02671428264603885
0.9381910620048104 0.02458652569875871
0.9595032517260833 0.028842039593319
0.8597757552810044 0.4870608805670206
0.8560988934816077 0.4908167712916517
0.8524220316822111 0.4945726620162829
0.8572946381798809 0.4966798131429307
0.8621672446775506 0.4987869642695786
0.9614961110447295 -0.5411395344596476
0.9583222607587536 -0.5369380288847589
0.9637780395619429 -0.5349831460171294
1.064786285682868 -0.3694817139834756
1.064811405858366 -0.3778931059961331
1.058987776050426 -0.3656283292870484
1.064761165507371 -0.3610703219708181
1.053214386593482 -0.3701863366032786
1.134690676184198 -0.4142060827364371
1.139268916002711 -0.4176948448562805
1.143847155821224 -0.4211836069761238
1.138109015712973 -0.4252285646634701
1.132370875604723 -0.4292735223508163
0.9922371298100612 0.4775764847278609
0.9938265885128588 0.4833265104375999
0.9960612199365393 0.4741822462498743
0.9906476711072636 0.4718264590181219
1.001474768765815 0.4765380334816267
0.9987540782043801 0.3493524590018625
1.001233390984903 0.3547692138492735
1.006796036241481 0.350361335536505
0.9275193098542902 0.0678184593890897
0.9330839906606906 0.07481974730706145
0.9308840622141457 0.06049331325162244
0.9219546290478897 0.06081717147111795
0.9398134953804016 0.06016945503212692
0.8613101352108211 0.08019027074659074
0.8543858418216196 0.08669243565539617
0.861433222169512 0.09058980792493393
0.8615563091282028 0.1009893451032771
0.8474615484324181 0.09319460056420158
0.8619305921906808 -0.3972682690377241
0.8607792989360201 -0.4031135096411286
0.8596280056813597 -0.4089587502445332
0.8537945267154644 -0.4054280115190687
0.8479610477495692 -0.4018972727936041
1.157970020000586 0.01808976599874565
1.164401822379631 0.02094058774979334
1.165098787920709 0.01297429973590062
1.172227555840832 0.007858833473055585
1.170833624758677 0.02379140950084103
1.115873294004537 0.4452661890040714
1.121571206977239 0.4416135089723945
1.117057888311062 0.4371346641497018
1.064233655506011 -0.3848091331423359
1.063979951437716 -0.3905279395628784
1.06372624736942 -0.3962467459834209
1.057603691452918 -0.393590582012654
1.051481135536416 -0.3909344180418871
1.187276029245955 0.001248573658173633
1.178525947437543 0.004782192373191311
1.192877455301588 0.006138220572202082
1.196026111054368 -0.002285045056844045
1.189728799548808 0.01456148620124821
1.06191991292229 0.149961425779607
1.055288997152768 0.1476504929111099
1.053110963095823 0.1554787629363352
1.099499075452842 -0.08431184746105064
1.108397819211356 -0.08552266374991774
1.094385241924794 -0.09024415812360326
1.090600331694329 -0.08310103117218352
1.081701587935815 -0.08189021488331641
1.089271408396746 -0.09617646878615588
1.09817015215526 -0.09738728507502298
0.7596737356235975 -0.2069213760784883
0.7623900816746129 -0.2141547897653574
0.7551699126314531 -0.217363670853513
1.120165287101491 0.3221277043563475
1.118610664883515 0.3306269011962126
1.12638753288695 0.3298048191394618
0.9980864016214586 -0.3211406184399025
0.9950835405468271 -0.3135577297574275
1.005087840623114 -0.3232776287655708
1.00108926269609 -0.3287235071223775
1.004092123770721 -0.3363063958048526
1.01208927962477 -0.3254146390912391
1.009086418550138 -0.3178317504087641
0.8686068766523058 -0.4530213651046877
0.8636925944064819 -0.4575885045619291
0.8670707283679429 -0.4480197507785118
0.87352115889813 -0.4484542256474462
0.8606202978377557 -0.4475852759095774
1.010371639463484 -0.1812415787858844
1.002826423153432 -0.1846907324841235
1.002742147322244 -0.1765923320226452
1.000906274494297 -0.02567950238331258
1.008224188489649 -0.03155794775123458
1.00059274724606 -0.03588859816926436
0.9671561680324851 -0.112364960041737
0.9754289686773204 -0.1096762116870789
0.9837017693221558 -0.1069874633324208
0.9823004007600136 -0.1164180727268897
0.9808990321978712 -0.1258486821213586
1.233706407210691 0.1715574636640836
1.226533303569522 0.1734721105026185
1.239170041132886 0.1754980872523682
1.24087951085186 0.1696428168255487
1.248052614493029 0.1677281699870138
1.24463367505508 0.1794387108406529
1.237460571413911 0.1813533576791878
0.9732113087576469 -0.1278732400857741
0.9655235853174226 -0.1298977980501896
0.9663398766749538 -0.1211313790459633
0.8564872984080398 -0.4520029491202096
0.8580234466924029 -0.4570045634463855
0.8523542989783239 -0.4564206223308418
1.052058885888771 -0.3840183908956843
1.052636636241127 -0.3771023637494815
1.058435145873569 -0.3809557484459087
1.150731397052257 0.07826712881498457
1.147120601086572 0.07025016625392541
1.140646079520515 0.07604928483923236
1.130560761988772 0.07383144086348015
1.143509805120886 0.06223320369286624
0.8503623813530545 -0.3950909446210191
0.8527637149565399 -0.388284616448434
0.8573471535736104 -0.392776442743079
0.8711576131471068 -0.1496959658225045
0.8677365048054515 -0.1575880631818839
0.8643153964637961 -0.1654801605412633
0.8583276300701776 -0.1598645640647932
0.8523398636765591 -0.154248967588323
1.002979420384423 0.05932597980305715
1.007047806184293 0.05153039889721846
0.9942074377690622 0.05982879675357271
0.9989110345845524 0.06712156070889583
0.9895038409535719 0.0525360327982496
1.129928072201523 0.0646368573131005
1.136402593767579 0.05883773872779355
1.129295382414273 0.05544227376272086
0.866055154573474 0.4945771380805894
0.8699430644693975 0.4903673118916002
0.8648594098752009 0.4887140962293104
1.013080192011421 -0.3356384980431379
1.017078769938445 -0.3301926196863312
1.02206826025212 -0.3349706002814233
1.078174566928002 -0.09052002840835364
1.081959477158468 -0.09766315535977338
1.07464754592019 -0.09914984193339088
1.263436146748906 -0.1430144212855754
1.270020384392784 -0.1454023327968772
1.26612179404303 -0.1521251760455278
0.9112880696185992 -0.1449958758629055
0.9022256110719631 -0.1429852140922658
0.8931631525253269 -0.1409745523216262
0.8966973586216367 -0.1325189779330175
0.9002315647179466 -0.1240634035444088
0.8911691061713105 -0.1220527417737692
0.8841006939786906 -0.1389638905509866
1.107341436370805 -0.2459303686758915
1.112343681784997 -0.2375245920880762
1.117618364239207 -0.2434767164503742
1.12789529210761 -0.241023064224857
1.117345927199189 -0.2291188155002609
0.9213195460759633 -0.1065034407631007
0.9212945371283224 -0.1138073337652021
0.9124391318239687 -0.1113026473044877
0.9035587175719741 -0.1161018538458748
0.9212695281806815 -0.1211112267673035
0.9959840102034488 0.04476925772399692
1.00475599281881 0.04426644077348135
1.002464179453326 0.03700248264974424
1.13853287945519 0.2500852007925976
1.133138090565082 0.2560527804276725
1.145292752509665 0.2513841705068955
1.143927668345298 0.2441176211575225
1.146657836674031 0.2586507198562685
1.01766022787618 0.482288553671298
1.022442693523683 0.4772051054660422
1.011945616332383 0.480934783517164
1.012877762228677 0.4873720018765539
1.008095296581174 0.4924554500818097
1.006231004788587 0.47958101336303
1.01101347043609 0.4744975651577741
0.8564823769516656 -0.4278243310889049
0.8551758664918653 -0.4338865640914047
0.8499610729705375 -0.4312516996019077
1.129646339104436 -0.2317894993740905
1.124371656650225 -0.2258373750117925
1.131397386101262 -0.222555934523324
1.008024165474688 0.441063139948334
1.005773313411589 0.4346057574041209
1.00543911725839 0.4459378689950233
1.010275017537788 0.4475205224925471
1.000603216978992 0.4443552154974995
1.186451130397428 -0.3570969284839854
1.184057224451996 -0.3499910854269144
1.190791625385268 -0.350808751374151
0.7852300756397789 -0.2286708922599321
0.7822631118629629 -0.2222038549627844
0.7892326631803219 -0.2197613502643502
1.112951173280047 -0.1022678848069568
1.105560662717654 -0.09982758494098991
1.110674496245702 -0.09389527427843729
1.076974676540353 -0.3042587940154922
1.077130015869871 -0.2971795885177176
1.0842934738677 -0.3002789456001368
0.9090869700223003 -0.1265680900051231
0.9179423753266541 -0.1290727764658375
0.9146152224726267 -0.1370343261643715
0.8556977855711778 -0.1463537396483023
0.8590557074657965 -0.1384585117082817
0.8651066603064517 -0.1440772387653931
0.8745155350417255 -0.1418007378824839
0.8624136293604152 -0.130563283768261
1.224342125724874 0.1887803761494795
1.230901348569393 0.1850668669143336
1.225437714647198 0.181126243326049
1.126773424757134 0.004928275737850363
1.135168652262791 0.007974682688904869
1.134323082329821 -0.001358638181678745
1.056546069561653 -0.2079270156468199
1.063208446340221 -0.2117030240161038
1.062525089214463 -0.2033807039127938
1.069870823118789 -0.2154790323853877
1.063891803465979 -0.2200253441194138
1.057912783813168 -0.2245716558534397
1.0758498427716 -0.2109327206513618
0.8815839472343454 -0.1248895891052665
0.8780497411380355 -0.1333451634938752
0.8719987882973803 -0.1277264364367637
1.023269747645744 0.2012315440698572
1.023400138900049 0.2089419269891896
1.031266300644562 0.2065650498028746
1.195443053151951 -0.1811601077996826
1.196553617233379 -0.1887438377582108
1.187968430047014 -0.1862795145723552
0.9919287115537151 0.4371792474272517
0.9962659642663537 0.4407672314623756
0.998851012482652 0.4358925024156863
1.01995380072845 0.4145387892733582
1.01302781917362 0.4123689381526607
1.013779993843319 0.4188795852611502
0.9437873551618954 -0.426255750901477
0.9422758764059735 -0.4205249650335001
0.9480424792637279 -0.4193831144673574
0.9580083183850211 0.04489218767440581
0.9673967210345096 0.04494082288793219
0.9634499863802964 0.03689143124062559
1.036245570334107 -0.2205226375443961
1.043012403409955 -0.2163240969118707
1.049779236485804 -0.2121255562793453
1.050462593611562 -0.2204478763826552
1.05114595073732 -0.2287701964859652
0.9223853791267842 -0.4086089852042386
0.9260088010336696 -0.413336265155073
0.9206432291819271 -0.4154637805293148
0.9754824316082351 -0.313878792791273
0.9710834728835696 -0.3181855584697783
0.9672817203959643 -0.3120301004722815
1.050135673699119 0.4059422030193547
1.046174732666912 0.4004534062201924
1.043121331844814 0.4062544845486036
1.002406914662109 0.4829752518410166
0.9985828245356305 0.4863694903190032
1.003339060558402 0.4894124702004065
0.9452173600707028 0.2433878316420087
0.9481557468595398 0.2363311545531998
0.9510941336483771 0.229274477464391
0.9431024305043721 0.2289135065421747
0.9351107273603672 0.2285525356199584
0.9380491141492044 0.2214958585311496
0.9540325204372142 0.2222178003755821
0.9333631035703541 0.2356519210419517
0.9316154797803411 0.242751306463945
0.9384164199255219 0.2430695690529768
1.017044925930086 0.4657059469230961
1.014029198183088 0.4701017560404351
1.019743809726885 0.4714555261945692
1.173326681187318 0.1872041896718768
1.166572098851482 0.1833349760339062
1.165003104855225 0.1904743368063911
0.9820781375405558 0.4965445754839409
0.9831509904592036 0.4920800410976911
0.9773723354506745 0.4929747988935459
1.034457173837353 -0.2566891809458149
1.040938393250623 -0.2597383295691942
1.039832543272948 -0.2525728634709316
1.047419612663894 -0.2627874781925734
1.042044243228299 -0.2669037956674567
1.036668873792704 -0.2710201131423401
1.052794982099488 -0.25867116071769
0.8877975921342076 -0.3474587956608638
0.8814514388314696 -0.3547734988567659
0.8863552176114449 -0.3388144496307605
0.8941437454369456 -0.3401440924649617
0.9004898987396837 -0.3328293892690596
0.8849128430886822 -0.3301701036006571
0.8785666897859442 -0.3374848067965592
1.032212337927883 -0.2412425006540671
1.025059555363002 -0.2384916680964047
1.026198541294796 -0.2467728822898899
1.01790677279812 -0.2357408355387422
1.023920569431207 -0.2302104539029195
1.029934366064294 -0.2246800722670968
1.011892976165033 -0.241271217174565
0.963736235239006 -0.3762258529258035
0.957503081123066 -0.3778248118224081
0.9512699270071259 -0.3794237707190126
0.9522183410323518 -0.3732133413219426
0.9531667550575778 -0.3670029119248727
1.029972871607624 -0.2684070541151719
1.0310787215853 -0.2755725202134344
1.023276869422544 -0.2657939950880036
1.028867021629948 -0.2612415880169092
1.027761171652273 -0.2540761219186466
1.016580867237463 -0.2631809360608353
1.017686717215139 -0.2703464021590979
1.075332660823659 -0.2030878398965698
1.068670284045091 -0.1993118315272858
1.074815478875719 -0.1952429591417779
1.074298296927778 -0.1873980783869859
1.062007907266523 -0.1955358231580019
1.052284936669114 -0.2370514106794503
1.052454951812572 -0.2442579940255302
1.05262496695603 -0.2514645773716101
1.04614374754276 -0.2484154287482309
1.039662528129489 -0.2453662801248517
1.032353785242403 0.3790702249329696
1.038389246120059 0.3810766399564789
1.037546760660973 0.3749961638438482
1.042739736079541 0.3709221027547267
1.044424706997715 0.3830830549799883
0.9185308100965541 0.4394812472610682
0.9156785353842264 0.4444593301646306
0.9128262606718986 0.4494374130681929
0.9187299215454584 0.4501701587527253
0.9246335824190182 0.4509029044372578
1.00778799833646 -0.3058024778663543
1.014140227231277 -0.3019248519208177
1.008437208443299 -0.3118171141375592
1.001435769441644 -0.3096801038118908
1.015438647444955 -0.3139541244632276
0.9271609573566968 0.4460391688114737
0.9296883322943753 0.4411754331856897
0.9241095711954648 0.440328340223379
0.9210581850342328 0.4346175116352842
0.9322157072320538 0.4363116975599057
0.8755231294592907 -0.3519909573982644
0.8695948200871118 -0.3492084159397628
0.8740807549365279 -0.343346611368161
0.8726383804137654 -0.3347022653380577
0.8636665107149328 -0.3464258744812614
1.049074447227811 0.3732982738392668
1.049916932686897 0.3793787499518976
1.05540915837608 0.3756744449238069
0.7348289658328621 0.0355468951859699
0.7258574088305214 0.03248974468233982
0.7274072864507644 0.04186120567605157
1.11255682165925 -0.4404822595903091
1.114100937024314 -0.4329686114792943
1.119289577999516 -0.4367527044092031
1.126022334339783 -0.4330231492280971
1.115645052389378 -0.4254549633682796
0.9195695909970516 0.4278043479078677
0.9251483520959622 0.4286514408701784
0.9307271131948729 0.4294985338324891
0.9292385191576917 0.4226853701050726
0.9277499251205108 0.415872206377656
1.0175069791987 0.2374107280934826
1.013733015573822 0.2308909618923609
1.008027699112922 0.2362329704887632
1.127182234629521 -0.4254894294209076
1.121993593654318 -0.4217053364909988
1.128342134919258 -0.417955709613718
1.129502035208996 -0.4104219898065283
1.116804952679116 -0.41792124356109
1.031703797108895 -0.2826167383428552
1.032114413139747 -0.2898765601666867
1.0325250291706 -0.2971363819905182
1.026043486478262 -0.2943077192689392
1.019561943785924 -0.2914790565473603
1.019972559816776 -0.2987388783711917
1.032935645201453 -0.3043962038143497
0.8978902300809319 -0.3242365337450493
0.8901017022554313 -0.3229068909108481
0.8952905614221804 -0.3156436782210392
1.062836292830413 -0.179394759381454
1.068567294879095 -0.1833964188842199
1.062422100048468 -0.1874652912697279
0.912717289352204 0.4162347549098325
0.9161434401746278 0.4220195514088501
0.9202336072363573 0.4160534806437443
0.9593276276640752 -0.3646663936211278
0.9654885002705726 -0.362329875317383
0.9646123677547893 -0.3692778641215932
1.044834746467507 -0.2329276312086658
1.038523542197695 -0.2370850659313665
1.037384556265901 -0.2288038517378813
1.177132016355387 0.02071476840097676
1.183430407952098 0.01763812730111249
1.177828981896465 0.01274848038708403
1.1558097449089 0.1078313407950224
1.150713945827476 0.1137670385564771
1.162479376512387 0.1093536529538844
1.160905543990324 0.1018956430335676
1.164053209034449 0.1168116628742012
1.258973787601482 0.1762569718743152
1.253513201047255 0.1719925709306644
1.251803731328281 0.177847841357484
1.018936868262329 -0.2844348384179395
1.018311792738734 -0.2773906202885187
1.025007794923814 -0.2800036793156869
1.127638359103837 0.2613685900111575
1.123441698514271 0.2663828442480909
1.122181556921042 0.2597680649503079
1.119245037924705 0.2713970984850242
1.1247018401075 0.2729976235458739
1.130158642290296 0.2745981486067235
1.11378823574191 0.2697965734241746
0.8483320050592688 0.1111260041114076
0.8549441570937358 0.1060576746073424
0.8478967767458434 0.1021603023378046
1.141158105212786 0.2639665294397535
1.134398232158311 0.2626675597254555
1.135658373751541 0.2692823390232384
0.8651393506086567 -0.3348619153701872
0.8606534157592405 -0.340723719941789
0.857640320803548 -0.3350215654023166
0.9436441194616059 0.2147433443488236
0.9516358226056107 0.2151043152710399
0.9492391247740073 0.2079908301664977
0.9548341300864087 0.2012383159841717
0.9596275257496156 0.2154652861932562
0.9628528959362009 0.2043149674810017
0.9652495937678044 0.2114284525855439
0.9708716617859932 0.2073916189778316
0.8430916072686443 -0.06279459003865458
0.8515487452698323 -0.06667926749024895
0.8600058832710202 -0.07056394494184333
0.8534524413078146 -0.0765051750266241
0.846898999344609 -0.08244640511140487
1.117158912870616 -0.4120012827598051
1.110810371605676 -0.4157509096370859
1.117512873062116 -0.4060813219585202
1.123507454135556 -0.4082516558825243
1.111518291988676 -0.4039109880345161
1.158729603893601 0.1232551862084481
1.152059972290115 0.121732874049586
1.153405998752753 0.1296987095426949
1.020608389087391 -0.2513252893609842
1.015018236879987 -0.2558776964320785
1.01345560652251 -0.2485744568033217
1.110996759696256 0.2627157098542579
1.115193420285822 0.2577014556173245
1.108205283650602 0.2556348462843412
1.0517511259814 0.3232835311338453
1.052751474113762 0.3162549597514916
1.045612965219437 0.3258559774801871
1.050750777849039 0.3303121025161991
1.040475152589835 0.3213998524441752
0.8380282289890534 -0.07867098433385711
0.8291574586334978 -0.07489556355630933
0.8361245329510709 -0.06884507679748195
0.9614980848829628 0.408164756919309
0.9622811949155139 0.4143489609260146
0.9677263766618548 0.4110457879437049
0.9739546684407467 0.413926818968101
0.9630643049480651 0.4205331649327202
0.8347493877670894 0.1394576148477324
0.827858212761643 0.1442982027066284
0.8342348692013982 0.148914606447493
0.7815215863438564 -0.4220287423119696
0.7751285114557163 -0.4209411010629902
0.7788471510427115 -0.4156423341449388
0.9745893223032728 0.4260540001770519
0.9742719953720098 0.4199904095725764
0.9688268136256689 0.423293582554886
1.101425685395858 -0.4073348057919316
1.106471988692267 -0.4056228969132238
1.106118028500767 -0.4115428577145087
1.027103312615953 -0.3075821773639756
1.021270980030454 -0.3107681509136016
1.020621769923615 -0.3047535146423967
1.041654291006134 0.3080148743366303
1.041064721797984 0.3147073633904027
1.047202882559948 0.3121349170440609
0.9450742339695256 0.06780890064609157
0.9417094816096701 0.07513404678355884
0.9503349725586495 0.07544834626005623
