FiniteElementSpace
FiniteElementCollection: L2_2D_P1
VDim: 1
Ordering: 0

-0.017233015
-0.018011561
-0.017124293
-0.018031861
-0.017348276
-0.018216014
-0.018767895
-0.019370507
-0.018561061
-0.016968315
-0.017647268
-0.016788399
-0.030712754
-0.030820167
-0.031483608
-0.031754382
-0.031754031
-0.031112578
-0.030872686
-0.030871697
-0.031520622
-0.032207713
-0.032190101
-0.032767699
-0.0077352319
-0.0055318121
-0.0055436945
-0.0016709515
-0.0039151477
-0.0039077893
-0.0030770585
-0.00082646132
-0.00084308522
-0.003090284
-0.00084369054
-0.00083372255
-0.030407712
-0.03039283
-0.029763158
-0.029361445
-0.029477415
-0.030121276
-0.030308505
-0.030184119
-0.029552023
-0.028952738
-0.028821969
-0.028131208
-0.030226855
-0.030617345
-0.029989723
-0.030319282
-0.030008982
-0.030649082
-0.030992883
-0.031292424
-0.030663361
-0.02964373
-0.029941682
-0.029262497
-0.023027898
-0.023767296
-0.024347992
-0.025769366
-0.02507281
-0.024512897
-0.024545544
-0.025222196
-0.025817082
-0.025703928
-0.026393115
-0.026854986
-0.0098559783
-0.0071949308
-0.0071728397
-0.0022615695
-0.0051362346
-0.0051508379
-0.0040863927
-0.0011550448
-0.0011760047
-0.0040614872
-0.0011738944
-0.0011444239
-0.0011062435
-0.0039382265
-0.00113286
-0.0049795105
-0.0021858387
-0.0049764982
-0.0069570232
-0.0095624261
-0.0069616709
-0.0011313337
-0.0039436239
-0.0011059001
-0.015969124
-0.014441093
-0.015538937
-0.013279351
-0.014820002
-0.013718401
-0.012731672
-0.011146978
-0.01229576
-0.015052258
-0.013518533
-0.014597597
-0.011804945
-0.012440894
-0.013110781
-0.014311496
-0.013784553
-0.013111906
-0.013056686
-0.013545265
-0.014238275
-0.014471068
-0.014982213
-0.015643543
-0.0015829988
-0.0041175771
-0.0032785659
-0.0072173173
-0.0048129409
-0.0056125968
-0.0067522295
-0.0090224362
-0.0083314402
-0.0051037153
-0.0075211055
-0.0067202483
-0.011466737
-0.009914243
-0.01114553
-0.0089080007
-0.01045809
-0.0092302092
-0.0081832463
-0.0065833449
-0.0078755315
-0.010767563
-0.0092290789
-0.010406829
-0.01045606
-0.010836913
-0.0092759002
-0.009368092
-0.0089825562
-0.010546983
-0.01119004
-0.011442267
-0.010036863
-0.0079402658
-0.0083498738
-0.0067013583
-0.007412464
-0.0081763123
-0.0075134269
-0.0085533126
-0.0078140425
-0.0084878644
-0.0090034273
-0.0097438749
-0.0090722036
-0.0075796447
-0.0083112488
-0.0075996632
-0.0047717059
-0.003421913
-0.0034699571
-0.001066768
-0.0024680044
-0.0024356803
-0.0019067674
-0.00051682232
-0.00054473874
-0.0019624963
-0.00054926544
-0.00054390838
-0.026404876
-0.02654958
-0.027626477
-0.028208762
-0.028100234
-0.027042676
-0.026667272
-0.026738003
-0.027852488
-0.028877209
-0.028985698
-0.029941582
-0.036667713
-0.037050282
-0.036814054
-0.037190117
-0.03695653
-0.037190976
-0.037358547
-0.037541575
-0.037336624
-0.036868202
-0.037084918
-0.036831227
-0.001706317
-0.0045450065
-0.0033795495
-0.0077434288
-0.0050131809
-0.0061561122
-0.0075394838
-0.010121804
-0.0090935883
-0.0051803431
-0.0079005943
-0.0067590747
-0.014150106
-0.015321473
-0.014844368
-0.016667667
-0.015526311
-0.015988209
-0.016541706
-0.017598259
-0.01722193
-0.015589943
-0.016746785
-0.016253056
-0.0013773561
-0.0036281159
-0.0029027728
-0.0065043372
-0.004278077
-0.0050037756
-0.0060764725
-0.0082760664
-0.0075732714
-0.0045592368
-0.0067832008
-0.0060467325
-0.013508529
-0.01257312
-0.014516002
-0.013581601
-0.014538707
-0.012589586
-0.011495405
-0.010465658
-0.012489824
-0.01560033
-0.01465286
-0.016569395
-0.0090405641
-0.0094810497
-0.010295429
-0.011238245
-0.010884682
-0.010067896
-0.0098936075
-0.010205535
-0.011046725
-0.011611593
-0.011949913
-0.012753453
-0.028061458
-0.028839631
-0.028325435
-0.029346396
-0.028676996
-0.029180706
-0.029605181
-0.030227226
-0.029753234
-0.028556865
-0.02921733
-0.028712975
-0.027406673
-0.026959054
-0.027797817
-0.027290053
-0.027773186
-0.026921786
-0.026400993
-0.025823401
-0.026766811
-0.028207114
-0.027736133
-0.02856169
-0.0079220686
-0.0057311705
-0.0057561767
-0.0017907984
-0.004105462
-0.0040904893
-0.0032258041
-0.00089342437
-0.00092711796
-0.0032541494
-0.00092290989
-0.00091187229
-0.012757456
-0.01547981
-0.013617364
-0.017500932
-0.014909616
-0.016731789
-0.018283844
-0.020652179
-0.019024211
-0.014513105
-0.017119803
-0.015278958
-0.019685636
-0.019076369
-0.019719757
-0.018722707
-0.019470319
-0.018816555
-0.018301419
-0.017515355
-0.018190286
-0.019678907
-0.018921679
-0.019574626
-0.032061282
-0.031218043
-0.03206574
-0.030836007
-0.031744195
-0.030884295
-0.030213292
-0.029239962
-0.030162898
-0.032026265
-0.03112843
-0.031953956
-0.022552749
-0.020937194
-0.021649423
-0.019050866
-0.020716019
-0.019992526
-0.019097751
-0.017364216
-0.018145732
-0.020635702
-0.01896994
-0.019690638
-0.0014989155
-0.0038223985
-0.0031637945
-0.0068341987
-0.0045990526
-0.0052548433
-0.0063018364
-0.0084730021
-0.0078612609
-0.0049383729
-0.0071584262
-0.006490665
-0.021742368
-0.020679066
-0.021471974
-0.019909578
-0.020979591
-0.020189331
-0.019486311
-0.018378058
-0.019216771
-0.021147564
-0.020085526
-0.020829561
-0.028266115
-0.029106476
-0.029052999
-0.030374079
-0.029609834
-0.029682005
-0.029982955
-0.030744325
-0.030681475
-0.029822033
-0.030573801
-0.03045095
-0.0132241
-0.015310535
-0.015928579
-0.019448724
-0.017590653
-0.016986921
-0.017440184
-0.019234752
-0.019875386
-0.018697967
-0.020514006
-0.021042678
-0.037619143
-0.037422894
-0.037611166
-0.037190546
-0.037505182
-0.037297456
-0.037091939
-0.036700613
-0.03696298
-0.037546718
-0.03722526
-0.037437688
-0.023047374
-0.023648408
-0.022887599
-0.023520476
-0.023022582
-0.023770858
-0.024220403
-0.024669634
-0.023953827
-0.022658534
-0.023152793
-0.022404826
-0.01951576
-0.019023641
-0.018215676
-0.017022792
-0.017543763
-0.018362373
-0.018450986
-0.017901321
-0.017124782
-0.016730073
-0.016211486
-0.015324392
-0.031613976
-0.031302817
-0.031843162
-0.031390392
-0.031780192
-0.031247885
-0.030905556
-0.030502969
-0.031048256
-0.032019766
-0.031618918
-0.032119592
-0.019805433
-0.02101595
-0.020213472
-0.021822917
-0.020762914
-0.021550005
-0.02221894
-0.023213556
-0.022466706
-0.020579227
-0.021629348
-0.02084452
-0.01813967
-0.01569029
-0.016337878
-0.012059153
-0.014727958
-0.01405345
-0.012813624
-0.010016105
-0.010780184
-0.01424651
-0.011569668
-0.012243273
-0.009936489
-0.0091901484
-0.0097854194
-0.0086781016
-0.0094460191
-0.0088551023
-0.0083560245
-0.0075867754
-0.0081804109
-0.0095941252
-0.0088221152
-0.0093989905
-0.0046656389
-0.0055622976
-0.0047806647
-0.005962117
-0.0051332231
-0.0059061358
-0.0064888193
-0.0072823743
-0.0065308815
-0.004874693
-0.0056974086
-0.0049286943
-0.0062188459
-0.0078738469
-0.0061528845
-0.0082830168
-0.0067211
-0.0084103581
-0.0095558961
-0.010968381
-0.0094077555
-0.0060523294
-0.0076248256
-0.0059327898
-0.0065439185
-0.0075013761
-0.0073759907
-0.0089825143
-0.0080296075
-0.008154834
-0.0085347401
-0.0094592484
-0.0093689189
-0.0082742025
-0.0092337248
-0.0090810091
-0.0204069
-0.019666892
-0.019577967
-0.018225288
-0.018999028
-0.019076102
-0.018801409
-0.017967776
-0.017945556
-0.018654103
-0.017886486
-0.017799917
-0.022849663
-0.021244877
-0.022879628
-0.020671493
-0.02229946
-0.020657259
-0.019423656
-0.017709117
-0.019440182
-0.02289168
-0.021273596
-0.022884858
-0.013874866
-0.015678623
-0.014230814
-0.016722543
-0.015005245
-0.016430439
-0.01754662
-0.019132973
-0.017814237
-0.014592952
-0.016308189
-0.014885178
-0.0092517333
-0.0083330818
-0.0086076468
-0.0071129484
-0.0080343271
-0.0077603254
-0.0073076509
-0.0063563404
-0.0066653715
-0.0078894386
-0.0069732341
-0.0072285096
-0.022558149
-0.022410204
-0.021852975
-0.021370526
-0.021539308
-0.022088433
-0.022202937
-0.021962549
-0.02148378
-0.021066054
-0.020906522
-0.020339082
-0.019085061
-0.019516118
-0.018379077
-0.018676763
-0.018278323
-0.019398857
-0.019913655
-0.020200958
-0.019191561
-0.017583645
-0.01800158
-0.016841455
-0.01095393
-0.012544769
-0.011588171
-0.013973457
-0.012399799
-0.013352253
-0.01426232
-0.015796629
-0.014883905
-0.012270397
-0.013849436
-0.012877678
-0.032622406
-0.032627605
-0.033317144
-0.033522587
-0.033554847
-0.032874597
-0.032593862
-0.032522133
-0.033250107
-0.034022052
-0.033988882
-0.034614441
-0.0097601872
-0.01025595
-0.0095180361
-0.010030094
-0.0096002153
-0.010319132
-0.010723816
-0.011084367
-0.010419131
-0.0092328738
-0.0096662059
-0.0089527499
-0.00086516789
-0.0022494845
-0.0018358684
-0.004030121
-0.00268255
-0.0031033834
-0.003748135
-0.0050859678
-0.0046727021
-0.0028623618
-0.0042008446
-0.0037558295
-0.037286548
-0.037200339
-0.036996668
-0.036618081
-0.036821179
-0.037018995
-0.037007883
-0.036744144
-0.036587685
-0.036599982
-0.036382794
-0.036166482
-0.015811167
-0.015414739
-0.016554656
-0.016264267
-0.016681312
-0.015530977
-0.014923902
-0.014420773
-0.015655179
-0.017361585
-0.016954698
-0.01808556
-0.01057255
-0.010378351
-0.0093518855
-0.0085014198
-0.0087934963
-0.0098316428
-0.010104518
-0.0098016607
-0.0087679204
-0.0079203241
-0.0076094624
-0.0065322658
-0.0094555824
-0.0091254685
-0.0082072033
-0.0071505811
-0.0075880365
-0.0085126302
-0.0086928433
-0.0082350113
-0.0073176405
-0.0067483766
-0.0062907125
-0.0053409769
-0.023486663
-0.022483376
-0.023471824
-0.021966827
-0.023075215
-0.022065963
-0.0212679
-0.020048645
-0.021140224
-0.023413376
-0.02229768
-0.023313448
-0.012876634
-0.012373097
-0.011716276
-0.010475228
-0.011076014
-0.011726903
-0.01173987
-0.011087904
-0.010467779
-0.010381894
-0.0097663098
-0.009108371
-0.02478195
-0.023084961
-0.024786008
-0.022416927
-0.024164512
-0.022439861
-0.021090417
-0.019157502
-0.021079432
-0.024739825
-0.023027497
-0.02465547
-0.036837592
-0.036960425
-0.037170107
-0.03723346
-0.03728021
-0.037065016
-0.036963435
-0.036858932
-0.037108575
-0.037421175
-0.037356344
-0.037555836
-0.00027128067
-0.0010365204
-0.0002845303
-0.0013010993
-0.00056206483
-0.0013144541
-0.0018605394
-0.0025920428
-0.0018422079
-0.00028242928
-0.0010153023
-0.00026354928
-0.018131083
-0.016295717
-0.015679646
-0.011940006
-0.014019067
-0.01464607
-0.014109823
-0.011984824
-0.011384922
-0.012791081
-0.010675293
-0.009988092
-0.024143035
-0.023624478
-0.023288617
-0.022201782
-0.022774627
-0.023099205
-0.022995929
-0.022368449
-0.02208768
-0.022325609
-0.021753458
-0.021424528
-0.025598252
-0.026922529
-0.025486918
-0.027176434
-0.025922646
-0.027331259
-0.028245274
-0.029328293
-0.028082787
-0.025331279
-0.026605795
-0.025161669
-0.0027956594
-0.0020572844
-0.0025858417
-0.0014446918
-0.0022226155
-0.0016987551
-0.0012233052
-0.00044988333
-0.00096937074
-0.0023202116
-0.0015351915
-0.0020488216
-0.036427253
-0.036097743
-0.035972932
-0.035260427
-0.035661873
-0.035782743
-0.035665229
-0.035199504
-0.035128315
-0.035422917
-0.035011421
-0.034872114
-0.010579886
-0.0079237356
-0.0099603262
-0.0060079807
-0.0087526501
-0.0066839146
-0.0048609841
-0.0019520092
-0.004171261
-0.0092470552
-0.0065220184
-0.0085623591
-0.0051131834
-0.00569487
-0.0050044856
-0.0057292126
-0.0051680485
-0.0058607694
-0.0063192449
-0.0068765969
-0.0061859222
-0.0048644796
-0.0054208576
-0.0047188573
-0.02556816
-0.024612791
-0.024654387
-0.022899318
-0.023954279
-0.023885747
-0.023446823
-0.022281859
-0.022440759
-0.023614545
-0.022567466
-0.022631481
-0.017254202
-0.01733144
-0.016604587
-0.01641785
-0.016381485
-0.017105923
-0.017381159
-0.017395038
-0.016685126
-0.015865129
-0.015895003
-0.015165964
-0.0047450813
-0.0054498236
-0.0049658574
-0.0060075345
-0.0053019939
-0.0057904255
-0.0062176903
-0.0069110544
-0.0064414933
-0.0051918553
-0.0059008104
-0.0053834188
-0.029972789
-0.029383535
-0.030051351
-0.029206678
-0.029840859
-0.029182465
-0.028699541
-0.028045655
-0.028726217
-0.030078268
-0.029437109
-0.030056346
-0.017339147
-0.014990938
-0.016502463
-0.012812729
-0.015309629
-0.013761834
-0.01224081
-0.0095769268
-0.011261306
-0.015522913
-0.013034403
-0.014571344
-0.014778052
-0.0162743
-0.016019345
-0.018439917
-0.016998029
-0.017262213
-0.017883159
-0.019319327
-0.019062133
-0.017325254
-0.018757759
-0.018461531
-0.0114826
-0.011126103
-0.011911825
-0.011505176
-0.011927943
-0.01112387
-0.010658821
-0.010166115
-0.011024986
-0.012362278
-0.011943205
-0.012750368
-0.01368402
-0.014512771
-0.014098775
-0.01536307
-0.014544324
-0.014967018
-0.015412854
-0.016223097
-0.015816911
-0.014519954
-0.015337796
-0.014875482
-0.029771567
-0.028707101
-0.029774308
-0.028199265
-0.029369482
-0.028272412
-0.027403337
-0.026099155
-0.027316036
-0.029727598
-0.028574893
-0.029640926
-0.034060813
-0.033312092
-0.033495493
-0.032109891
-0.03296993
-0.032797511
-0.03241387
-0.031526115
-0.031718908
-0.032770555
-0.031889508
-0.03201036
-0.023487385
-0.023275438
-0.02275166
-0.022178523
-0.022404731
-0.022921304
-0.022988742
-0.022678629
-0.022254437
-0.021923521
-0.021712533
-0.02115043
-0.014081468
-0.013000116
-0.013125545
-0.011256366
-0.012372366
-0.012238624
-0.011773004
-0.010623878
-0.010783491
-0.012062789
-0.010946833
-0.011081772
-0.017112155
-0.017974291
-0.017580785
-0.018904902
-0.018056171
-0.018460293
-0.018906133
-0.01974173
-0.019361564
-0.018051901
-0.018901056
-0.018444631
-0.03062442
-0.031447838
-0.031445469
-0.032780871
-0.032015817
-0.032034759
-0.0323079
-0.033046775
-0.033060151
-0.032255969
-0.033010255
-0.032912287
-0.0084660925
-0.010429886
-0.010385492
-0.013607965
-0.011765758
-0.011806292
-0.012483229
-0.014250318
-0.014261815
-0.012409239
-0.014231354
-0.014168922
-0.034968393
-0.035342327
-0.035503893
-0.036110754
-0.03581308
-0.035646594
-0.03568405
-0.035922215
-0.03613204
-0.036042449
-0.036329196
-0.036480582
-0.0091553257
-0.0079152899
-0.0080264975
-0.0058336922
-0.0071481345
-0.007016609
-0.0064688018
-0.0050704482
-0.0052694592
-0.0067621407
-0.0054528015
-0.0055858419
-0.016932103
-0.015653502
-0.016223809
-0.014201882
-0.015494966
-0.014919918
-0.014218872
-0.012878709
-0.013500929
-0.015434719
-0.014148834
-0.014707087
-0.030976959
-0.031126348
-0.03168187
-0.031953915
-0.031938533
-0.031396505
-0.031202571
-0.031203979
-0.031754505
-0.032332857
-0.032328488
-0.032830476
-0.036921595
-0.037172977
-0.03723139
-0.037578687
-0.037413504
-0.037343207
-0.037358434
-0.037433423
-0.037572543
-0.0375269
-0.037682421
-0.037746629
-0.018030463
-0.019150182
-0.018100736
-0.019615341
-0.018525696
-0.019576879
-0.020336227
-0.021381006
-0.02038494
-0.018130635
-0.019229298
-0.018115498
-0.0063717298
-0.0079799995
-0.0071096824
-0.0095673056
-0.0079665793
-0.0088363275
-0.0097242285
-0.011285744
-0.010459279
-0.0079054057
-0.0095126016
-0.0086201796
-0.0035565013
-0.0025381061
-0.0025819151
-0.00078794525
-0.0018324082
-0.001803234
-0.0014065019
-0.00037400399
-0.00039994611
-0.0014566514
-0.00040471303
-0.00039800015
-0.034718058
-0.035373595
-0.034601289
-0.035407187
-0.034794984
-0.035548281
-0.035991742
-0.03646485
-0.035854333
-0.034440805
-0.035075055
-0.034265974
-0.026875354
-0.025571563
-0.025038103
-0.022318422
-0.023812327
-0.02436026
-0.024010299
-0.022457335
-0.021942149
-0.022848317
-0.021315069
-0.02068846
-0.013589682
-0.011803613
-0.011761741
-0.008474194
-0.010394488
-0.01043137
-0.00973296
-0.007750711
-0.0077552019
-0.0096653239
-0.0077274415
-0.0076734316
-0.0069502727
-0.0070479427
-0.0064464639
-0.006346773
-0.0062895273
-0.0068821822
-0.0071127473
-0.0071302792
-0.0065663188
-0.0058793712
-0.0059341661
-0.0053460125
-0.0071921554
-0.0072488766
-0.0067160025
-0.0065509229
-0.0065479825
-0.007074027
-0.0072648648
-0.0072409862
-0.0067313045
-0.0061668161
-0.0061650808
-0.0056419996
-0.0098450726
-0.0086717138
-0.0086804545
-0.0065997776
-0.0078187962
-0.0077938417
-0.0073187428
-0.0060318552
-0.0061149488
-0.0073890726
-0.00617591
-0.0062004188
-0.013810208
-0.014319626
-0.013394674
-0.013887666
-0.013422675
-0.014334318
-0.014823538
-0.015227045
-0.014366166
-0.012924499
-0.013393892
-0.012482435
-0.025925459
-0.02585394
-0.024826652
-0.024254807
-0.02437172
-0.025415424
-0.025734095
-0.025587921
-0.024587177
-0.023539372
-0.023421474
-0.022303092
-0.031147536
-0.031854485
-0.03177205
-0.032857071
-0.032241375
-0.032302603
-0.032524712
-0.033025317
-0.033054882
-0.032423248
-0.033039029
-0.032979426
-0.034371621
-0.03516522
-0.034809803
-0.035908856
-0.035228104
-0.035569941
-0.035927285
-0.03652404
-0.036243757
-0.035226505
-0.035896399
-0.035543394
-0.01226021
-0.012026445
-0.013136028
-0.013111943
-0.01336985
-0.012251815
-0.011707489
-0.011347232
-0.012568992
-0.014076443
-0.013834642
-0.014911045
-0.011133209
-0.010231105
-0.0095946602
-0.0077519734
-0.0086819818
-0.0093349933
-0.0092192729
-0.0082781807
-0.0076509451
-0.0078370775
-0.0069020237
-0.0061682178
-0.02306613
-0.023389016
-0.023730652
-0.024392049
-0.024090166
-0.023740931
-0.023694993
-0.023920215
-0.024348246
-0.024443118
-0.024755755
-0.025078684
-0.0030039288
-0.0021715673
-0.0021385389
-0.00065927563
-0.001515684
-0.0015376967
-0.0012190392
-0.00032791761
-0.00033678416
-0.0011811661
-0.00033344558
-0.00031022174
-0.013112615
-0.014912475
-0.014180677
-0.016804349
-0.015174156
-0.015903224
-0.01676592
-0.01835185
-0.017644495
-0.015239364
-0.016847617
-0.016103613
-0.0034802638
-0.0034974383
-0.0041261595
-0.0043285811
-0.0043587908
-0.0037209453
-0.003471401
-0.0034078835
-0.0040677136
-0.0048175759
-0.0047850623
-0.0054283852
-0.0088824139
-0.0066242782
-0.0078326205
-0.0042708754
-0.0066135377
-0.0053729145
-0.0040044703
-0.0014842237
-0.0028788585
-0.0066602444
-0.0043304209
-0.0055671652
-0.0077437347
-0.0073162823
-0.0069835427
-0.0061087416
-0.0065489592
-0.0068749644
-0.0068187013
-0.0063405861
-0.0060527685
-0.0061415462
-0.0057093332
-0.0053688327
-0.027835594
-0.028481007
-0.027919876
-0.028748997
-0.028160148
-0.028734579
-0.029153474
-0.02973516
-0.029173657
-0.027942357
-0.028521565
-0.027898773
-0.015366755
-0.015425285
-0.016877257
-0.017432317
-0.017421676
-0.015987682
-0.015446179
-0.01543125
-0.01690689
-0.01844528
-0.018454719
-0.019803671
-0.018646519
-0.019199172
-0.019907452
-0.021087229
-0.020553438
-0.019860953
-0.019774628
-0.020269502
-0.02102046
-0.021221493
-0.021759962
-0.022363387
-0.028064572
-0.027503629
-0.028857529
-0.02833418
-0.028923326
-0.02758323
-0.026834247
-0.026175273
-0.027610778
-0.029641381
-0.029063478
-0.030284836
-0.0091651897
-0.011842638
-0.0097484249
-0.013483051
-0.010924105
-0.01298057
-0.014608369
-0.016966173
-0.015089349
-0.010341215
-0.01291538
-0.010835099
-0.026467606
-0.02680609
-0.026111403
-0.026369365
-0.026092079
-0.02677281
-0.027100377
-0.027284187
-0.026677856
-0.025698276
-0.025970698
-0.025293981
-0.0094622539
-0.010497671
-0.0087588205
-0.0098765206
-0.0088747111
-0.01060537
-0.011587227
-0.012530704
-0.010854125
-0.0079685264
-0.0089749539
-0.0072306961
-0.035400554
-0.035866193
-0.035380883
-0.035881541
-0.035519142
-0.035986
-0.036262749
-0.036509415
-0.036132476
-0.035311886
-0.035666171
-0.035196097
-0.010129317
-0.0089076849
-0.0087248388
-0.0064060625
-0.0077351966
-0.00790596
-0.007476093
-0.0060888856
-0.0059563283
-0.0071261094
-0.0057919108
-0.005623229
-0.00051414181
-0.0019089149
-0.00051995615
-0.0023871974
-0.0010282191
-0.0024108319
-0.0034114415
-0.0047432065
-0.0033784999
-0.00051563358
-0.0018717261
-0.0004987236
-0.022326121
-0.021738143
-0.023071698
-0.022494976
-0.023124895
-0.021776382
-0.02100515
-0.02025833
-0.021729486
-0.023854342
-0.023244941
-0.024536783
-0.01946881
-0.020234413
-0.018820688
-0.019595507
-0.018860868
-0.020263146
-0.020993443
-0.021601233
-0.02032998
-0.018082362
-0.018834709
-0.017385735
-0.0067112939
-0.0071979112
-0.0074513595
-0.0083811313
-0.0079013817
-0.0076427576
-0.0077048541
-0.0081408149
-0.0084465368
-0.0082559741
-0.0087447443
-0.0089827011
-0.0030393477
-0.0031007569
-0.0026903212
-0.0026010833
-0.0025782155
-0.0029782215
-0.0031249458
-0.0031070326
-0.0027366451
-0.0022967059
-0.0023188284
-0.0019249435
-0.00046573387
-0.0017274367
-0.00049273766
-0.0022408721
-0.00096717804
-0.0022089792
-0.0031050263
-0.004335532
-0.0031523078
-0.00049770626
-0.0017821313
-0.0004926319
-0.017110852
-0.015462005
-0.016316865
-0.013652872
-0.015394783
-0.014532194
-0.013567761
-0.011756466
-0.012665537
-0.015391638
-0.013634692
-0.014489793
-0.011679756
-0.012479536
-0.012746698
-0.014119381
-0.013411502
-0.013124691
-0.013266005
-0.013907174
-0.014242769
-0.013882571
-0.014590953
-0.014882609
-0.029892303
-0.029281521
-0.029487559
-0.028490098
-0.029111424
-0.028906321
-0.028578771
-0.027907546
-0.028168342
-0.0290201
-0.028407271
-0.02857622
-0.0069032132
-0.0049500941
-0.0049319992
-0.0014915302
-0.0034835087
-0.0034961575
-0.0027612368
-0.00074345155
-0.00075336117
-0.0027413828
-0.00075056161
-0.0007359557
-0.033411427
-0.033463728
-0.033852387
-0.034023681
-0.034025371
-0.033618758
-0.033435484
-0.033335034
-0.033834048
-0.034309938
-0.034320266
-0.034700909
-0.02427029
-0.025258291
-0.024948244
-0.026462519
-0.025530987
-0.025849941
-0.026298903
-0.027211148
-0.026912697
-0.025628123
-0.026549509
-0.026192386
-0.016761552
-0.017221162
-0.016651438
-0.017160979
-0.016759991
-0.017327805
-0.017681546
-0.018065827
-0.017507119
-0.016492288
-0.016886051
-0.016314239
-0.00064516359
-0.0023509266
-0.00067389266
-0.0030082424
-0.0013051855
-0.0029921829
-0.0042074754
-0.005842995
-0.0042331133
-0.00066887891
-0.002382399
-0.00066288363
-0.020139172
-0.020914097
-0.019869804
-0.020759872
-0.020045554
-0.021071989
-0.02168609
-0.022309929
-0.02135834
-0.01955523
-0.020273422
-0.019247422
-0.030602225
-0.029829601
-0.030132929
-0.02882691
-0.029654119
-0.029358097
-0.028937168
-0.028084704
-0.028404202
-0.029558211
-0.028720732
-0.028976315
-0.016181586
-0.01537052
-0.015661997
-0.014343778
-0.015166198
-0.014881898
-0.014469583
-0.013639902
-0.0139379
-0.015062955
-0.014239626
-0.014493195
-0.019415322
-0.01782508
-0.018861706
-0.016346782
-0.01805337
-0.016993819
-0.015964015
-0.01415559
-0.015289011
-0.018210621
-0.016496982
-0.017563398
-0.0076902693
-0.0085847163
-0.0077537335
-0.0089664141
-0.0080898744
-0.0089331197
-0.0095554348
-0.01042755
-0.0095966969
-0.0077771363
-0.0086493628
-0.0077586479
-0.037868114
-0.037794608
-0.0379697
-0.037829035
-0.03795275
-0.037789129
-0.037670789
-0.037521996
-0.03771454
-0.038009609
-0.037878977
-0.037987042
-0.0087001103
-0.0087210837
-0.0095689443
-0.0099033179
-0.0098947324
-0.0090404623
-0.0087075372
-0.0086546713
-0.0095696425
-0.010515902
-0.01053248
-0.011371637
-0.004592479
-0.0033715188
-0.0041364093
-0.0022906465
-0.0035204871
-0.0027545557
-0.0020074933
-0.00075019004
-0.0015498238
-0.0036186702
-0.0023959394
-0.0031332975
-0.031054188
-0.031812405
-0.03206235
-0.033254557
-0.032656485
-0.032403102
-0.032527436
-0.033076518
-0.033357542
-0.033061156
-0.033642193
-0.033881928
-0.013512549
-0.012871659
-0.012772928
-0.011544811
-0.012256204
-0.012334616
-0.012083213
-0.01128541
-0.011273619
-0.011941507
-0.011231942
-0.011161628
-0.034482554
-0.034619578
-0.033968683
-0.033913529
-0.033810252
-0.034471547
-0.034731714
-0.034800322
-0.034183879
-0.033342806
-0.03344537
-0.032728123
-0.031643222
-0.032513513
-0.03213045
-0.033377238
-0.032596824
-0.032977711
-0.033392503
-0.034125478
-0.033779456
-0.032602477
-0.03336929
-0.03296997
-0.011242627
-0.01185666
-0.011131811
-0.011880884
-0.011299567
-0.012032247
-0.012511959
-0.013090887
-0.012361166
-0.01096921
-0.011542255
-0.010782825
-0.016875257
-0.015984124
-0.015587028
-0.013805832
-0.014771391
-0.015155433
-0.014932911
-0.013918218
-0.013570276
-0.014137423
-0.013170939
-0.01278734
-0.029550626
-0.029476342
-0.030171436
-0.030178371
-0.030335713
-0.0296529
-0.029342248
-0.029176001
-0.029867646
-0.030768092
-0.030596911
-0.031238072
-0.011880019
-0.013676217
-0.013094673
-0.015834451
-0.014160432
-0.01473516
-0.015554779
-0.01718923
-0.016637927
-0.014356046
-0.016014377
-0.015429861
-0.015184302
-0.014381443
-0.014859449
-0.013627836
-0.014440615
-0.013967194
-0.013490559
-0.012671348
-0.013155798
-0.014482845
-0.013669877
-0.014121801
-0.014993323
-0.014144887
-0.014190128
-0.012718845
-0.013583964
-0.013532397
-0.01318691
-0.01229438
-0.012373088
-0.013299044
-0.012439775
-0.012479824
-0.027602461
-0.027412501
-0.027853625
-0.027558452
-0.027851576
-0.027396048
-0.02711594
-0.026772632
-0.027260333
-0.028082511
-0.027782992
-0.02824255
-0.016637337
-0.015244669
-0.015744522
-0.013489233
-0.014904815
-0.0143968
-0.013674168
-0.012212351
-0.012767559
-0.014746785
-0.013340373
-0.01382477
-0.0080699669
-0.0091928714
-0.010052389
-0.012190691
-0.011148348
-0.010301515
-0.010360969
-0.011368193
-0.012245862
-0.012131572
-0.013159833
-0.013944198
-0.024611924
-0.025771643
-0.025426408
-0.027253944
-0.026139441
-0.026474783
-0.02698302
-0.028017483
-0.027749877
-0.026300669
-0.027413553
-0.027072658
-0.020660605
-0.021460329
-0.021825392
-0.023317013
-0.022534031
-0.02217704
-0.02231465
-0.023070171
-0.023465556
-0.023060851
-0.023845494
-0.024142843
-0.022813935
-0.022195534
-0.023248809
-0.022493579
-0.023172615
-0.02210077
-0.021433395
-0.020662313
-0.021812819
-0.023705586
-0.023032217
-0.024099115
-0.026605813
-0.026971381
-0.027188349
-0.027891315
-0.027531151
-0.027317956
-0.027343434
-0.027652122
-0.027927245
-0.027800628
-0.02816988
-0.028335697
-0.008374499
-0.0090265764
-0.0076359019
-0.0082068711
-0.0075821173
-0.008990489
-0.0097218308
-0.01033669
-0.0089509417
-0.0067535834
-0.0073739138
-0.0058898732
-0.00082426467
-0.0029778963
-0.00085391543
-0.0038076532
-0.0016602503
-0.0037816908
-0.0052995142
-0.0073356709
-0.0053379839
-0.00085653071
-0.0030224116
-0.00084571311
-0.0052938479
-0.0038739141
-0.0048677402
-0.0027592002
-0.0041867606
-0.0031969071
-0.0023057038
-0.00087370642
-0.0018734544
-0.0043823059
-0.0029552451
-0.0039269818
-0.010605201
-0.010890924
-0.011738279
-0.012419867
-0.012223815
-0.011380162
-0.011140457
-0.011318807
-0.012173507
-0.012910704
-0.013092377
-0.013912664
-0.0026664115
-0.0019109941
-0.0018950744
-0.0005762581
-0.0013377211
-0.0013490302
-0.0010630404
-0.00027848088
-0.00029101827
-0.0010445598
-0.00028945182
-0.00027146918
-0.0014178331
-0.0034390403
-0.0032774125
-0.0066804386
-0.0046917524
-0.0048494034
-0.0056256755
-0.0075771383
-0.0074505282
-0.0053019894
-0.0072893301
-0.0071223095
-0.036660669
-0.03640446
-0.036675886
-0.036107398
-0.036532251
-0.036253341
-0.035990751
-0.035514771
-0.035824309
-0.036581251
-0.036144936
-0.036414214
-0.019039316
-0.017594186
-0.018001414
-0.015577222
-0.017070269
-0.016669945
-0.015971972
-0.014467416
-0.014879812
-0.01680933
-0.015308781
-0.015682506
-0.022507444
-0.023679903
-0.023300075
-0.025102975
-0.024008863
-0.024362735
-0.024855304
-0.025819183
-0.025575431
-0.024147948
-0.025250519
-0.024893886
-0.013442573
-0.012856146
-0.013661458
-0.012897925
-0.013512716
-0.012712561
-0.012193121
-0.011571769
-0.012376888
-0.013868102
-0.013246432
-0.01402652
-0.010952395
-0.010792362
-0.010264536
-0.0097638856
-0.0099508631
-0.010469967
-0.010582772
-0.010362125
-0.009871933
-0.0094998591
-0.0093175623
-0.0087952899
-0.008041906
-0.0070277292
-0.0075408494
-0.0059316697
-0.0069720451
-0.0064650887
-0.0058949984
-0.004848348
-0.0053629951
-0.0069558139
-0.0059095456
-0.0063927346
-0.015449069
-0.016358317
-0.016937888
-0.018674449
-0.017801127
-0.017224124
-0.017319466
-0.018159273
-0.018769692
-0.018534496
-0.01940524
-0.019955067
-0.017263659
-0.017321086
-0.016256766
-0.015845713
-0.015869174
-0.016953533
-0.017335616
-0.017308455
-0.016236241
-0.015050477
-0.015012729
-0.013870274
-0.015960883
-0.017454621
-0.017610263
-0.020096275
-0.018719487
-0.01856424
-0.019007746
-0.020351565
-0.020528227
-0.01933574
-0.020697119
-0.020830666
-0.016525492
-0.015193491
-0.014565515
-0.01182241
-0.013304841
-0.01393921
-0.013624271
-0.012098551
-0.011489599
-0.01229283
-0.010786146
-0.010112981
-0.0076344016
-0.0068346847
-0.0078309919
-0.0067426546
-0.0075970176
-0.0065918365
-0.0059027781
-0.004998962
-0.0060381633
-0.0080235591
-0.0071622595
-0.0081692931
-0.00051664426
-0.0019474901
-0.00053462312
-0.0024966558
-0.0010633107
-0.0024828711
-0.0035181413
-0.0049393055
-0.0035392105
-0.0005365889
-0.0019719477
-0.00052936731
-0.017332591
-0.01648923
-0.015677029
-0.013853918
-0.014743461
-0.015559369
-0.015523865
-0.01461274
-0.013818509
-0.013812862
-0.012920938
-0.012081164
-0.014635129
-0.015589067
-0.01500343
-0.01643826
-0.015484088
-0.016074383
-0.01661866
-0.017537353
-0.016994008
-0.015384334
-0.01634556
-0.015716427
-0.036540036
-0.036623649
-0.036104717
-0.036017873
-0.035957515
-0.036492036
-0.036672049
-0.036673001
-0.036218923
-0.035549348
-0.035617309
-0.034980583
-0.014549166
-0.01556244
-0.015921357
-0.017714662
-0.016776582
-0.016405879
-0.016604732
-0.01749407
-0.01789982
-0.017391779
-0.018327624
-0.018696126
-0.031861421
-0.031564657
-0.032416245
-0.032179285
-0.032505709
-0.031645562
-0.031156011
-0.03070302
-0.031700358
-0.032985589
-0.032679832
-0.033473783
-0.031044409
-0.030742803
-0.031430598
-0.031056851
-0.031423289
-0.030755293
-0.030369941
-0.02999297
-0.030675855
-0.031753474
-0.031373529
-0.031967461
-0.0026815281
-0.001915155
-0.0019108737
-0.00057880683
-0.0013485472
-0.0013514315
-0.0010610373
-0.00027677427
-0.00029205843
-0.0010561556
-0.00029151814
-0.00027436674
-0.018199829
-0.019578932
-0.01880006
-0.020882367
-0.019522825
-0.020293849
-0.02104638
-0.02233402
-0.021634434
-0.019446663
-0.020814791
-0.02002417
-0.014138048
-0.013359349
-0.014431297
-0.013437698
-0.014238096
-0.013177466
-0.01248435
-0.011669997
-0.01275248
-0.014706361
-0.013903527
-0.014917958
-0.029873249
-0.029633562
-0.02929529
-0.028674367
-0.028980692
-0.029306231
-0.029296881
-0.028914716
-0.028648189
-0.028631108
-0.02832206
-0.027995034
-0.0009880825
-0.0035309718
-0.0010073356
-0.0044406857
-0.0019497826
-0.0044549832
-0.006237448
-0.0085749565
-0.0062168193
-0.0010041044
-0.0035070318
-0.00097747988
-0.019788069
-0.021132456
-0.019520123
-0.021176911
-0.01990473
-0.021492665
-0.022494884
-0.023642234
-0.022176258
-0.019183616
-0.020477205
-0.01884056
-0.035863414
-0.036272395
-0.036404322
-0.03704532
-0.03671716
-0.036595013
-0.036669038
-0.036984774
-0.037114923
-0.036918564
-0.037233048
-0.037319348
-0.010781941
-0.011008881
-0.011448183
-0.011991356
-0.01177574
-0.011329304
-0.011225248
-0.011391064
-0.011887803
-0.012174434
-0.012397581
-0.01283085
-0.031856045
-0.031277324
-0.0313772
-0.030383204
-0.030986023
-0.030879939
-0.030593962
-0.029927208
-0.030102923
-0.030822341
-0.030232198
-0.030293967
-0.027634429
-0.027968066
-0.028391712
-0.029067746
-0.028775329
-0.028351126
-0.028292961
-0.028552566
-0.029004301
-0.029189831
-0.029477353
-0.02988849
-0.021012092
-0.022477007
-0.023146458
-0.025662151
-0.024384174
-0.023732648
-0.023959656
-0.02519446
-0.025868424
-0.025310689
-0.026552082
-0.027125515
-0.0052244651
-0.0038911672
-0.0051717292
-0.0032754386
-0.0046537018
-0.0033653692
-0.0023845904
-0.0009846391
-0.0022874564
-0.0050938939
-0.0037134251
-0.0050033003
-0.00069443697
-0.0018383506
-0.0014649725
-0.0032759617
-0.002154244
-0.0025355387
-0.0030826746
-0.0041999877
-0.0038248847
-0.0022786995
-0.0033941702
-0.0029879794
-0.035910412
-0.036366819
-0.036064325
-0.036650009
-0.036253804
-0.036576384
-0.036813715
-0.037173173
-0.036904257
-0.03612945
-0.036523824
-0.0361092
-0.0091156633
-0.010434665
-0.010033436
-0.012121156
-0.010836676
-0.011244624
-0.011863677
-0.013145566
-0.012739188
-0.011002857
-0.012278498
-0.011844526
-0.014506794
-0.015888424
-0.015429449
-0.017625053
-0.016269209
-0.016721505
-0.017370009
-0.018684265
-0.018272697
-0.016425494
-0.017788078
-0.017317806
-0.023230048
-0.02475152
-0.024784116
-0.0272001
-0.025853714
-0.02581032
-0.026276289
-0.027555247
-0.027643894
-0.026380684
-0.02770682
-0.027734662
-0.026743811
-0.027947276
-0.027784318
-0.029662161
-0.028566967
-0.028728312
-0.029183091
-0.030230323
-0.030099101
-0.028846703
-0.02992548
-0.029740539
-0.013646385
-0.014412971
-0.014680977
-0.016071905
-0.015324718
-0.015069666
-0.015237961
-0.015972721
-0.016250488
-0.015764057
-0.016509773
-0.016705711
-0.007889772
-0.0057120848
-0.0057224194
-0.0017830795
-0.0040804913
-0.0040751576
-0.0032178922
-0.00089204453
-0.00092027494
-0.0032301487
-0.00091637586
-0.00090330237
-0.016673537
-0.017818948
-0.016936334
-0.018485259
-0.017426955
-0.018297966
-0.018994112
-0.019992947
-0.019162743
-0.017180213
-0.01822934
-0.017359576
-0.01723427
-0.018955696
-0.017685146
-0.020147701
-0.018471689
-0.019732907
-0.020789757
-0.022402236
-0.021198485
-0.018154458
-0.019835289
-0.018558371
-0.015458657
-0.014086563
-0.015114959
-0.013097694
-0.014486544
-0.013449715
-0.012523775
-0.011043998
-0.012174725
-0.014721319
-0.013347274
-0.014348674
-0.013516414
-0.014542725
-0.01391759
-0.015389326
-0.014422711
-0.015040914
-0.015617206
-0.016552321
-0.015954152
-0.014326709
-0.015287794
-0.014671341
-0.023441796
-0.022178023
-0.023514992
-0.021806796
-0.023077906
-0.021739014
-0.020754357
-0.019422707
-0.020828269
-0.023578931
-0.022316909
-0.023622363
-0.033009761
-0.033119389
-0.032641501
-0.032566479
-0.032532682
-0.032992743
-0.033153754
-0.033110855
-0.032715987
-0.032201759
-0.032242553
-0.031770989
-0.029637366
-0.03000227
-0.029333686
-0.029633389
-0.029326606
-0.030007073
-0.030360698
-0.030650417
-0.029988869
-0.028926623
-0.029222809
-0.028493923
-0.024332481
-0.025600771
-0.025516406
-0.027587923
-0.026390475
-0.026472646
-0.026933728
-0.02809183
-0.028037851
-0.026763827
-0.027952738
-0.027848366
-0.010849537
-0.012343309
-0.011480158
-0.013712715
-0.012254433
-0.013104125
-0.013922742
-0.015307985
-0.014529696
-0.012153051
-0.013624602
-0.01274769
-0.011707161
-0.011747906
-0.010807911
-0.010501166
-0.010489938
-0.011421522
-0.011744651
-0.011696154
-0.010825903
-0.0097977617
-0.0098205863
-0.0088596661
-0.0079400574
-0.0080012392
-0.0069190101
-0.0066152151
-0.0065678312
-0.0076423414
-0.008029913
-0.0080176212
-0.0070034446
-0.0057900931
-0.0058463906
-0.0047564191
-0.000583619
-0.0014866414
-0.0013173006
-0.0028103375
-0.0019197781
-0.0020795172
-0.002445687
-0.003286489
-0.0031753727
-0.0021216433
-0.0030214023
-0.0028497992
-0.035771342
-0.036314864
-0.035934488
-0.036669406
-0.036181975
-0.036549364
-0.036840555
-0.03724475
-0.036948112
-0.036087643
-0.036576753
-0.03620031
-0.018557405
-0.020513658
-0.018903347
-0.021635439
-0.019740094
-0.021328989
-0.022547037
-0.02427011
-0.022839125
-0.019256995
-0.021171235
-0.019550661
-0.0053602206
-0.0065804024
-0.0057691619
-0.0074935393
-0.0063456604
-0.0071477828
-0.0078572041
-0.0089682178
-0.0081887455
-0.0061829374
-0.0073228811
-0.006523991
-0.026960662
-0.026036565
-0.025942505
-0.024192758
-0.025191731
-0.025308473
-0.024978623
-0.023978209
-0.023872262
-0.024719276
-0.023704664
-0.023513095
-0.021794972
-0.020758704
-0.021948378
-0.020566235
-0.021616198
-0.020432656
-0.019581737
-0.018471281
-0.019727126
-0.02207631
-0.02103631
-0.022163019
-0.0078784068
-0.0086805586
-0.0076675371
-0.0086559405
-0.0078710715
-0.0088939062
-0.0095464997
-0.010321573
-0.0093161423
-0.0073975897
-0.0081799419
-0.0071224231
-0.011719952
-0.012226246
-0.012470291
-0.01343098
-0.012930712
-0.012683047
-0.012753749
-0.013204172
-0.013504546
-0.013285964
-0.013794427
-0.014022065
-0.0057512032
-0.0042509778
-0.0056955441
-0.003607737
-0.0051182264
-0.0036799592
-0.002591135
-0.0010734798
-0.0025265774
-0.0056060905
-0.0040963474
-0.005501943
-0.0015858636
-0.0039038801
-0.0034884767
-0.0072227715
-0.0050067715
-0.0054170664
-0.0063701173
-0.0085304428
-0.0081569939
-0.0055200891
-0.0077231681
-0.0073051434
-0.022594639
-0.021840438
-0.021703641
-0.020318719
-0.021092186
-0.021231809
-0.020988684
-0.02019065
-0.02007803
-0.02070046
-0.019928122
-0.019769992
-0.0058602131
-0.0050354439
-0.0055763056
-0.0043143514
-0.0051594462
-0.0046246982
-0.0041180674
-0.0032724842
-0.0038094554
-0.0052361717
-0.004385803
-0.0048998698
-0.010692898
-0.0099151972
-0.010694914
-0.009604373
-0.010400865
-0.0096287039
-0.009046176
-0.008242102
-0.0090292793
-0.010665674
-0.0098667288
-0.010608361
-0.018943123
-0.018215902
-0.017841814
-0.016398705
-0.01715987
-0.017532301
-0.017381893
-0.016594506
-0.016244206
-0.01660617
-0.015842024
-0.015459526
-0.018450025
-0.017633288
-0.01919696
-0.018316413
-0.019163905
-0.017597523
-0.016678057
-0.015749145
-0.017405957
-0.019972338
-0.019140447
-0.020638153
-0.008289822
-0.0060984763
-0.0076079254
-0.0043131786
-0.0065455489
-0.005029363
-0.0036489292
-0.0013882016
-0.0029261613
-0.0068383733
-0.0046050902
-0.0061200035
-0.029509152
-0.02896651
-0.028283896
-0.027011842
-0.02760484
-0.028309898
-0.028333895
-0.027721638
-0.027050322
-0.026834294
-0.026231133
-0.025410904
-0.02043416
-0.020389165
-0.021124945
-0.021240592
-0.021348766
-0.020598507
-0.020269274
-0.020096006
-0.02089787
-0.021857494
-0.021749447
-0.02249733
-0.011963313
-0.011362543
-0.011230251
-0.01013579
-0.01074258
-0.010871044
-0.010679573
-0.010035785
-0.0099483882
-0.01041534
-0.0098169743
-0.0096656318
-0.033334432
-0.033446727
-0.03387071
-0.034164379
-0.034098508
-0.033665019
-0.033505691
-0.033504798
-0.034006414
-0.034423557
-0.0345
-0.034897698
-0.010267139
-0.010632617
-0.012038223
-0.013137926
-0.012801543
-0.011411294
-0.010993909
-0.011287575
-0.01274057
-0.013907245
-0.014248556
-0.01553963
-0.016143574
-0.017170951
-0.016364451
-0.017788078
-0.016805453
-0.017611261
-0.018263411
-0.019223571
-0.018431647
-0.016574616
-0.017549585
-0.016735586
-0.030125886
-0.03060021
-0.029590977
-0.029996544
-0.029562905
-0.030559798
-0.031035021
-0.031352669
-0.030478336
-0.028963973
-0.029417887
-0.028360492
-0.029895212
-0.030511848
-0.030753881
-0.031781452
-0.031266123
-0.031015587
-0.031107146
-0.031573044
-0.031856221
-0.031639407
-0.032147056
-0.032393733
-0.032030262
-0.03154563
-0.031922114
-0.031165111
-0.031686333
-0.031319256
-0.030985464
-0.030452009
-0.030836766
-0.031752869
-0.031226985
-0.031554783
-0.00054874561
-0.002064401
-0.00056545603
-0.0026373601
-0.0011235041
-0.002628645
-0.0037259195
-0.0052274298
-0.0037402649
-0.00056606022
-0.002080903
-0.00055827223
-0.0080103596
-0.0089123291
-0.0087405378
-0.01022939
-0.0093383767
-0.0095040458
-0.0098703625
-0.010712419
-0.010598574
-0.0095312663
-0.010432628
-0.010242707
-0.0016071597
-0.0041316265
-0.0033486146
-0.0073076171
-0.0048866942
-0.0056581174
-0.0068121091
-0.0091498638
-0.0084364221
-0.0052114916
-0.0076188407
-0.0068429568
-0.0039496597
-0.002823869
-0.0028681755
-0.00087759697
-0.0020369053
-0.0020071228
-0.0015679673
-0.00042047783
-0.0004464092
-0.0016190921
-0.00045091362
-0.0004455132
-0.032818206
-0.032071397
-0.032205704
-0.030891076
-0.03168782
-0.031556147
-0.031204226
-0.030374269
-0.030537662
-0.031486647
-0.030685127
-0.030793413
-0.020574762
-0.021360544
-0.021495388
-0.022856689
-0.022110622
-0.02196755
-0.022173873
-0.022868326
-0.023054598
-0.022487385
-0.023231643
-0.023369241
-0.011212034
-0.012023382
-0.011037156
-0.012036146
-0.011251043
-0.012252488
-0.012895115
-0.01367001
-0.012690245
-0.01078605
-0.011567297
-0.010510837
-0.024222471
-0.023094668
-0.02438421
-0.02282068
-0.024021201
-0.022707103
-0.021746701
-0.020420066
-0.021853109
-0.024528925
-0.023344276
-0.024631421
-0.023882273
-0.025073203
-0.023939389
-0.025552664
-0.024391056
-0.025517082
-0.026332551
-0.027426325
-0.026364243
-0.023984917
-0.025152333
-0.024010479
-0.015678063
-0.015248331
-0.01509365
-0.014252438
-0.014718444
-0.014859922
-0.014721353
-0.014184013
-0.014103224
-0.014443878
-0.013981652
-0.013841448
-0.035237689
-0.035694458
-0.035455255
-0.036051498
-0.035670772
-0.035915176
-0.03613678
-0.036501063
-0.036274018
-0.035624911
-0.035996874
-0.035725144
-0.010316074
-0.010968883
-0.011009855
-0.012153666
-0.01150355
-0.011459816
-0.011662145
-0.012272338
-0.012362647
-0.011759536
-0.012419192
-0.012433308
-0.012198222
-0.01434221
-0.013628813
-0.016885097
-0.014892773
-0.01559314
-0.016570452
-0.018491526
-0.017835591
-0.015113639
-0.017091025
-0.01638483
-0.0019183643
-0.0048494417
-0.0040256488
-0.0086141219
-0.0058405967
-0.0066373025
-0.0079210343
-0.01056265
-0.0098593716
-0.00628053
-0.0090410383
-0.0082500909
-0.024437482
-0.023175406
-0.023007879
-0.020543016
-0.021973393
-0.022128363
-0.021652402
-0.020164618
-0.020047596
-0.021340623
-0.019891196
-0.019720737
-0.0082391008
-0.008565295
-0.0075384556
-0.0076903993
-0.0073973136
-0.0084133376
-0.008880585
-0.0091271762
-0.0081509932
-0.0067585586
-0.0070560988
-0.0060381197
-0.019941324
-0.020318016
-0.019702187
-0.019987358
-0.019719638
-0.020328352
-0.020647348
-0.020883648
-0.020292423
-0.019374283
-0.019634556
-0.019024976
-0.0032299599
-0.0023675581
-0.0030233555
-0.001763948
-0.0026270931
-0.0019784393
-0.0014147559
-0.00054427436
-0.0012094658
-0.0027735782
-0.0019126185
-0.0025294373
-0.037218087
-0.036857508
-0.03707751
-0.036456937
-0.036868194
-0.036660467
-0.03640581
-0.035947647
-0.036215933
-0.036846419
-0.036434524
-0.03657604
-0.016763205
-0.016665224
-0.016293089
-0.015970242
-0.01608405
-0.016450796
-0.016528246
-0.016361166
-0.016042806
-0.015769274
-0.015661633
-0.015285494
-0.02887523
-0.029858059
-0.028822117
-0.030089372
-0.029153656
-0.030178263
-0.030866809
-0.031720077
-0.030775405
-0.028734399
-0.029679337
-0.028629113
-0.017504958
-0.016592252
-0.016888061
-0.015405638
-0.016325543
-0.016030511
-0.015571565
-0.014624187
-0.014951431
-0.016194319
-0.015280244
-0.015548843
-0.013076183
-0.011787328
-0.012470831
-0.010448316
-0.011765207
-0.011084574
-0.010351265
-0.0090254898
-0.009712424
-0.01177776
-0.010455096
-0.011118497
-0.035422978
-0.03587831
-0.035945546
-0.036646008
-0.036275687
-0.036204873
-0.036305852
-0.036624877
-0.036732179
-0.036462168
-0.036821868
-0.036879736
-0.018370791
-0.016436293
-0.017361568
-0.014190349
-0.016248701
-0.015308675
-0.014192994
-0.012033599
-0.013044977
-0.016185999
-0.014113502
-0.015048722
-0.0050684101
-0.0058316222
-0.0053960489
-0.0065333409
-0.0057855134
-0.0062261443
-0.0066591042
-0.0074052038
-0.0069678118
-0.0057308647
-0.0064751532
-0.0060154469
-0.0091411237
-0.0080204663
-0.0088095768
-0.007046171
-0.0082500215
-0.0074596965
-0.0067296204
-0.0054980439
-0.0063010457
-0.0083892656
-0.0071712276
-0.0079515737
-0.018333238
-0.016728771
-0.017544732
-0.01486823
-0.016624328
-0.015794577
-0.014841028
-0.013022567
-0.013889548
-0.016594559
-0.014823401
-0.01565259
-0.035422852
-0.034969402
-0.035170824
-0.034391619
-0.034887766
-0.034701692
-0.034436776
-0.033921043
-0.034138169
-0.034819996
-0.034320589
-0.034442757
-0.015011464
-0.012986289
-0.01311552
-0.0095660268
-0.011659316
-0.011525118
-0.010701563
-0.0085739593
-0.0087357457
-0.010987408
-0.0088909254
-0.0090123293
-0.015642562
-0.016513742
-0.016783574
-0.018340955
-0.017508087
-0.017234541
-0.017430841
-0.018231071
-0.018530423
-0.018012435
-0.018841718
-0.019108756
-0.022261849
-0.020982266
-0.021384352
-0.019269591
-0.020588924
-0.020175192
-0.01952487
-0.018153174
-0.018614397
-0.020403286
-0.019090516
-0.019493276
-0.0012124327
-0.0027312837
-0.0030328271
-0.0057524636
-0.0042489346
-0.0039519161
-0.0043892345
-0.0058855132
-0.0061923514
-0.0050103719
-0.0065119005
-0.0067877615
-0.0032172208
-0.0040578092
-0.0035938798
-0.0048476185
-0.0040280241
-0.0044980688
-0.0049687851
-0.0057887979
-0.0053206143
-0.0039795669
-0.0047945637
-0.0043080338
-0.011597619
-0.013168114
-0.012781435
-0.015306957
-0.013773669
-0.014165516
-0.014865736
-0.01638465
-0.016005785
-0.014041503
-0.015567744
-0.015151401
-0.036730356
-0.036819033
-0.036604965
-0.03649211
-0.03655092
-0.036747877
-0.036786801
-0.036650357
-0.036504689
-0.036390567
-0.036319962
-0.036123827
-0.016284661
-0.015488083
-0.015749766
-0.014443392
-0.015252935
-0.014998994
-0.014601056
-0.013782655
-0.014052421
-0.015131793
-0.014321495
-0.014542577
-0.030360622
-0.029147982
-0.029948713
-0.028066284
-0.029344742
-0.028522066
-0.027709965
-0.026289155
-0.027239483
-0.029471302
-0.028203435
-0.029010786
-0.007342536
-0.0074306415
-0.0079302575
-0.0082352156
-0.008173766
-0.0076658125
-0.0074931555
-0.0075186374
-0.0080561261
-0.0085677541
-0.0086313157
-0.0091394393
-0.0062289345
-0.0058049831
-0.0054148238
-0.0045324336
-0.0049624529
-0.0053483477
-0.0053191188
-0.004855745
-0.0045043809
-0.0045165713
-0.0040926396
-0.0036953427
-0.0077072807
-0.0070117729
-0.0065952841
-0.0052351335
-0.0059323846
-0.0063502457
-0.0062378504
-0.0055227084
-0.0051279839
-0.0053618345
-0.0046689236
-0.0042278535
-0.0052571161
-0.0057272854
-0.0060135865
-0.0069330689
-0.0064636159
-0.0061754036
-0.0062233425
-0.0066538109
-0.006985778
-0.0068373536
-0.0073140959
-0.0075831272
-0.028750981
-0.028906492
-0.028268586
-0.028209761
-0.028122426
-0.028761536
-0.029021723
-0.029085316
-0.02846509
-0.027683365
-0.027762615
-0.027107741
-0.019527525
-0.019300042
-0.018803838
-0.018166899
-0.018447927
-0.018928819
-0.018987133
-0.018649154
-0.01821695
-0.017987646
-0.017715378
-0.017226965
-0.024160107
-0.023313424
-0.023711342
-0.022379186
-0.023235399
-0.022835688
-0.022360603
-0.021467401
-0.021906562
-0.023206458
-0.022355959
-0.022735854
-0.037167462
-0.037327134
-0.037039039
-0.037133421
-0.037040028
-0.037307572
-0.037400922
-0.03737319
-0.037214633
-0.036869506
-0.036971254
-0.036683756
-0.030928234
-0.031951961
-0.031384905
-0.032877037
-0.031918815
-0.032464702
-0.032980286
-0.033816528
-0.033377965
-0.03186299
-0.032832077
-0.032273565
-0.012998903
-0.014503398
-0.014815236
-0.017346896
-0.015985913
-0.015668084
-0.016042329
-0.017354826
-0.017703747
-0.016718949
-0.018061036
-0.018357874
-0.014456271
-0.01499771
-0.015127845
-0.016063397
-0.015565672
-0.015421293
-0.015533633
-0.015967204
-0.01616486
-0.015852891
-0.016354796
-0.016499726
-0.0026667661
-0.0031579404
-0.0032536738
-0.0041402211
-0.0036465744
-0.0035548316
-0.0036864594
-0.0041564363
-0.0042796202
-0.0038830207
-0.0043821532
-0.0044443642
-0.012160525
-0.013933122
-0.013059397
-0.01577758
-0.014032467
-0.014898625
-0.015833087
-0.017512931
-0.01670681
-0.014032692
-0.015780792
-0.01490408
-0.024662929
-0.024223696
-0.023960352
-0.023099416
-0.023542795
-0.02380336
-0.023693942
-0.023162462
-0.023002729
-0.023168008
-0.022739518
-0.022431636
-0.019636658
-0.019808348
-0.019182785
-0.019172699
-0.019066083
-0.01967737
-0.019927927
-0.019974306
-0.019408319
-0.018659326
-0.01876572
-0.018157555
-0.036958967
-0.036964316
-0.0373012
-0.037396492
-0.037412871
-0.037088605
-0.036927733
-0.036852194
-0.037255611
-0.03761211
-0.037601727
-0.03784124
-0.0068456018
-0.0065820263
-0.0075374757
-0.0073957014
-0.0076907896
-0.0067241374
-0.006249426
-0.005907339
-0.0069142144
-0.0082887166
-0.0079976806
-0.0089629025
-0.019012475
-0.020351001
-0.019314168
-0.02122751
-0.01991083
-0.020942947
-0.021786548
-0.023058047
-0.022071062
-0.019628323
-0.020950559
-0.019897377
-0.01896784
-0.017190526
-0.018851749
-0.016328164
-0.018153927
-0.016476704
-0.015143656
-0.013168459
-0.014987261
-0.018696735
-0.016889764
-0.018528195
-0.00057118868
-0.0016011571
-0.0011377747
-0.0027291242
-0.0017140447
-0.0021832768
-0.002723737
-0.0037360359
-0.0032716224
-0.0017373375
-0.0027485706
-0.0022623077
-0.028006365
-0.028608845
-0.0286495
-0.029686118
-0.029103265
-0.029056132
-0.029220168
-0.029734963
-0.029858859
-0.029326199
-0.02992409
-0.029914994
-0.032650583
-0.031528282
-0.032131149
-0.03029947
-0.031513788
-0.030885797
-0.030167007
-0.028793348
-0.02955795
-0.031524777
-0.030313722
-0.030932328
-0.012114112
-0.011391072
-0.011039894
-0.0096420199
-0.010372532
-0.010734169
-0.010577715
-0.0098187702
-0.0095003399
-0.009815922
-0.0090911389
-0.0086662114
-0.005183113
-0.004720862
-0.005564116
-0.0050246341
-0.0055159156
-0.0046848341
-0.0041970184
-0.0037062059
-0.0045430987
-0.0059337755
-0.0054367431
-0.006234042
-0.0030961931
-0.0032810063
-0.0023023603
-0.0022516441
-0.0020797398
-0.0030516273
-0.0034579981
-0.0035911392
-0.002655245
-0.0014289272
-0.0016047898
-0.00063150768
-0.027360394
-0.028272565
-0.027577746
-0.028778988
-0.027966529
-0.028646629
-0.029183456
-0.029935339
-0.029297133
-0.027768844
-0.028577069
-0.027899674
-0.033874831
-0.034387767
-0.0339616
-0.03464271
-0.034161074
-0.034599776
-0.034917098
-0.035367961
-0.034970409
-0.033994708
-0.034474236
-0.033974295
-0.021665863
-0.021384203
-0.020662711
-0.019802558
-0.020163463
-0.020885866
-0.02100834
-0.02060004
-0.019912273
-0.019499423
-0.019124106
-0.018379044
-0.029482546
-0.028979402
-0.028944139
-0.028040518
-0.028560931
-0.028590851
-0.028382903
-0.027793529
-0.027835203
-0.028335622
-0.027825704
-0.027765488
-0.0058088963
-0.0064284636
-0.0053881184
-0.0060258588
-0.0054548145
-0.0064789058
-0.0070445847
-0.007550657
-0.0065831415
-0.0049091813
-0.0054887484
-0.0044571423
-0.025752947
-0.025748435
-0.026721543
-0.026977037
-0.027042154
-0.026084639
-0.025692177
-0.025599972
-0.0265957
-0.027699823
-0.027628385
-0.028522269
-0.023439224
-0.023982178
-0.024064053
-0.025016778
-0.024490429
-0.024402545
-0.024534494
-0.024986083
-0.025148417
-0.024737203
-0.025273253
-0.025337608
-0.025202519
-0.0259907
-0.025932088
-0.027222749
-0.026483224
-0.026523241
-0.026768922
-0.027386097
-0.027457787
-0.026716721
-0.027467141
-0.027411895
-0.0048982028
-0.0044616023
-0.005141082
-0.0045938828
-0.0050632066
-0.0043768935
-0.0039483206
-0.003447702
-0.0041562713
-0.0053962668
-0.0049243341
-0.0056140729
-0.012299166
-0.013768594
-0.013109511
-0.015391677
-0.013941799
-0.014594208
-0.015346985
-0.016747695
-0.016143229
-0.013987681
-0.015443834
-0.01477721
-0.037492075
-0.037524705
-0.037670363
-0.037663469
-0.037727527
-0.037562871
-0.03745927
-0.03730386
-0.037541664
-0.0378213
-0.03775834
-0.037914076
-0.0043089911
-0.0041815455
-0.0053428868
-0.005533238
-0.0056745891
-0.0045059835
-0.0040124777
-0.0038325138
-0.0050398603
-0.0064717271
-0.0063366448
-0.0074930357
-0.01696639
-0.017730095
-0.017000328
-0.017978101
-0.01727176
-0.018001335
-0.018525917
-0.019213709
-0.018493686
-0.016996165
-0.017693165
-0.01695525
-0.00046724731
-0.0012607168
-0.0010157385
-0.0023079017
-0.0015095521
-0.0017539062
-0.0021177268
-0.0028804753
-0.0026771772
-0.0016135934
-0.0024197966
-0.0021563263
-0.00048890463
-0.0012806337
-0.0011025199
-0.002413689
-0.0016185604
-0.001797024
-0.0021406373
-0.0029129272
-0.0027629914
-0.0017692862
-0.0025705285
-0.002370685
-0.010250961
-0.011014825
-0.011126468
-0.012478549
-0.011719779
-0.011616064
-0.011835351
-0.012564134
-0.012710871
-0.012056247
-0.012819328
-0.012878678
-0.0031724866
-0.0029605091
-0.0034576444
-0.0032099154
-0.0034703198
-0.0029711678
-0.0026937758
-0.0024208175
-0.0029257253
-0.0037420942
-0.0034778811
-0.0039780095
-0.013845685
-0.013005007
-0.013272546
-0.011906468
-0.012755312
-0.012482547
-0.012050837
-0.011151054
-0.011476461
-0.012637188
-0.011795376
-0.012054608
-0.016665176
-0.01474518
-0.015957025
-0.012999604
-0.014980537
-0.013756841
-0.012572711
-0.010545226
-0.011805619
-0.015152005
-0.013169634
-0.014393068
-0.022223973
-0.021586353
-0.021559248
-0.020442488
-0.02107907
-0.021112631
-0.020854076
-0.02015294
-0.020199514
-0.020797914
-0.020173462
-0.020080923
-0.030423166
-0.030435643
-0.031173222
-0.031428307
-0.031438933
-0.030710155
-0.030405537
-0.030329951
-0.031138096
-0.031943191
-0.03194031
-0.032602384
-0.0052292252
-0.0037313081
-0.0037405723
-0.0011245235
-0.002637864
-0.0026320977
-0.0020696705
-0.00055236009
-0.00056526124
-0.002080402
-0.00056622631
-0.00055961921
-0.0078883851
-0.0058766558
-0.0074526491
-0.0044973195
-0.0065530301
-0.0049604195
-0.003583951
-0.0014402136
-0.0031246345
-0.0069403813
-0.0049049019
-0.0064431514
-0.034565453
-0.035202766
-0.034744759
-0.035627349
-0.035035865
-0.035482201
-0.035828125
-0.036332985
-0.035978512
-0.034901485
-0.035507427
-0.035011385
-0.013674038
-0.014508013
-0.01397449
-0.015160245
-0.014372003
-0.014909346
-0.015395424
-0.016179252
-0.015642834
-0.014265652
-0.015044851
-0.01449315
-0.027073534
-0.026467482
-0.026315387
-0.025137221
-0.025808265
-0.025938141
-0.025707561
-0.024929908
-0.024894522
-0.02546081
-0.024800243
-0.02465996
-0.011374357
-0.012279823
-0.012323671
-0.013875369
-0.012998234
-0.012946409
-0.013240739
-0.014087072
-0.014165097
-0.013354657
-0.014236035
-0.014283868
-0.036781844
-0.036914804
-0.036512043
-0.036559472
-0.03645582
-0.03685339
-0.037003432
-0.037031513
-0.036718062
-0.036175335
-0.036294009
-0.035833348
-0.012266241
-0.011935098
-0.012889202
-0.012615151
-0.012981031
-0.012030336
-0.011547269
-0.01117618
-0.012130368
-0.013539841
-0.013166339
-0.014099534
-0.0029097454
-0.0021343187
-0.0027574529
-0.0016147495
-0.002407088
-0.0017911611
-0.001274995
-0.0004871021
-0.0011011281
-0.0025621569
-0.0017648675
-0.0023608348
-0.021277827
-0.021670937
-0.022405759
-0.023201952
-0.022919883
-0.022193359
-0.022026896
-0.02229434
-0.023033001
-0.023549314
-0.02381584
-0.024508961
-0.00076308175
-0.0020671347
-0.0015728995
-0.0036035734
-0.0023332921
-0.0028329575
-0.0034814894
-0.0047534598
-0.004251793
-0.0024305051
-0.003693696
-0.0031810425
-0.019313241
-0.018597311
-0.018518633
-0.017240334
-0.017962168
-0.018044468
-0.017791133
-0.01703792
-0.016997629
-0.017619479
-0.01690431
-0.016774964
-0.012750377
-0.013138203
-0.012522312
-0.012900955
-0.012566869
-0.013176178
-0.01351913
-0.013828012
-0.01323378
-0.012246485
-0.012574664
-0.01196757
-0.012475663
-0.013373401
-0.013059294
-0.014489821
-0.013601258
-0.013911061
-0.014336427
-0.015190466
-0.014914841
-0.013694992
-0.014588744
-0.014268384
-0.026795067
-0.026587795
-0.027366172
-0.02721513
-0.027475638
-0.026702778
-0.026318902
-0.026038434
-0.026828375
-0.027939027
-0.027670806
-0.028418051
-0.033588479
-0.032789876
-0.033412959
-0.032141016
-0.033035745
-0.032390393
-0.031800082
-0.03080039
-0.031530736
-0.033180161
-0.032285871
-0.032927755
-0.010723331
-0.010039569
-0.0099484111
-0.0087272391
-0.0094127747
-0.0095057296
-0.0092799485
-0.0085792146
-0.0085072387
-0.0090845178
-0.008402159
-0.0082873778
-0.0054159991
-0.0061597136
-0.0050559575
-0.0058971405
-0.0051914579
-0.0062823388
-0.0069209551
-0.0075617049
-0.0065294418
-0.004645149
-0.0053592776
-0.0042581192
-0.029328936
-0.028692689
-0.029657329
-0.028860327
-0.029537081
-0.028562541
-0.027936461
-0.027200154
-0.028232715
-0.029990602
-0.029322207
-0.030269781
-0.013923972
-0.013148403
-0.013495643
-0.012275626
-0.01305273
-0.012708168
-0.012284217
-0.011484025
-0.011857905
-0.013011328
-0.012238511
-0.012559929
-0.020998028
-0.020103083
-0.019699634
-0.017830439
-0.018859057
-0.019249407
-0.019004529
-0.017895155
-0.017557196
-0.018199459
-0.017155846
-0.01675906
-0.021236014
-0.020994596
-0.021601039
-0.02131272
-0.021629215
-0.021007382
-0.020650911
-0.020268423
-0.020937992
-0.021972329
-0.021652487
-0.022280762
-0.0038410972
-0.0028593113
-0.0035848953
-0.0020626958
-0.0031128257
-0.0023810992
-0.001727584
-0.00065718798
-0.0013976106
-0.0032678648
-0.0022096476
-0.0029430877
-0.035692973
-0.035443935
-0.035258807
-0.034659815
-0.034985278
-0.035163297
-0.035098205
-0.034715672
-0.034579255
-0.034736079
-0.034402168
-0.034216609
-0.010266837
-0.0076891049
-0.0096512387
-0.0057853942
-0.0084676461
-0.0064721371
-0.0047069063
-0.0018806258
-0.0040062405
-0.0089289633
-0.0062675251
-0.0082273052
-0.010608545
-0.012694263
-0.011504215
-0.014496621
-0.012561689
-0.013725159
-0.01484238
-0.016675583
-0.015585315
-0.012421911
-0.014352941
-0.013195305
-0.022410141
-0.023250152
-0.021940287
-0.022835864
-0.022067548
-0.023352608
-0.024064435
-0.024714669
-0.023542266
-0.021387761
-0.02217535
-0.020852537
-0.03014387
-0.029389034
-0.030070185
-0.028897482
-0.029744702
-0.029046585
-0.028467543
-0.027551636
-0.028299514
-0.029948368
-0.029098715
-0.029800173
-0.012449421
-0.013529938
-0.012474383
-0.013817849
-0.012855456
-0.013888043
-0.01460312
-0.015482026
-0.014512434
-0.012450382
-0.013419075
-0.012387027
-0.027703046
-0.028342501
-0.027760357
-0.02854844
-0.027991582
-0.028565635
-0.028973548
-0.029485635
-0.028940319
-0.027777889
-0.028326938
-0.02775184
-0.033482188
-0.034016059
-0.033995277
-0.034852128
-0.034357333
-0.034391053
-0.03456962
-0.035040409
-0.035038887
-0.03449342
-0.034984354
-0.034886137
-0.013888171
-0.014705737
-0.01444344
-0.015740641
-0.014935913
-0.015206734
-0.015591458
-0.016387015
-0.016133667
-0.015019535
-0.015823135
-0.01551608
-0.00026024809
-0.00099211427
-0.00027907822
-0.0012899271
-0.00055287482
-0.0012733089
-0.0017989651
-0.0025284357
-0.0018235837
-0.00028135891
-0.0010205193
-0.00027398426
-0.023179822
-0.022655548
-0.024086196
-0.023653391
-0.024203393
-0.022791587
-0.022044531
-0.021458439
-0.022927499
-0.024996022
-0.024448351
-0.025755238
-0.00605067
-0.0060505606
-0.0067780854
-0.0069887145
-0.007030898
-0.0063015572
-0.006019179
-0.0059643009
-0.0066993143
-0.0075510105
-0.0075024576
-0.0082292581
-0.027209231
-0.027221479
-0.027971897
-0.028258934
-0.028253625
-0.02750259
-0.02719189
-0.027123611
-0.027960282
-0.028783761
-0.028801236
-0.029500587
-0.013692126
-0.012831692
-0.012412231
-0.01071557
-0.01160666
-0.012040055
-0.011854864
-0.0109402
-0.010542217
-0.010941346
-0.010047372
-0.0095528733
-0.02774628
-0.026708943
-0.026733803
-0.024843285
-0.025962454
-0.02592689
-0.025497521
-0.024335635
-0.024400998
-0.025580619
-0.024457995
-0.024493619
-0.0059039757
-0.0054271161
-0.0051440314
-0.0042107935
-0.0046885999
-0.0049750868
-0.0048871616
-0.004378855
-0.0041303694
-0.0042919294
-0.0038204282
-0.0035035013
-0.0017239388
-0.0036280012
-0.0044311106
-0.0078522953
-0.0060649936
-0.0052909084
-0.0056584368
-0.0074415173
-0.0082238268
-0.0072655183
-0.0090290439
-0.0097285483
-0.027348697
-0.026802529
-0.027362185
-0.026533127
-0.027142615
-0.026583309
-0.026153261
-0.025522494
-0.026093915
-0.027327281
-0.026709518
-0.027257787
-0.012147822
-0.011367039
-0.011480266
-0.010166131
-0.01095009
-0.010835416
-0.010490395
-0.0096748538
-0.0098269881
-0.010735623
-0.0099589189
-0.010047965
-0.028078264
-0.027673747
-0.028513433
-0.028042027
-0.028496739
-0.027670734
-0.027190778
-0.026716089
-0.027566774
-0.028917253
-0.028453631
-0.029224975
-0.015257454
-0.015726774
-0.015962527
-0.016835446
-0.016389627
-0.016145982
-0.016210089
-0.016623318
-0.016896996
-0.016726743
-0.017178062
-0.017413787
-0.01416799
-0.013853158
-0.014488865
-0.014105131
-0.014475713
-0.013834865
-0.013462788
-0.013068489
-0.01372269
-0.014812138
-0.014434719
-0.015075677
-0.0014560372
-0.0036402221
-0.0031473065
-0.0066504037
-0.0045515032
-0.0050283872
-0.0059479634
-0.0079419501
-0.007545339
-0.0049718279
-0.007062338
-0.0065806712
-0.017049955
-0.01786358
-0.017750951
-0.019099628
-0.01829714
-0.01841598
-0.018744606
-0.019535747
-0.01943422
-0.018493591
-0.019296056
-0.019146741
-0.025379645
-0.026000869
-0.025540575
-0.026353878
-0.025803192
-0.026264361
-0.026634431
-0.027171731
-0.026717729
-0.02566683
-0.026206979
-0.025731579
-0.037038898
-0.037426073
-0.037153248
-0.037576458
-0.037309757
-0.037559939
-0.037728437
-0.037901033
-0.037724576
-0.037221287
-0.037489234
-0.037231231
-0.025749222
-0.024848234
-0.025330798
-0.023926182
-0.024844378
-0.02436018
-0.023825471
-0.022856213
-0.023396043
-0.024848173
-0.023938912
-0.024387688
-0.018773719
-0.019240281
-0.019300473
-0.020120624
-0.01966466
-0.019597709
-0.019713427
-0.020103787
-0.020238416
-0.019870634
-0.020336103
-0.020383042
-0.014594975
-0.015519034
-0.014442809
-0.015630583
-0.014714285
-0.015802447
-0.016513669
-0.017400742
-0.016357386
-0.014226606
-0.015148037
-0.01399077
-0.025545865
-0.025817733
-0.024972768
-0.025054275
-0.024837745
-0.02568922
-0.026075583
-0.026275104
-0.025438233
-0.024286521
-0.024494515
-0.023616962
-0.037968708
-0.037797775
-0.037983293
-0.037659334
-0.037912559
-0.037703344
-0.037499033
-0.03711502
-0.037434223
-0.037972391
-0.037722503
-0.037929697
-0.023862789
-0.024741698
-0.0247946
-0.026297663
-0.0254436
-0.025398374
-0.025679171
-0.02650626
-0.026584297
-0.025773936
-0.02662576
-0.026623419
-0.025319985
-0.024688455
-0.025837188
-0.025104586
-0.025790452
-0.024620277
-0.023893029
-0.023072417
-0.024373955
-0.026376725
-0.025709603
-0.02684256
-0.027687527
-0.027317811
-0.026631666
-0.025695303
-0.026095029
-0.026787571
-0.026881765
-0.026455716
-0.025793627
-0.025428326
-0.025026193
-0.0242926
-0.01698423
-0.015150151
-0.016734465
-0.014029394
-0.01595566
-0.01434477
-0.013005794
-0.010919232
-0.012664954
-0.016429374
-0.014505697
-0.016115167
-0.021282639
-0.019654842
-0.020361651
-0.017645146
-0.019393584
-0.018674531
-0.017760529
-0.015937496
-0.016707474
-0.01928133
-0.017520795
-0.018232161
-0.0053505136
-0.005695553
-0.0048424346
-0.0051005296
-0.0047802561
-0.0056237693
-0.0060351319
-0.0063028877
-0.0055044457
-0.0042795382
-0.0046030462
-0.0037603473
-0.0054710768
-0.0055201563
-0.0048471354
-0.0046262829
-0.004621803
-0.0052934601
-0.0055413576
-0.005535834
-0.0048683514
-0.0041331395
-0.0041323868
-0.003459712
-0.0062505613
-0.0070776932
-0.0064018196
-0.0075535903
-0.0067492445
-0.0074287439
-0.0079704953
-0.0087725662
-0.008096025
-0.0065438283
-0.0073440852
-0.0066535792
-0.018480839
-0.019577394
-0.019722085
-0.021492439
-0.020540608
-0.020376104
-0.020655059
-0.02153954
-0.021747583
-0.021015301
-0.021957912
-0.022126972
-0.016814087
-0.017296464
-0.017668239
-0.018541989
-0.018135199
-0.017754684
-0.017758306
-0.018124715
-0.018531477
-0.018565388
-0.018964783
-0.019345059
-0.0035342128
-0.0039468098
-0.0043301451
-0.005181115
-0.0047699694
-0.0043895311
-0.0043840916
-0.0047659371
-0.00518246
-0.0051868545
-0.0056044238
-0.0059538488
-0.00033922116
-0.001275776
-0.00036178043
-0.0016630864
-0.00071520885
-0.0016358474
-0.0023044008
-0.0032308178
-0.0023435988
-0.0003663987
-0.0013214973
-0.00036029748
-0.0065026346
-0.0047009563
-0.0047033417
-0.0014592573
-0.0033452561
-0.0033458791
-0.0026382833
-0.00072556238
-0.00075221768
-0.0026435397
-0.00074640156
-0.00073997706
-0.037640551
-0.037646166
-0.037487931
-0.037228377
-0.037374558
-0.037537915
-0.037542627
-0.037366849
-0.037218087
-0.037197007
-0.037033563
-0.036843423
-0.0076271571
-0.0082924519
-0.0091817865
-0.010612527
-0.0099728278
-0.0090993801
-0.0089902897
-0.0096000181
-0.010517968
-0.010818585
-0.011459296
-0.012255077
-0.027690332
-0.026523679
-0.026525258
-0.024403237
-0.025646312
-0.025641724
-0.025179536
-0.023903558
-0.023931552
-0.025191921
-0.02394153
-0.023931932
-0.0014242542
-0.003607443
-0.0030302827
-0.0064978004
-0.0044042558
-0.0049611991
-0.005908502
-0.0078987623
-0.007420273
-0.004765186
-0.0068555338
-0.0062993708
-0.019465774
-0.018767682
-0.019411624
-0.018349252
-0.019111991
-0.018470712
-0.017957468
-0.017183803
-0.017829155
-0.019301168
-0.018527291
-0.019153742
-0.018299538
-0.019141096
-0.019687125
-0.02121135
-0.020466946
-0.019919695
-0.019980668
-0.02066773
-0.021254832
-0.021136854
-0.021864531
-0.022388723
-0.037252173
-0.037633556
-0.037369933
-0.037866762
-0.037544156
-0.037789247
-0.03795941
-0.038155777
-0.03802264
-0.037478722
-0.037806143
-0.037553009
-0.03067606
-0.029849887
-0.030216941
-0.028798771
-0.029716513
-0.029347098
-0.028872908
-0.027919845
-0.028310147
-0.029651108
-0.028720349
-0.029074583
-0.035684371
-0.035821228
-0.03549563
-0.035449981
-0.035437113
-0.035757522
-0.03587317
-0.035839787
-0.035550795
-0.035207825
-0.035207231
-0.034873611
-0.026014457
-0.025183728
-0.024740351
-0.023081967
-0.023950218
-0.024403879
-0.024242669
-0.02336088
-0.022928222
-0.02328512
-0.02241291
-0.02191535
-0.025814062
-0.02446628
-0.025142685
-0.022972657
-0.024385782
-0.023701558
-0.022925157
-0.021472159
-0.022186981
-0.024366981
-0.022952023
-0.023626039
-0.026168219
-0.026221828
-0.025740336
-0.025559114
-0.025583175
-0.026053929
-0.026207209
-0.026119188
-0.025691834
-0.025234433
-0.025201152
-0.024733345
-0.025907353
-0.024617906
-0.025597217
-0.023690044
-0.025010506
-0.024016663
-0.023118776
-0.021669571
-0.022792344
-0.02523617
-0.023933849
-0.024887207
-0.023003053
-0.021973105
-0.022244066
-0.020467207
-0.021561519
-0.021295897
-0.020793071
-0.019686848
-0.019964027
-0.021350115
-0.020246018
-0.020485752
-0.032156491
-0.031694002
-0.032113167
-0.031372715
-0.031897816
-0.031491071
-0.031145085
-0.030612118
-0.031029713
-0.031991853
-0.031456221
-0.031821246
-0.032459092
-0.032454728
-0.033079045
-0.033233491
-0.033283532
-0.032666737
-0.032410115
-0.032334244
-0.032980454
-0.033704116
-0.033649473
-0.034225712
-0.011568938
-0.011305856
-0.010819243
-0.01014061
-0.010439775
-0.010919526
-0.01097978
-0.01065072
-0.010192706
-0.0099807905
-0.0096792941
-0.0092017593
-0.00056842728
-0.00057582423
-0.0021178669
-0.0026696931
-0.0026820633
-0.0011427663
-0.00057373332
-0.00055973789
-0.0020978026
-0.0038009606
-0.0037834489
-0.0053071847
-0.0031166401
-0.0036145211
-0.0029148862
-0.0034755937
-0.0030144248
-0.0037078683
-0.0041265212
-0.0045603748
-0.0038852691
-0.0026778377
-0.0031360662
-0.0024455543
-0.0043560185
-0.0054405162
-0.0042894313
-0.0056956796
-0.0046520759
-0.0057952712
-0.0065892453
-0.007599094
-0.0064802208
-0.0041995197
-0.0052402839
-0.0041004879
-0.0070727673
-0.0088117704
-0.0073753705
-0.0098241034
-0.0081144128
-0.0095461709
-0.010685636
-0.012358422
-0.010957869
-0.0076911244
-0.0093985587
-0.0079621953
-0.00024278259
-0.00025859143
-0.00093572373
-0.0012084984
-0.0011985687
-0.00051593036
-0.00026014605
-0.00024951899
-0.00095206199
-0.0016985464
-0.0017124165
-0.0023905377
-0.0077276526
-0.0078463193
-0.0072839162
-0.0072413557
-0.0071590617
-0.0077109032
-0.0079340297
-0.0079794438
-0.0074572077
-0.0067845285
-0.0068703674
-0.0063188287
-0.024413419
-0.023828651
-0.02383807
-0.022814771
-0.023413804
-0.023396669
-0.023143381
-0.022476597
-0.022564654
-0.023193743
-0.022606311
-0.022595482
-0.022605397
-0.023284219
-0.023068005
-0.024158183
-0.023486693
-0.02369813
-0.023988173
-0.024584911
-0.024452975
-0.023563153
-0.024247093
-0.024002802
-0.0053318459
-0.0040121716
-0.0058423655
-0.0042081042
-0.0055422565
-0.003709915
-0.0025376341
-0.0011746424
-0.0030346775
-0.0063918296
-0.005059223
-0.0068811014
-0.025001245
-0.024549502
-0.025188956
-0.024523737
-0.0250705
-0.024412701
-0.02396143
-0.023359236
-0.024056918
-0.025354261
-0.024806929
-0.025469289
-0.015246375
-0.015953388
-0.015691805
-0.016811553
-0.016109621
-0.016375194
-0.016721138
-0.017409916
-0.017162996
-0.016164018
-0.016867191
-0.016579041
-0.00028858127
-0.0010837173
-0.00029556218
-0.0013494429
-0.00058431351
-0.001369302
-0.0019370865
-0.0026896929
-0.0019099628
-0.00029217433
-0.0010528941
-0.00027563186
-0.006052757
-0.0056213644
-0.0066940776
-0.0063001296
-0.006758273
-0.0056907943
-0.0051318025
-0.0046715779
-0.005741167
-0.0073681094
-0.0069045602
-0.0079561601
-0.029682995
-0.029162575
-0.029659417
-0.028818395
-0.02943243
-0.028928556
-0.028515835
-0.027868792
-0.028392611
-0.029578805
-0.028956443
-0.029457091
-0.00034029038
-0.00035420852
-0.0012905138
-0.0016629622
-0.0016486653
-0.00070788689
-0.00035671834
-0.0003502616
-0.0013138707
-0.0023373324
-0.0023570062
-0.0032878651
-0.011871017
-0.013190182
-0.012719054
-0.014780373
-0.013507551
-0.013962041
-0.014568569
-0.015755026
-0.01537851
-0.013632964
-0.014916057
-0.014447608
-0.019891182
-0.019183659
-0.018307527
-0.016562256
-0.017410442
-0.018303238
-0.018318979
-0.017457981
-0.016571988
-0.01643691
-0.015565643
-0.01462412
-0.003747503
-0.004402217
-0.0045177211
-0.005688485
-0.0050405869
-0.0049203693
-0.0051030321
-0.0057227141
-0.0058715548
-0.0053591869
-0.0060138215
-0.0061208729
-0.023962632
-0.023818667
-0.02469271
-0.02471074
-0.024890116
-0.024021228
-0.02363259
-0.023438208
-0.02432088
-0.025452749
-0.025267315
-0.026110406
-0.00029389637
-0.0010981938
-0.00029937411
-0.0013599962
-0.0005919236
-0.001384892
-0.0019561991
-0.0027058925
-0.0019225304
-0.00029557264
-0.0010613255
-0.00027984758
-0.033554036
-0.033379981
-0.033081694
-0.032550914
-0.032817869
-0.03310688
-0.033107718
-0.032791057
-0.032535369
-0.032510221
-0.032235944
-0.031944304
-0.0077490368
-0.0069988958
-0.0066752615
-0.0051595422
-0.0059862343
-0.006300549
-0.0061071168
-0.0052349093
-0.0049503182
-0.0054571873
-0.0046223272
-0.004309238
-0.010285724
-0.0099960006
-0.0090225834
-0.0081226429
-0.0084418985
-0.0094210844
-0.0096386843
-0.0092772295
-0.0083488399
-0.0075945118
-0.0072780369
-0.0062543322
-0.0051843773
-0.0038789348
-0.0049546241
-0.0029870029
-0.0043725712
-0.0032853613
-0.0023720075
-0.00094023179
-0.0020559899
-0.0046643394
-0.0032724713
-0.0043618051
-0.01358653
-0.011684696
-0.012785987
-0.0098335536
-0.011784921
-0.010675123
-0.0095466012
-0.00756208
-0.0086979597
-0.011882646
-0.0099309294
-0.011037201
-0.0057099954
-0.0041891515
-0.0053129519
-0.0030764549
-0.0046068502
-0.0034844315
-0.0025066663
-0.0009675578
-0.0021021098
-0.0048613836
-0.0033323692
-0.0044359844
-0.0090480493
-0.010241886
-0.0085864164
-0.010014501
-0.0088447567
-0.010503885
-0.01150758
-0.012617414
-0.011030316
-0.0080366119
-0.0092146844
-0.0074972057
-0.0074063748
-0.0093908565
-0.0081172522
-0.011035997
-0.0090934902
-0.010360306
-0.01152593
-0.013426621
-0.012193207
-0.0088765039
-0.010818359
-0.0095494594
-0.0097614412
-0.0095206887
-0.010527375
-0.010455172
-0.01071828
-0.0097013662
-0.0092128451
-0.008892058
-0.0099633684
-0.011361004
-0.011104842
-0.012112394
-0.0093591581
-0.0085024884
-0.0080706631
-0.0063896863
-0.007277422
-0.0077041475
-0.0075274031
-0.0066072323
-0.0062063821
-0.0066399884
-0.0057504615
-0.0053212615
-0.031953137
-0.032025071
-0.031556726
-0.03145372
-0.031423599
-0.031891444
-0.032064414
-0.032065704
-0.031624644
-0.031089222
-0.031116625
-0.03063528
-0.0051719074
-0.0039073241
-0.0056767324
-0.004106705
-0.0053946511
-0.0036178887
-0.0024801871
-0.0011490988
-0.0029642175
-0.006222
-0.0049361317
-0.0067088273
-0.00049792693
-0.001858764
-0.0005053567
-0.0023419031
-0.0010036499
-0.0023544812
-0.0033353977
-0.0046561023
-0.0033195422
-0.0005030547
-0.0018416523
-0.00049370397
-0.00048949622
-0.0018172552
-0.00049479365
-0.0022717601
-0.00097943621
-0.0022950854
-0.0032469086
-0.004512548
-0.0032150938
-0.00049081736
-0.0017821852
-0.00047663215
-0.00027929671
-0.0010729379
-0.00029605259
-0.0013835832
-0.00059017479
-0.00137327
-0.0019461995
-0.0027384393
-0.0019613723
-0.00029769071
-0.0010905783
-0.00028776785
-0.019674691
-0.0188396
-0.019118196
-0.017751541
-0.01860125
-0.018326961
-0.017906953
-0.017045014
-0.017337843
-0.018483057
-0.0176335
-0.017884099
-0.0055918177
-0.0050401356
-0.0059036076
-0.0052179229
-0.0058005369
-0.0049439869
-0.0044180398
-0.0038374089
-0.0046917049
-0.0062102118
-0.0056198473
-0.0064575936
-0.023165993
-0.023659773
-0.023052252
-0.023568162
-0.023165183
-0.023765802
-0.024130052
-0.024497912
-0.023917864
-0.022876206
-0.023269402
-0.022666218
-0.02109088
-0.021194748
-0.020720698
-0.020662924
-0.020610818
-0.021075164
-0.021256585
-0.0212678
-0.020832657
-0.020292183
-0.020342136
-0.01988093
-0.01943265
-0.018464979
-0.019197899
-0.017724558
-0.018740298
-0.018007098
-0.017365425
-0.016330543
-0.01707477
-0.018904789
-0.017881647
-0.018605683
-0.0022025099
-0.0015914821
-0.0015647835
-0.00048275423
-0.0011077027
-0.0011268938
-0.0008926257
-0.00023756758
-0.00024567996
-0.00086161227
-0.00024228364
-0.00022396826
-0.025966763
-0.024683059
-0.024983158
-0.022761366
-0.024123434
-0.023827125
-0.023218462
-0.021840001
-0.022146666
-0.023837857
-0.022465748
-0.022742333
-0.016069707
-0.017881757
-0.017181255
-0.019896765
-0.018212877
-0.018900495
-0.019759206
-0.021376196
-0.020732611
-0.018328005
-0.020002188
-0.019310971
-0.019242719
-0.020076266
-0.020646148
-0.022198739
-0.021439674
-0.020871295
-0.020939486
-0.021682579
-0.022261061
-0.022131578
-0.022882201
-0.023435342
-0.013181135
-0.012741814
-0.013471187
-0.012922523
-0.01340393
-0.012670392
-0.012223173
-0.011720255
-0.012466931
-0.013766276
-0.013279715
-0.014012109
-0.0288278
-0.030200115
-0.029689056
-0.031713925
-0.03047747
-0.030961135
-0.031569213
-0.032694029
-0.032292988
-0.030579528
-0.031814819
-0.03133661
-0.034691074
-0.034622936
-0.034340669
-0.033995432
-0.034157933
-0.034434756
-0.034470109
-0.034259235
-0.034013764
-0.033897763
-0.033722968
-0.033437241
-0.028002299
-0.026844022
-0.027706544
-0.025976664
-0.027168921
-0.026297233
-0.025522995
-0.024271076
-0.025197565
-0.027364596
-0.026178021
-0.027035782
-0.026453997
-0.026533104
-0.026922978
-0.027082251
-0.027099581
-0.026697467
-0.026538474
-0.026475982
-0.026906719
-0.027392681
-0.027366218
-0.027769753
-0.0074879925
-0.0069696362
-0.0067469569
-0.0057669393
-0.0062867408
-0.0065074264
-0.0063824877
-0.0058303018
-0.005646784
-0.0059264475
-0.0054130474
-0.0051744718
-0.034176293
-0.034352127
-0.033751813
-0.033774948
-0.033639413
-0.034251881
-0.03450828
-0.034613602
-0.034039001
-0.033222011
-0.033352429
-0.032677865
-0.00021115343
-0.00081746264
-0.00022578317
-0.0010463744
-0.00044889757
-0.0010448913
-0.0014799149
-0.002076559
-0.0014830075
-0.00022616266
-0.00082069567
-0.00021394617
-0.0055923503
-0.0048971371
-0.0053079469
-0.0042253993
-0.0049394683
-0.0045327987
-0.0041222599
-0.0034079772
-0.003814856
-0.0049723943
-0.0042536294
-0.0046458506
-0.033060944
-0.033371055
-0.033533365
-0.034024826
-0.033798536
-0.033623473
-0.033632618
-0.03380099
-0.034016332
-0.034012973
-0.034233897
-0.034411178
-0.016702267
-0.015682267
-0.0151938
-0.013073614
-0.014225704
-0.01471216
-0.014467536
-0.013274306
-0.012809812
-0.013449029
-0.01227963
-0.011779548
-0.038171493
-0.037978532
-0.038090835
-0.037714593
-0.037979008
-0.037846433
-0.037671226
-0.037294437
-0.037520822
-0.037978463
-0.037717637
-0.037848026
-0.024945906
-0.025333811
-0.024813466
-0.025181522
-0.02487739
-0.025399848
-0.025701809
-0.025992248
-0.025477208
-0.024605386
-0.024898154
-0.024360621
-0.01010095
-0.0089428638
-0.0096499262
-0.0079004153
-0.0090591749
-0.0083546574
-0.007660651
-0.0064787638
-0.0072115903
-0.009141628
-0.0079876102
-0.0086698302
-0.0081345996
-0.0076386919
-0.008778526
-0.0082992593
-0.0088306325
-0.0076750592
-0.0070308473
-0.0064211653
-0.0076509112
-0.0094723065
-0.0089524879
-0.01009034
-0.018250482
-0.017523927
-0.017827861
-0.01666134
-0.017398946
-0.017101837
-0.016713914
-0.015966202
-0.016280961
-0.017334307
-0.016596273
-0.016857316
-0.016012521
-0.016759555
-0.016453953
-0.017615692
-0.016880007
-0.017192661
-0.017568947
-0.018295851
-0.01799816
-0.016910362
-0.017645784
-0.017305111
-0.01724411
-0.017458222
-0.016799695
-0.016884204
-0.0167066
-0.017358552
-0.017654312
-0.017793134
-0.017169808
-0.016296364
-0.016469913
-0.015819052
-0.0020652374
-0.0014749715
-0.001470673
-0.00044580126
-0.0010373466
-0.0010411549
-0.00081684245
-0.00021151698
-0.00022430426
-0.00081157186
-0.00022376009
-0.00021056036
-0.01930027
-0.018855237
-0.018580044
-0.01768824
-0.018151512
-0.018421177
-0.018341345
-0.017848722
-0.017607366
-0.017778599
-0.017321007
-0.017039767
-0.00024085193
-0.00091524794
-0.00025171659
-0.0011496397
-0.00049688805
-0.0011609448
-0.0016434217
-0.0022887677
-0.0016269656
-0.00024981381
-0.0008963302
-0.00023202545
-0.0073505567
-0.0053435035
-0.0053097318
-0.0016627733
-0.0037874054
-0.0038113792
-0.0030235974
-0.00084245722
-0.00085674191
-0.0029840047
-0.00085206937
-0.00082598472
-0.00047857378
-0.00049986257
-0.0017579227
-0.0022810938
-0.0022439041
-0.0009891833
-0.00050835489
-0.0005019227
-0.0018154764
-0.0031523984
-0.0032023557
-0.0043961325
-0.01334324
-0.012240981
-0.013754747
-0.012368681
-0.013493302
-0.011982484
-0.010986766
-0.0098008392
-0.011382935
-0.014170453
-0.013052703
-0.014515804
-0.034530146
-0.034727734
-0.034994369
-0.035281735
-0.035199106
-0.034930599
-0.034859617
-0.034915861
-0.035200813
-0.035426004
-0.035495175
-0.035747171
-0.018849842
-0.018583475
-0.017649812
-0.016792662
-0.017095639
-0.018038411
-0.018251075
-0.01790926
-0.017014824
-0.016278563
-0.015975321
-0.014979989
-0.013096686
-0.011895966
-0.012758308
-0.010986983
-0.012192755
-0.011331225
-0.010560483
-0.0093313111
-0.010223895
-0.012367987
-0.011167436
-0.011993957
-0.0049633738
-0.0045650832
-0.0053259731
-0.0048793049
-0.0053041562
-0.0045417812
-0.0041064304
-0.0036686711
-0.0044376774
-0.0057081464
-0.0052777721
-0.0060386693
-0.015519018
-0.014783262
-0.014561274
-0.013171661
-0.013930281
-0.014157921
-0.013954842
-0.013186339
-0.012975417
-0.013477029
-0.012716883
-0.012458145
-0.021581403
-0.021567692
-0.021997638
-0.022056206
-0.022130207
-0.021691572
-0.021499691
-0.021392793
-0.021853151
-0.022426647
-0.022349202
-0.02279012
-0.0061266523
-0.0066841871
-0.0067647777
-0.0077568133
-0.0072028099
-0.0071200884
-0.0072803567
-0.007804144
-0.0079183797
-0.0074611725
-0.008019793
-0.0080915863
-0.011473801
-0.013778824
-0.012429057
-0.015775644
-0.013598165
-0.014918039
-0.016170444
-0.018216338
-0.01699792
-0.013430449
-0.015611786
-0.014294964
-0.029839884
-0.030708619
-0.030334731
-0.031660427
-0.030829053
-0.031192215
-0.031611359
-0.032376566
-0.03207234
-0.030862427
-0.031699866
-0.03132657
-0.033238156
-0.033638074
-0.03361036
-0.034265665
-0.033880087
-0.03391754
-0.034048424
-0.03439688
-0.034410221
-0.033972585
-0.034361109
-0.034269267
-0.027080145
-0.027504803
-0.028120847
-0.029039934
-0.02864279
-0.028033972
-0.027941203
-0.028308067
-0.028952715
-0.029217107
-0.029612357
-0.030171916
-0.03720291
-0.037086964
-0.036876135
-0.036493664
-0.036686116
-0.036901926
-0.036901578
-0.036679859
-0.036489274
-0.036451126
-0.03624591
-0.035994025
-0.0077502451
-0.0082171593
-0.0093172256
-0.010426103
-0.010028595
-0.0089403363
-0.0086793855
-0.0090633367
-0.010168055
-0.01095941
-0.011346392
-0.012390327
-0.025119272
-0.025783165
-0.025027653
-0.025824269
-0.025213222
-0.025974983
-0.026473058
-0.027066588
-0.026317732
-0.024872088
-0.025472367
-0.024680378
-0.0083397154
-0.0077751594
-0.009021356
-0.0084603577
-0.0090599779
-0.0078018268
-0.0071056905
-0.0064520874
-0.0077571407
-0.0097588242
-0.0091642481
-0.01041781
-0.036406215
-0.035914197
-0.036271604
-0.035514005
-0.036038301
-0.035670799
-0.035303906
-0.034683642
-0.035150436
-0.036096777
-0.035587328
-0.035908676
-0.00087177622
-0.00088344173
-0.0031012572
-0.0039014692
-0.0039163092
-0.0017120773
-0.00087771375
-0.00085254862
-0.0030776535
-0.0054927262
-0.0054706852
-0.007561163
-0.027864201
-0.028497991
-0.028062229
-0.028917019
-0.028335537
-0.028790386
-0.02916301
-0.029741449
-0.02929836
-0.028195865
-0.028766851
-0.028249528
-0.016129051
-0.014604155
-0.015042044
-0.012512828
-0.014074403
-0.013635717
-0.01289934
-0.011324433
-0.011774313
-0.013823031
-0.012257442
-0.01268632
-0.02632661
-0.026792826
-0.026097713
-0.026571573
-0.02616118
-0.026865482
-0.027264456
-0.027660914
-0.026975618
-0.025786057
-0.026188109
-0.025443881
-0.00047727785
-0.00048230003
-0.0017234344
-0.0021302356
-0.002165923
-0.00093838958
-0.00047432148
-0.0004529904
-0.0016677537
-0.0030421963
-0.0029937475
-0.0041778504
-0.0077102223
-0.0069495189
-0.0071953273
-0.0059545651
-0.0067229601
-0.0064817523
-0.006107228
-0.0053340775
-0.0055842794
-0.0066130166
-0.0058440495
-0.0060679682
-0.00807712
-0.008843181
-0.0098111118
-0.011417929
-0.010697148
-0.0097449639
-0.0096476387
-0.010351178
-0.011327556
-0.01163627
-0.012351079
-0.013236634
-0.020377102
-0.021088947
-0.021061564
-0.022278206
-0.021569814
-0.021600718
-0.02184046
-0.022489347
-0.022530225
-0.021787594
-0.022505551
-0.022429658
-0.011879123
-0.013925368
-0.014179757
-0.017565818
-0.015697951
-0.015456285
-0.016050767
-0.017895994
-0.018147998
-0.016550587
-0.018391135
-0.018585826
-0.037535644
-0.037691978
-0.037811369
-0.037925911
-0.037915592
-0.037797939
-0.037756594
-0.037734819
-0.037870504
-0.038002293
-0.037995128
-0.038089169
-0.0077128293
-0.0084400485
-0.0078036368
-0.0088070387
-0.0080938614
-0.0087364451
-0.0092280725
-0.0099370233
-0.0093032006
-0.0078782142
-0.0085892405
-0.0079265971
-0.016921035
-0.016110013
-0.017279192
-0.016255494
-0.017106877
-0.015926691
-0.015168216
-0.014266864
-0.015490352
-0.017656171
-0.016809079
-0.017982824
-0.027923759
-0.028864829
-0.02830301
-0.029626281
-0.028761815
-0.029318243
-0.029830015
-0.030644261
-0.030122035
-0.028670578
-0.029523825
-0.028954566
-0.036886406
-0.037096301
-0.03723623
-0.037541383
-0.037412491
-0.03727571
-0.037265648
-0.037370361
-0.037526952
-0.03755593
-0.037673955
-0.037782985
-0.012334441
-0.011318435
-0.012176348
-0.010666854
-0.011730207
-0.010870476
-0.010165414
-0.0090860544
-0.0099543853
-0.011971012
-0.010900961
-0.011755721
-0.024239831
-0.024367596
-0.023882693
-0.0238348
-0.023777216
-0.024253094
-0.024442204
-0.024467369
-0.024013641
-0.023452111
-0.023504349
-0.023029097
-0.0069038047
-0.0060210554
-0.0063991807
-0.0050067215
-0.0058916964
-0.0055122016
-0.0050337619
-0.0041166192
-0.0045325455
-0.0058374413
-0.0049586558
-0.0053194077
-0.012868396
-0.013415206
-0.011942805
-0.012280614
-0.011776573
-0.013267351
-0.013980164
-0.014463947
-0.013009572
-0.01084087
-0.011340831
-0.0097704512
-0.033499568
-0.033945119
-0.033813959
-0.034508726
-0.034080844
-0.034219418
-0.034408469
-0.03480447
-0.034707158
-0.034117925
-0.034549071
-0.034360835
-0.0033183497
-0.0037496241
-0.0031141966
-0.0035740005
-0.0031815792
-0.0038210797
-0.0042004954
-0.0045924385
-0.0039507992
-0.0028563987
-0.0032414297
-0.0025923995
-0.02607492
-0.027413221
-0.027047455
-0.02908923
-0.027867637
-0.028210591
-0.028762192
-0.029882146
-0.029616391
-0.028064973
-0.029284863
-0.028940957
-0.0057336528
-0.0061498577
-0.0054234077
-0.0058404252
-0.0054543792
-0.0061757843
-0.0065771284
-0.0069382372
-0.006233684
-0.0050695576
-0.0054527256
-0.0047344163
-0.020638542
-0.021340665
-0.021180685
-0.022334075
-0.021634389
-0.021796319
-0.022087216
-0.022738703
-0.022632913
-0.021755526
-0.02246494
-0.02226232
-0.018750918
-0.01815447
-0.019009727
-0.018259022
-0.018872663
-0.018028209
-0.017483123
-0.016857011
-0.017723557
-0.019248135
-0.018633993
-0.019426356
-0.024737278
-0.02444785
-0.025296523
-0.025070202
-0.025390981
-0.024531659
-0.024076405
-0.023689042
-0.024611915
-0.025894317
-0.025581711
-0.026423477
-0.013261145
-0.012455981
-0.013511347
-0.01246549
-0.01329194
-0.012248803
-0.011550079
-0.01070729
-0.011778737
-0.013735264
-0.012907816
-0.013900402
-0.0014333265
-0.0030832023
-0.0036308535
-0.0065725095
-0.0050013692
-0.0044769925
-0.0048578212
-0.0064297076
-0.0069583865
-0.0059438963
-0.0074969051
-0.0079599681
-0.0037844393
-0.0042087498
-0.004631968
-0.0054906002
-0.0050931369
-0.0046623617
-0.0046432331
-0.0050098082
-0.0054649839
-0.005553818
-0.0059532119
-0.006384948
-0.0028096574
-0.0020366029
-0.002445681
-0.0012458878
-0.0020254753
-0.0016203221
-0.0011847015
-0.00040884632
-0.00081450892
-0.0020337773
-0.0012520426
-0.0016455745
-0.030953613
-0.030992075
-0.030435372
-0.030261789
-0.030255202
-0.030802343
-0.030976354
-0.030912311
-0.03043805
-0.029840425
-0.029859999
-0.029274968
-0.00087323486
-0.0021754219
-0.0019447429
-0.0040713904
-0.0028125214
-0.0030265983
-0.0035460426
-0.0047323172
-0.0045806033
-0.0031138467
-0.0043780161
-0.004161137
-0.0091800588
-0.0098847462
-0.010775705
-0.012263958
-0.011603214
-0.010712962
-0.0106256
-0.011271978
-0.012173673
-0.012493766
-0.013149257
-0.014023079
-0.019190567
-0.020459296
-0.020503413
-0.022645449
-0.021429815
-0.021385529
-0.021810341
-0.02300654
-0.023065479
-0.021904022
-0.023113076
-0.023140532
-0.0067649534
-0.0067018532
-0.0080194311
-0.008341926
-0.0084410698
-0.0071261982
-0.0066070986
-0.0064954989
-0.0078181996
-0.009363677
-0.0092568996
-0.010555592
-0.029043383
-0.029496397
-0.029969133
-0.030847744
-0.030452164
-0.029983485
-0.029952109
-0.030332371
-0.030815414
-0.03093423
-0.031321609
-0.031764445
-0.0034639821
-0.0040379995
-0.0032872468
-0.0039639851
-0.0034195026
-0.0041742766
-0.0046502564
-0.0051955297
-0.0044396629
-0.0030646626
-0.0036035911
-0.002838666
-0.0041340883
-0.0050571147
-0.0046100434
-0.0060428912
-0.005122207
-0.005568266
-0.0060536058
-0.006942409
-0.0065317083
-0.0051253468
-0.0060516984
-0.005588904
-0.013727429
-0.014631837
-0.013484368
-0.014591729
-0.013721472
-0.014858806
-0.015578234
-0.016393744
-0.015302396
-0.013206411
-0.014080212
-0.012940227
-0.026768885
-0.027511197
-0.026638589
-0.027551734
-0.026854216
-0.027716195
-0.028271049
-0.028914875
-0.028100944
-0.026473062
-0.027176406
-0.026303001
-0.030988877
-0.031415149
-0.031683649
-0.032485265
-0.032079796
-0.031819638
-0.031857464
-0.032235773
-0.032530135
-0.032400145
-0.03280615
-0.033017119
-0.010438632
-0.0097883566
-0.009058324
-0.007624543
-0.0083051408
-0.0090330261
-0.0090427313
-0.008335118
-0.0076300412
-0.0075211342
-0.0068381265
-0.00610184
-0.0047952987
-0.0035165483
-0.0043973232
-0.0024624369
-0.003771378
-0.0028923069
-0.0020924663
-0.00078121604
-0.0016583633
-0.0039356289
-0.0026200432
-0.0034923268
-0.024795417
-0.024418755
-0.025011247
-0.024457657
-0.02492457
-0.024325197
-0.023931045
-0.023428217
-0.024048833
-0.025195001
-0.024719492
-0.025316555
-0.015230241
-0.01474395
-0.015874322
-0.015391377
-0.015913126
-0.014790838
-0.014173943
-0.01362523
-0.014781093
-0.016532099
-0.01600924
-0.017094663
-0.0072941654
-0.0069294134
-0.0075539331
-0.0070995148
-0.0075038567
-0.0068760849
-0.0064976323
-0.0060780804
-0.006713908
-0.0078172118
-0.0074087297
-0.0080368996
-0.005670329
-0.0040831009
-0.004105558
-0.0012676626
-0.0029175584
-0.002903333
-0.0022822663
-0.00062487359
-0.00064876959
-0.0023094603
-0.00064924987
-0.00064514728
-0.0098209945
-0.010642214
-0.01038454
-0.01170989
-0.010891393
-0.011148334
-0.01152753
-0.012315053
-0.012091689
-0.010995753
-0.011819956
-0.011545048
-0.016101911
-0.017915376
-0.017559368
-0.020409389
-0.018718065
-0.019060735
-0.019786437
-0.021392082
-0.021111389
-0.019088961
-0.020765514
-0.020415251
-0.019292045
-0.019540106
-0.020152243
-0.020715191
-0.020531691
-0.019923118
-0.019767844
-0.019935576
-0.02055155
-0.021041629
-0.02121363
-0.02180433
-0.015617273
-0.013727988
-0.015266915
-0.012527199
-0.014442123
-0.012897784
-0.011612388
-0.009643251
-0.011239082
-0.014864946
-0.012954862
-0.014482587
-0.028006861
-0.027615294
-0.027265278
-0.026334476
-0.026821004
-0.027164721
-0.027106498
-0.026574047
-0.02625996
-0.026393562
-0.025894872
-0.025543103
-0.027540605
-0.027730441
-0.027277545
-0.027313295
-0.027222543
-0.027665556
-0.027856232
-0.027901443
-0.027487181
-0.026934842
-0.027017735
-0.026576286
-0.029901066
-0.029514315
-0.029196769
-0.028351576
-0.028781651
-0.029098325
-0.029049589
-0.028591107
-0.028296995
-0.02839042
-0.027955812
-0.027628091
-0.016290595
-0.016422817
-0.015818775
-0.015791676
-0.01569023
-0.016283171
-0.016520416
-0.01656673
-0.016022918
-0.015290298
-0.015396835
-0.014798887
-0.016442506
-0.014495664
-0.015538046
-0.012453552
-0.014482872
-0.013413696
-0.012237752
-0.010064882
-0.011258447
-0.014517793
-0.012497204
-0.01355766
-0.0092629116
-0.0094635477
-0.0088909164
-0.0089751377
-0.0088166006
-0.0093846614
-0.0096491123
-0.0097886197
-0.0092314028
-0.0084611462
-0.0086153864
-0.0080491443
-0.02003609
-0.020597301
-0.019927608
-0.02058507
-0.020078659
-0.020739972
-0.021161821
-0.021636634
-0.020997814
-0.019781256
-0.020284771
-0.019623612
-0.0092835343
-0.0090528821
-0.0085099708
-0.0079082142
-0.0081434245
-0.0086835628
-0.0087808246
-0.0085117377
-0.0080092624
-0.007650483
-0.0074233764
-0.0068573133
-0.035213299
-0.034855795
-0.034687939
-0.033943005
-0.034342538
-0.034521756
-0.0344332
-0.034018845
-0.033857521
-0.034048991
-0.033641119
-0.033404738
-0.00083168634
-0.0021677034
-0.0018195121
-0.0040043003
-0.0026729254
-0.0030161004
-0.0036187616
-0.0049249023
-0.0046081209
-0.0029024915
-0.0042401686
-0.0038838082
-0.037523372
-0.037808769
-0.037670644
-0.038040655
-0.037820842
-0.037937922
-0.03802721
-0.038125143
-0.038115403
-0.037810952
-0.038037984
-0.037912635
-0.026313179
-0.026012807
-0.026657487
-0.026274781
-0.026646277
-0.026002061
-0.025627127
-0.025227195
-0.025888354
-0.026980022
-0.026597613
-0.027228958
-0.038252945
-0.038227555
-0.038250216
-0.038126226
-0.038213888
-0.038199988
-0.038156468
-0.038054175
-0.038082935
-0.0381825
-0.038084285
-0.038055227
-0.010019623
-0.01219873
-0.011105881
-0.014372991
-0.012286852
-0.013352277
-0.014472521
-0.016427046
-0.015469806
-0.012270084
-0.014361928
-0.013297366
-0.033838161
-0.034059671
-0.033360666
-0.033457908
-0.033263146
-0.033953163
-0.034224116
-0.034305382
-0.03373934
-0.03279808
-0.033014597
-0.032253199
-0.0075229211
-0.0080814191
-0.0081893604
-0.0091952951
-0.0086385516
-0.0085283246
-0.0086763001
-0.009201242
-0.0093490468
-0.0089111081
-0.0094756619
-0.0095605252
-0.0045278967
-0.0040194676
-0.0038586982
-0.0029187204
-0.0034277084
-0.0035881702
-0.0034487362
-0.0029177645
-0.0027840819
-0.0031148719
-0.0026115862
-0.0024297389
-0.020732819
-0.020681082
-0.02116968
-0.021207262
-0.021300552
-0.02080333
-0.02057673
-0.020437618
-0.020970291
-0.021632034
-0.02153614
-0.022034815
-0.022374489
-0.023471779
-0.022100395
-0.023445138
-0.022393979
-0.02375414
-0.024598297
-0.025555516
-0.024292091
-0.021762282
-0.022829257
-0.021419293
-0.024699845
-0.023246037
-0.024914639
-0.022936227
-0.024455831
-0.022759841
-0.021518138
-0.019825121
-0.021692758
-0.025112243
-0.023618582
-0.025256884
-0.027086817
-0.027605788
-0.028142468
-0.029095981
-0.028679574
-0.028145199
-0.028098321
-0.028474116
-0.029032788
-0.029218194
-0.029616743
-0.030124285
-0.0018938831
-0.0021423394
-0.0014175736
-0.001563468
-0.0013330949
-0.0020499717
-0.002385928
-0.0025786565
-0.0018937924
-0.00089398761
-0.0011252651
-0.00041346753
-0.0027394395
-0.0027936668
-0.0020469547
-0.0018146429
-0.001799674
-0.0025459944
-0.0028254568
-0.0028323418
-0.0020881212
-0.001260021
-0.0012706868
-0.00052533409
-0.0097221217
-0.0085744275
-0.0085197658
-0.0064937776
-0.0076527545
-0.0077118869
-0.0073024189
-0.0061338358
-0.0060881586
-0.007177083
-0.0060176637
-0.005933153
-0.0090208893
-0.011145464
-0.010402132
-0.013749313
-0.011674923
-0.012408195
-0.013424515
-0.015448036
-0.014753976
-0.011899065
-0.01397191
-0.013239104
-0.030082833
-0.029428963
-0.029159511
-0.027755728
-0.028539886
-0.028806222
-0.028614862
-0.027785718
-0.027545258
-0.02805867
-0.027261659
-0.026985217
-0.012057926
-0.01132137
-0.011712051
-0.010554253
-0.01130629
-0.01092224
-0.010502669
-0.0097490393
-0.010138995
-0.011304927
-0.010549499
-0.010908352
-0.010139136
-0.0099959702
-0.010533451
-0.010435189
-0.010615488
-0.010072708
-0.0098048998
-0.0095999802
-0.01015823
-0.010949216
-0.010765383
-0.011311042
-0.017731281
-0.016847309
-0.017606825
-0.016335304
-0.017229903
-0.016476403
-0.015858592
-0.014938436
-0.015724973
-0.01744316
-0.016551188
-0.017275511
-0.00065022427
-0.00065794892
-0.0023345872
-0.0029116006
-0.0029414473
-0.001278908
-0.0006503334
-0.00062746794
-0.0022873131
-0.0041308346
-0.0040896004
-0.0056841026
-0.029814603
-0.03014415
-0.030518027
-0.031190922
-0.030884143
-0.030515266
-0.03048033
-0.030760238
-0.031159511
-0.031256636
-0.031563743
-0.031905254
-0.00034489635
-0.00036432607
-0.0012862224
-0.001672699
-0.0016475218
-0.00072054626
-0.00036857877
-0.00036484847
-0.0013274208
-0.0023222987
-0.0023579648
-0.0032520102
-0.020734984
-0.020189227
-0.021455718
-0.020949119
-0.021513689
-0.020245702
-0.019555375
-0.018948324
-0.020262396
-0.022224035
-0.02166468
-0.022903551
-0.01091255
-0.0097947947
-0.011307413
-0.0099042044
-0.01103647
-0.0095257371
-0.008548054
-0.0073969325
-0.0089299332
-0.011719243
-0.010588338
-0.012073435
-0.0078269374
-0.0086035253
-0.009212998
-0.010675159
-0.0099758739
-0.0093644364
-0.009391148
-0.010059046
-0.010690447
-0.010678173
-0.011363587
-0.01195859
-0.0093904167
-0.0091487934
-0.0097726404
-0.0095358169
-0.0098149752
-0.0091840341
-0.0088451455
-0.0085359909
-0.0091885037
-0.010176201
-0.0098950013
-0.010527737
-0.025257841
-0.024775785
-0.025889593
-0.025406846
-0.025923758
-0.024823363
-0.024209061
-0.023660837
-0.024807978
-0.026512577
-0.025997026
-0.027018824
-0.012800989
-0.012358044
-0.012016363
-0.011113951
-0.011567077
-0.011903497
-0.01184292
-0.011344312
-0.011054322
-0.011147824
-0.010701834
-0.01035109
-0.0073558111
-0.0053885401
-0.0066515643
-0.0036824969
-0.0056683861
-0.0044037001
-0.0032043267
-0.0011983771
-0.0024836538
-0.0058611285
-0.0038773943
-0.0051260966
-0.034042305
-0.034554838
-0.03426949
-0.035040707
-0.034539108
-0.034820843
-0.035065698
-0.035477447
-0.035293214
-0.034497053
-0.035012777
-0.034683237
-0.024556008
-0.024825723
-0.024035895
-0.024126397
-0.023917173
-0.02471522
-0.025082694
-0.025282177
-0.024490794
-0.023402549
-0.023600164
-0.022772944
-0.00056380522
-0.00057395545
-0.0021017719
-0.0026794184
-0.0026714673
-0.0011424508
-0.00057495272
-0.00056681825
-0.0021135514
-0.0037870558
-0.0037977085
-0.0053073543
-0.021411183
-0.022862596
-0.021959156
-0.024081476
-0.022680025
-0.023573274
-0.024400068
-0.025747127
-0.024897321
-0.02253917
-0.023940032
-0.023044737
-0.035212434
-0.035906462
-0.035439619
-0.036393158
-0.035767838
-0.036212128
-0.036564176
-0.037069521
-0.036733994
-0.035661078
-0.036300818
-0.035835239
-0.026187295
-0.0252476
-0.026678858
-0.025543589
-0.026509746
-0.025073261
-0.024141272
-0.023061612
-0.02462177
-0.027177563
-0.026231807
-0.027594886
-0.025679875
-0.025895569
-0.026920744
-0.027607384
-0.027428642
-0.026421242
-0.026093233
-0.026238194
-0.027297731
-0.028196938
-0.028375365
-0.029285575
-0.013109047
-0.012930201
-0.012519665
-0.012027823
-0.012235737
-0.012635011
-0.012689397
-0.012429582
-0.012076343
-0.011864104
-0.011662316
-0.011258456
-0.030472972
-0.030996935
-0.030496188
-0.031139578
-0.030671126
-0.031179249
-0.031530891
-0.031983834
-0.031491108
-0.030462801
-0.030923137
-0.030385264
-0.036786062
-0.036459235
-0.036358686
-0.035655614
-0.036053023
-0.036156847
-0.036044698
-0.035624133
-0.03553708
-0.03582596
-0.03541945
-0.035292798
-0.012829598
-0.013096516
-0.013581539
-0.014190496
-0.01395244
-0.013455669
-0.013344257
-0.013529709
-0.01407467
-0.014397372
-0.014643187
-0.015130118
-0.026392657
-0.026313398
-0.025731194
-0.025305678
-0.025440114
-0.026021997
-0.026181573
-0.026025841
-0.025459474
-0.02496344
-0.024822859
-0.02423004
-0.021970472
-0.022276795
-0.021444163
-0.021571941
-0.021345734
-0.022162017
-0.022528772
-0.022686863
-0.021923223
-0.020830594
-0.021056686
-0.020239766
-0.0088767678
-0.0083590179
-0.0081531926
-0.007175034
-0.0076991565
-0.0079010849
-0.0077713724
-0.0072202701
-0.0070477307
-0.0073510326
-0.0068338631
-0.0066138579
-0.029820663
-0.029122255
-0.029977156
-0.029004656
-0.029766613
-0.028895428
-0.028276096
-0.027442028
-0.028374825
-0.030121194
-0.029363654
-0.03022333
-0.00036119865
-0.00036724126
-0.0013516314
-0.0017050181
-0.0017137012
-0.00072951851
-0.00036565195
-0.00035189332
-0.0013357655
-0.0024314152
-0.0024181809
-0.003398654
-0.033974809
-0.033137063
-0.033267366
-0.031710082
-0.03266419
-0.03252784
-0.032120375
-0.031103949
-0.031281232
-0.032414128
-0.031443858
-0.031562897
-0.037125031
-0.036633723
-0.036969433
-0.036178009
-0.036727205
-0.03637022
-0.035995147
-0.035313938
-0.035792867
-0.036777844
-0.036241722
-0.036579047
-0.024097463
-0.022450817
-0.022632587
-0.019607129
-0.021442529
-0.021236423
-0.020472851
-0.018532704
-0.018809631
-0.020927278
-0.019078266
-0.019286848
-0.026818875
-0.027049127
-0.026286655
-0.026376932
-0.026172654
-0.026927143
-0.027258701
-0.027402353
-0.026706459
-0.025685246
-0.025897827
-0.025124556
-0.0065793229
-0.0056695694
-0.0060984331
-0.0046680023
-0.0055839205
-0.0051605052
-0.0046636506
-0.0037417603
-0.0041769199
-0.0055518671
-0.0046360513
-0.0050395323
-0.0037358053
-0.0046578241
-0.004155484
-0.0055577963
-0.0046415159
-0.0051490781
-0.0056638612
-0.0065735559
-0.0060773656
-0.0045994279
-0.0055158149
-0.0049899393
-0.011554781
-0.012062995
-0.011324011
-0.011875875
-0.011415413
-0.012144259
-0.012570818
-0.012986728
-0.012290432
-0.011053143
-0.011510812
-0.010785781
-0.025730347
-0.026241431
-0.025596011
-0.026150658
-0.025707687
-0.026354437
-0.026751132
-0.02716755
-0.026536154
-0.025394159
-0.025825819
-0.025164944
-0.0033468658
-0.0033354098
-0.0040007063
-0.0041741515
-0.0042227712
-0.0035560533
-0.00329404
-0.0032352087
-0.0039066959
-0.0046939832
-0.0046413588
-0.005306878
-0.0043015773
-0.0032144972
-0.0041262372
-0.0024936008
-0.0036465343
-0.0027266378
-0.0019630827
-0.00077720783
-0.0017157105
-0.0039013406
-0.0027413817
-0.0036634061
-0.026527644
-0.02667728
-0.027319413
-0.027736111
-0.027642375
-0.027002632
-0.026798607
-0.026869912
-0.02752612
-0.028141101
-0.028226962
-0.028849021
-0.0073156094
-0.0082334096
-0.0088439083
-0.010607458
-0.0097283662
-0.0091146927
-0.0092071238
-0.010060627
-0.010692857
-0.010498469
-0.011373532
-0.011979261
-0.0083663834
-0.008324847
-0.0089081811
-0.0090130165
-0.0090869342
-0.0084931861
-0.0082378897
-0.0081229412
-0.0087508417
-0.0094929402
-0.0094232389
-0.010014919
-0.030928349
-0.031785571
-0.030797925
-0.031877441
-0.03106048
-0.03203177
-0.032643841
-0.033347165
-0.032490675
-0.030625942
-0.031460949
-0.030443889
-0.031357416
-0.03235742
-0.032194809
-0.03370581
-0.032826409
-0.032984739
-0.033357511
-0.034178435
-0.034057498
-0.033030465
-0.033893108
-0.033714116
-0.00344714
-0.0025269766
-0.0031677554
-0.0018055268
-0.0027268044
-0.0020888865
-0.0015064681
-0.00057173472
-0.0012305731
-0.0028453528
-0.0019281257
-0.0025376494
-0.0055417335
-0.0055089984
-0.0049240436
-0.0045933434
-0.0046709528
-0.005251173
-0.0054333896
-0.0053427964
-0.0047702643
-0.0042192169
-0.0041381548
-0.0035590958
-0.022901716
-0.023452193
-0.021972052
-0.022331758
-0.021810159
-0.023309358
-0.024019518
-0.0245023
-0.023061369
-0.02086262
-0.021388087
-0.019775208
-0.00082897507
-0.00084432308
-0.0029653525
-0.0037381891
-0.0037491915
-0.0016406809
-0.00084177484
-0.00082479326
-0.0029485873
-0.0052611482
-0.0052462706
-0.0072474615
-0.019005979
-0.018230598
-0.019274535
-0.018257007
-0.01908298
-0.018023423
-0.017308217
-0.016383238
-0.017528671
-0.019550773
-0.018732582
-0.019782555
-0.010892633
-0.010044947
-0.010240354
-0.008827658
-0.0096845724
-0.009496044
-0.0091028375
-0.0082342443
-0.0084418753
-0.0094986968
-0.0086417417
-0.0087973604
-0.036333196
-0.035911943
-0.036221056
-0.035516881
-0.036004312
-0.035692702
-0.035389336
-0.034847376
-0.035198382
-0.036052716
-0.035553495
-0.035847726
-0.028525929
-0.02849448
-0.029347411
-0.029557444
-0.029616436
-0.028776161
-0.028426489
-0.028337094
-0.029219062
-0.030187736
-0.030129342
-0.030905649
-0.029741493
-0.028622257
-0.029091873
-0.027232804
-0.028431007
-0.027938863
-0.027281022
-0.025942819
-0.026553856
-0.028351084
-0.027155529
-0.027642975
-0.00026233037
-0.00026879125
-0.00098863496
-0.001230706
-0.0012490603
-0.00053273284
-0.00026567111
-0.00025209204
-0.00096079998
-0.0017669984
-0.0017430633
-0.0024554339
-0.00041550814
-0.00042077423
-0.0015151466
-0.0018839748
-0.0019092925
-0.0008231255
-0.00041761486
-0.00039670802
-0.0014724637
-0.0026905331
-0.0026543627
-0.0037127117
-0.0056367492
-0.006011355
-0.0064016732
-0.0071207598
-0.0068032632
-0.006407267
-0.0063768625
-0.0066716358
-0.0070805667
-0.0072123985
-0.0075236043
-0.0079193048
-0.020798706
-0.021356839
-0.020607112
-0.021214543
-0.02072629
-0.021459421
-0.02189086
-0.022313178
-0.021632142
-0.020369476
-0.020857569
-0.020126039
-0.012958541
-0.012806953
-0.013661181
-0.013694198
-0.013861967
-0.013000876
-0.01261089
-0.012401686
-0.013303188
-0.014425467
-0.014262618
-0.015113705
-0.028920977
-0.028312435
-0.028114554
-0.02695292
-0.027585329
-0.027787846
-0.027617114
-0.026958103
-0.026785223
-0.027196061
-0.026562031
-0.026328676
-0.002939209
-0.0021450051
-0.0027080357
-0.0015234728
-0.0023256192
-0.0017696291
-0.0012700115
-0.00047211977
-0.0010290781
-0.002432508
-0.0016274525
-0.0021623494
-0.0053639289
-0.0049608177
-0.004630665
-0.0037541187
-0.0042044802
-0.0045248968
-0.0044691478
-0.0039733932
-0.0036855156
-0.0038081939
-0.0033546674
-0.0030391856
-0.031889538
-0.031510771
-0.031244253
-0.03045124
-0.030856633
-0.031127402
-0.031068828
-0.030642392
-0.030395707
-0.03050214
-0.030096028
-0.02980225
-0.025726131
-0.025974428
-0.026298883
-0.026836748
-0.026598755
-0.026269609
-0.026203632
-0.02636748
-0.026777748
-0.026909813
-0.027160184
-0.027453254
-0.0083905582
-0.0092588681
-0.0090273192
-0.010429448
-0.0095712675
-0.009808576
-0.010201435
-0.011049161
-0.010827604
-0.0097046722
-0.010562757
-0.010303453
-0.0013511984
-0.003539404
-0.0027539863
-0.0060938331
-0.0040361043
-0.0048107345
-0.0058436608
-0.0078519036
-0.0071062628
-0.004225909
-0.0062724692
-0.0054950726
-0.034363369
-0.033532134
-0.033771471
-0.032275526
-0.033224669
-0.032963256
-0.032502361
-0.031465167
-0.031793886
-0.033067648
-0.032119984
-0.032377725
-0.017318709
-0.015641011
-0.015987015
-0.013145426
-0.014873802
-0.014518767
-0.013745655
-0.011975323
-0.012364777
-0.014498606
-0.012771631
-0.013119732
-0.027367119
-0.028024297
-0.028308545
-0.029500132
-0.028879151
-0.028599818
-0.028716639
-0.029322716
-0.029621298
-0.029302718
-0.029920583
-0.030171778
-0.00040098916
-0.0011549951
-0.00080709483
-0.0019875931
-0.0012306565
-0.0015826122
-0.0019828248
-0.0027338694
-0.0023917537
-0.0012449617
-0.002003721
-0.0016378058
-0.025766349
-0.025556727
-0.02628199
-0.026112006
-0.026373398
-0.025651035
-0.025287602
-0.025007081
-0.025742298
-0.026802806
-0.026532106
-0.027232983
-0.00051306408
-0.00053348261
-0.0018754832
-0.0024271861
-0.002392156
-0.0010534221
-0.00054072044
-0.00053353418
-0.0019295038
-0.0033615104
-0.0034084579
-0.0046840855
-0.031931053
-0.032156597
-0.032481061
-0.032876652
-0.032737889
-0.032408384
-0.032334322
-0.0324303
-0.032787403
-0.033030074
-0.03316191
-0.033486152
-0.010845509
-0.011610471
-0.011218557
-0.012397043
-0.011633996
-0.012026563
-0.012436833
-0.013172357
-0.012810552
-0.01161895
-0.012386716
-0.011977238
-0.032454766
-0.032406677
-0.032799563
-0.032764936
-0.032887447
-0.032486509
-0.032287039
-0.03211121
-0.032549236
-0.033137225
-0.033007805
-0.033405119
-0.0067474346
-0.0078989784
-0.0065072712
-0.0079666734
-0.0068331882
-0.0082274417
-0.0091457202
-0.010264419
-0.0088874104
-0.0062199954
-0.0073533364
-0.0059375248
-0.02636639
-0.025386412
-0.026185323
-0.024698324
-0.025745386
-0.02493513
-0.024245995
-0.023154194
-0.023999245
-0.025953735
-0.024907941
-0.025713621
-0.004690961
-0.0034344688
-0.0033747889
-0.0010663446
-0.0024071434
-0.002449514
-0.0019496448
-0.00054794219
-0.00055320693
-0.0018863819
-0.00054085846
-0.00051869462
-0.035596188
-0.03533309
-0.035597778
-0.0351254
-0.035477402
-0.035206093
-0.034973225
-0.034586976
-0.034880699
-0.035549466
-0.035188255
-0.035451879
-0.016514401
-0.016947713
-0.01560559
-0.015825715
-0.015418921
-0.016765403
-0.017397838
-0.017784778
-0.01645994
-0.014573782
-0.014977725
-0.013604454
-0.0046053208
-0.0042410835
-0.0039595833
-0.0032084862
-0.0035886248
-0.0038630836
-0.0038110844
-0.0033895116
-0.0031524498
-0.0032471789
-0.0028703397
-0.0025944118
-0.00041448096
-0.0004347951
-0.0015346679
-0.001985913
-0.0019621774
-0.00085671517
-0.00043740725
-0.00043178247
-0.0015750498
-0.0027648709
-0.0027986721
-0.003865394
-0.00063182703
-0.0016043367
-0.0014042731
-0.0029973241
-0.0020447889
-0.0022340115
-0.0026322705
-0.0035251133
-0.0033905987
-0.0022502978
-0.0032100858
-0.0030137703
-0.0064943718
-0.0058518761
-0.0067768422
-0.0059724816
-0.0066321203
-0.0057168414
-0.0051336875
-0.0044695036
-0.0053958585
-0.0070488416
-0.0063866284
-0.0072663407
-0.0067723224
-0.0061045984
-0.0066017212
-0.0055984487
-0.0062847907
-0.0057931428
-0.0053614402
-0.0046754199
-0.0051677124
-0.0063890386
-0.0056977922
-0.0061718337
-0.0076402236
-0.0084017813
-0.0071477915
-0.0079778927
-0.0072422806
-0.0084884333
-0.0092014964
-0.0098946042
-0.0086854766
-0.0065974557
-0.0073363097
-0.0060867987
-0.0046896854
-0.0043337014
-0.0034601821
-0.0025113531
-0.002874357
-0.0037526669
-0.0039282543
-0.0035450751
-0.0026960866
-0.0020809166
-0.001721393
-0.00080624117
-0.0040860351
-0.0047473666
-0.0039604695
-0.0047872245
-0.0041445439
-0.0049404115
-0.0054612295
-0.0061009473
-0.0053146858
-0.0037876891
-0.004427186
-0.0036003827
-0.00052039446
-0.00053945999
-0.0018966088
-0.0024537726
-0.0024177327
-0.0010665229
-0.00054860288
-0.00054220814
-0.0019492943
-0.0033965303
-0.0034446879
-0.0047288936
-0.0044164607
-0.0049088411
-0.0053311336
-0.0062724144
-0.0058332441
-0.0054020969
-0.0053986079
-0.0057978005
-0.0062561486
-0.0063122572
-0.006747217
-0.0071811508
-0.019881939
-0.02034631
-0.020815524
-0.021772723
-0.021320739
-0.020854179
-0.02083362
-0.021254398
-0.021756417
-0.021817427
-0.022272886
-0.022712187
-0.037914715
-0.037685412
-0.037909855
-0.037538907
-0.037816857
-0.037575843
-0.037348351
-0.036959123
-0.037302209
-0.037882571
-0.037616646
-0.037838269
-0.027421855
-0.026993832
-0.027461746
-0.026787481
-0.027293124
-0.026825142
-0.026467774
-0.025947064
-0.026423643
-0.027450488
-0.026934845
-0.027389899
-0.0081353463
-0.0060634505
-0.0076745687
-0.0046024113
-0.0067378957
-0.0051075021
-0.0036946162
-0.0014749818
-0.003185865
-0.0071316716
-0.0050120702
-0.0066056492
-0.012221101
-0.01113408
-0.011772335
-0.010046345
-0.011188665
-0.010552342
-0.0099000698
-0.0087376187
-0.0093848355
-0.011234573
-0.01008109
-0.010702252
-0.011865483
-0.012305788
-0.012585972
-0.013449188
-0.013010666
-0.01273059
-0.012770364
-0.013169913
-0.013495188
-0.01336308
-0.01380975
-0.014059612
-0.01333888
-0.012920047
-0.013598209
-0.013052853
-0.013526657
-0.01283983
-0.012409465
-0.011897734
-0.012610185
-0.013858607
-0.013380811
-0.014069941
-0.010498438
-0.0098083202
-0.010944788
-0.010134828
-0.010851899
-0.0097070935
-0.0090132111
-0.0082548079
-0.0094351824
-0.011425782
-0.010712065
-0.011852446
-0.034011149
-0.034116113
-0.033388574
-0.033265167
-0.033181672
-0.033923166
-0.034201029
-0.034249825
-0.033559108
-0.03263521
-0.032722623
-0.031889861
-0.01858076
-0.018190405
-0.019420799
-0.019140414
-0.019567474
-0.018345763
-0.017735228
-0.017297938
-0.018534475
-0.020292877
-0.019861104
-0.021042407
-0.036385671
-0.03625287
-0.036162497
-0.035857831
-0.036026902
-0.03610554
-0.036041435
-0.035785713
-0.035788349
-0.035899807
-0.035740018
-0.03564261
-0.033353362
-0.033396879
-0.03380338
-0.033927546
-0.033952546
-0.033551161
-0.03339096
-0.033346331
-0.033761813
-0.034230238
-0.034194715
-0.034569512
-0.022078995
-0.022301285
-0.021414844
-0.021414213
-0.021235824
-0.022124217
-0.022510173
-0.022667797
-0.021794764
-0.020647394
-0.020818013
-0.019911441
-0.0035756562
-0.0038822433
-0.0027143003
-0.0027762776
-0.0024947764
-0.0036724357
-0.0042024657
-0.0044800445
-0.0033097734
-0.001722622
-0.00199849
-0.00078866281
-0.019208292
-0.020921631
-0.019443703
-0.021771579
-0.020146423
-0.021594595
-0.022676044
-0.024148595
-0.022835516
-0.019672753
-0.021311965
-0.019850655
-0.031493343
-0.031381516
-0.030872386
-0.030465239
-0.03059475
-0.031108194
-0.031220459
-0.031037514
-0.030588852
-0.030150409
-0.030029161
-0.029461256
-0.020713427
-0.020295122
-0.019744615
-0.018796265
-0.019230395
-0.01978181
-0.019812716
-0.019351448
-0.01883066
-0.018659751
-0.018228227
-0.017657049
-0.017229476
-0.015572029
-0.016106962
-0.013378617
-0.015078517
-0.014537547
-0.013710843
-0.011979193
-0.012544266
-0.014852913
-0.013151325
-0.013690003
-0.025364232
-0.025562325
-0.025934484
-0.026386879
-0.026213239
-0.025833748
-0.025744467
-0.02587027
-0.026294527
-0.026548174
-0.026728238
-0.027095096
-0.019894879
-0.019188095
-0.018476003
-0.016947676
-0.017683071
-0.018400958
-0.018386606
-0.017635897
-0.016935414
-0.016877226
-0.016140417
-0.015389345
-0.0029841989
-0.0022274444
-0.003001599
-0.001927369
-0.002720083
-0.0019426523
-0.0013674989
-0.00056532417
-0.0013464031
-0.003001092
-0.0022039863
-0.0029831254
-0.0055268684
-0.0048851068
-0.0055074174
-0.0046067883
-0.0052576406
-0.0046421843
-0.0041734919
-0.003519313
-0.00414366
-0.0054613051
-0.0048093765
-0.0053991508
-0.00049444314
-0.001306459
-0.0010918414
-0.0024250201
-0.0016106633
-0.0018227817
-0.002184296
-0.0029682272
-0.0027898781
-0.0017456483
-0.0025675409
-0.0023402384
-0.00046922082
-0.00047543026
-0.0017501262
-0.0022086325
-0.0022182914
-0.00094515452
-0.0004736244
-0.00046346645
-0.0017359547
-0.0031449426
-0.0031320446
-0.0043944841
-0.022083622
-0.020980742
-0.022206955
-0.0207094
-0.021842903
-0.020608078
-0.019722549
-0.018533556
-0.019818941
-0.022327273
-0.021197888
-0.022421734
-0.010770911
-0.012933143
-0.012140554
-0.015428877
-0.013396649
-0.014175635
-0.015193314
-0.017144246
-0.016419851
-0.013573333
-0.015592289
-0.014809146
-0.011579879
-0.010907996
-0.011225587
-0.010176997
-0.010850119
-0.010531404
-0.010153507
-0.0094499086
-0.0098042158
-0.010827833
-0.010160948
-0.010459847
-0.027607886
-0.027924091
-0.027173369
-0.027382657
-0.027109233
-0.027865552
-0.028237502
-0.028494393
-0.027752872
-0.026647327
-0.026912751
-0.02612802
-0.0092337052
-0.006917096
-0.0087202184
-0.0052346409
-0.0076639734
-0.0058308256
-0.0042324899
-0.0016892877
-0.0036191724
-0.0081046788
-0.0056901665
-0.0075007371
-0.0342755
-0.034074774
-0.034688213
-0.034534631
-0.034753772
-0.034148215
-0.033823614
-0.033566513
-0.034223041
-0.035093442
-0.034878961
-0.035422512
-0.0001760807
-0.00019002891
-0.00068142974
-0.00088734268
-0.00087554973
-0.00037975659
-0.00019214263
-0.00018469184
-0.00070020701
-0.00123901
-0.0012553233
-0.0017445551
-0.00026812399
-0.00028534561
-0.0010093188
-0.001318241
-0.0012954896
-0.00056653994
-0.0002891176
-0.00028448425
-0.0010458091
-0.0018279537
-0.0018596522
-0.0025664607
-0.013332256
-0.01327812
-0.013760807
-0.013820416
-0.013896059
-0.013404251
-0.013175591
-0.013037165
-0.013585624
-0.014225166
-0.014155748
-0.01464075
-0.0010272838
-0.0025825598
-0.00230206
-0.0048807674
-0.0033373572
-0.0036142059
-0.0042688816
-0.0057768816
-0.005532916
-0.0036956911
-0.0052417769
-0.004956001
-0.0044016365
-0.003963085
-0.0037340681
-0.0028938229
-0.0033302276
-0.0035587694
-0.0034671315
-0.0029999101
-0.0028077856
-0.0029942771
-0.0025645371
-0.0023168572
-0.017083719
-0.015120437
-0.016170671
-0.013031159
-0.015093931
-0.014026395
-0.01285636
-0.01068296
-0.011835189
-0.015123417
-0.013050167
-0.014113441
-0.0066325292
-0.0078002168
-0.0079458756
-0.010001544
-0.0088464627
-0.008706491
-0.0090713647
-0.010217715
-0.010371082
-0.0093616576
-0.010514978
-0.010623013
-0.0048289947
-0.003528152
-0.0042599126
-0.002273568
-0.0035759993
-0.0028429251
-0.0020841703
-0.0007543001
-0.0015167874
-0.0036305623
-0.0023330861
-0.003054203
-0.026000936
-0.025849809
-0.025437792
-0.02500948
-0.025175412
-0.025581297
-0.025639951
-0.025402315
-0.025072653
-0.024803772
-0.024648244
-0.024213228
-0.018366409
-0.019114131
-0.019657692
-0.021110137
-0.020391632
-0.019852191
-0.019910912
-0.020615488
-0.021170768
-0.021041878
-0.021757768
-0.022270518
-0.0024860282
-0.0018342032
-0.002350635
-0.0013660998
-0.0020498538
-0.0015358539
-0.0010989395
-0.00041572957
-0.00092637927
-0.0021757361
-0.0014851099
-0.0019923085
-0.0083728125
-0.0062083111
-0.0074258869
-0.0039843296
-0.0062637623
-0.0050238921
-0.0037199442
-0.0013664333
-0.0026576277
-0.0063419854
-0.0040585598
-0.0053043346
-0.00054259691
-0.0005475264
-0.0019614408
-0.0024587876
-0.0024770244
-0.0010728571
-0.0005452288
-0.00052515189
-0.001929614
-0.0034888437
-0.0034620546
-0.0048236735
-0.0094543222
-0.0083349866
-0.009064526
-0.0073844837
-0.0085107568
-0.0077806663
-0.007085444
-0.0059197915
-0.006691268
-0.0086249692
-0.0075048169
-0.0082151999
-0.0084970478
-0.0099295624
-0.0096817058
-0.012039511
-0.010631065
-0.010880056
-0.011482396
-0.012879613
-0.012641122
-0.010961834
-0.012367238
-0.01210531
-0.021713934
-0.021247546
-0.020675684
-0.019617584
-0.020110367
-0.020691476
-0.020701917
-0.020170862
-0.01963721
-0.019488615
-0.018998306
-0.018367992
-0.00026850283
-0.0010050138
-0.0002769379
-0.001250793
-0.00054381678
-0.0012693656
-0.0017935995
-0.0024850327
-0.0017667994
-0.00027378656
-0.0009738913
-0.00025417988
-0.0034195313
-0.0037087859
-0.0038940955
-0.004446133
-0.0041723993
-0.0039811836
-0.004002909
-0.004243621
-0.0044624864
-0.004411779
-0.0046885677
-0.0048791367
-0.0098911677
-0.01023916
-0.0094283038
-0.009695728
-0.0093788419
-0.010182682
-0.010585853
-0.010873747
-0.010092641
-0.0089065008
-0.0092233411
-0.0084199723
-0.036599161
-0.036485481
-0.036362989
-0.036062513
-0.036226915
-0.036336946
-0.036296492
-0.036045139
-0.036009535
-0.036081046
-0.03592176
-0.035800934
-0.01648378
-0.016523531
-0.015942868
-0.015773843
-0.015756937
-0.016329193
-0.016530064
-0.016496462
-0.015969524
-0.015341001
-0.015362751
-0.014785205
-0.028371754
-0.029112676
-0.02849435
-0.029535093
-0.028805366
-0.02942492
-0.029889013
-0.030563163
-0.030011085
-0.028590651
-0.029334016
-0.028645286
-0.001506648
-0.0042080773
-0.0028130435
-0.0068410912
-0.0042599777
-0.005628259
-0.0070513333
-0.0095107358
-0.0082301283
-0.0042109229
-0.0067868779
-0.0054302938
-0.013606397
-0.014393008
-0.013928876
-0.015060629
-0.014316731
-0.014785633
-0.015230186
-0.015968305
-0.015501319
-0.014243075
-0.014977865
-0.014491745
-0.01723982
-0.018684933
-0.017535274
-0.019510799
-0.018152132
-0.01928033
-0.0201652
-0.02143486
-0.020380168
-0.017820936
-0.019184113
-0.018049904
-0.00027586159
-0.00028069955
-0.0010329387
-0.0012884584
-0.0013065441
-0.0005569166
-0.00027769044
-0.00026497418
-0.0010068743
-0.0018495954
-0.0018254205
-0.0025703891
-0.022985046
-0.022399473
-0.023573091
-0.022945299
-0.023571383
-0.022379698
-0.021673599
-0.020938
-0.022239815
-0.024194686
-0.023585718
-0.02473736
-0.015904464
-0.016325227
-0.016866322
-0.017778141
-0.017368483
-0.016827622
-0.016767165
-0.01714948
-0.017721553
-0.017906676
-0.018319182
-0.018840292
-0.0090224588
-0.0085827042
-0.010109543
-0.009830802
-0.010316031
-0.0088098112
-0.0080650807
-0.0075645053
-0.0091014238
-0.01121406
-0.010724735
-0.012154384
-0.019688158
-0.018624583
-0.019181691
-0.017459837
-0.018584936
-0.018025626
-0.017404595
-0.016246323
-0.016827692
-0.018581983
-0.017446412
-0.017994589
-0.01000468
-0.0092653065
-0.0095219003
-0.0083283469
-0.0090703429
-0.0088187048
-0.0084471394
-0.0076967865
-0.0079630653
-0.0089734529
-0.0082329836
-0.0084585242
-0.017440867
-0.018255768
-0.018668646
-0.020172044
-0.01940262
-0.01898548
-0.01910728
-0.019842286
-0.020285173
-0.019987736
-0.020752935
-0.021160736
-0.030808846
-0.030789307
-0.030250974
-0.029880789
-0.030003428
-0.0305408
-0.030685196
-0.030517555
-0.030010724
-0.029563565
-0.029424645
-0.028866478
-0.023119638
-0.023781162
-0.023592131
-0.024637092
-0.023995305
-0.024192332
-0.024492109
-0.025125186
-0.024942984
-0.024075251
-0.024714018
-0.024482363
-0.031251466
-0.031327256
-0.031727403
-0.031979402
-0.031925911
-0.031519473
-0.03135744
-0.031331478
-0.031819647
-0.032227681
-0.03229357
-0.032663868
-0.032284693
-0.032559788
-0.032071506
-0.032218722
-0.032050015
-0.032549413
-0.0327914
-0.032945376
-0.032456585
-0.031738162
-0.031889888
-0.031351184
-0.024944661
-0.02328657
-0.023923181
-0.021127584
-0.022909083
-0.022254306
-0.02134107
-0.019454096
-0.020185898
-0.022740857
-0.020946354
-0.021599387
-0.021774925
-0.021363743
-0.02227853
-0.021868182
-0.022301733
-0.021390831
-0.020891996
-0.020445584
-0.021371782
-0.022803223
-0.022367424
-0.023255584
-0.0057631148
-0.0064205534
-0.0051944282
-0.0058501562
-0.0052233575
-0.0064387757
-0.0070973275
-0.007666558
-0.0065008493
-0.004561896
-0.0051923408
-0.0039763034
-0.00021539759
-0.00022169044
-0.00081526516
-0.0010232825
-0.0010336801
-0.00044041627
-0.0002197501
-0.00020797865
-0.0007990399
-0.0014650902
-0.0014509831
-0.0020436076
-0.0094749015
-0.010184392
-0.0099103676
-0.011034208
-0.010329438
-0.010600995
-0.010946897
-0.011624468
-0.01138282
-0.010381634
-0.011091587
-0.010804826
-0.030670205
-0.030119243
-0.031091581
-0.030459285
-0.031037578
-0.030060125
-0.029465708
-0.028828281
-0.029870248
-0.031523047
-0.030953587
-0.031890155
-0.00062786144
-0.00063637591
-0.0022644046
-0.0028378892
-0.002859512
-0.0012438538
-0.00063248972
-0.00061409335
-0.0022303277
-0.0040206219
-0.0039912132
-0.0055469311
-0.034625958
-0.034560642
-0.034978134
-0.034955185
-0.035075237
-0.034643061
-0.034412982
-0.034209292
-0.034721978
-0.03533287
-0.035226072
-0.035627145
-0.025614978
-0.026374568
-0.025595859
-0.026604496
-0.02585924
-0.02664175
-0.027178551
-0.027884097
-0.027151185
-0.025537384
-0.026290995
-0.025451598
-0.011076016
-0.012258784
-0.011222402
-0.012835409
-0.011696921
-0.012728464
-0.013518265
-0.014627744
-0.013617048
-0.011358292
-0.012494503
-0.01145969
-0.00074334628
-0.00076114467
-0.0026835596
-0.0034068697
-0.0034031884
-0.0014875161
-0.00075908703
-0.00074310457
-0.0026917272
-0.0047822923
-0.0047874844
-0.0066198104
-0.033182635
-0.033444107
-0.032797832
-0.032982273
-0.032743068
-0.033393816
-0.033699432
-0.033904435
-0.033297675
-0.032336238
-0.032578979
-0.031874948
-0.00041458516
-0.0010827443
-0.00094362311
-0.0020514304
-0.0013802857
-0.0015242463
-0.0018148026
-0.0024784876
-0.0023487829
-0.0015108081
-0.0021843669
-0.0020153357
-0.00019352393
-0.0002019698
-0.00074022959
-0.00093377581
-0.00094074384
-0.00040171837
-0.00020088794
-0.00018856599
-0.00072913913
-0.0013333379
-0.0013236565
-0.0018624978
-0.030309187
-0.029899765
-0.030765767
-0.030349154
-0.030772355
-0.029912548
-0.029426052
-0.028975103
-0.02987056
-0.031230427
-0.030810685
-0.031629957
-0.013360037
-0.01438835
-0.013910892
-0.015449684
-0.01447298
-0.014949019
-0.015479442
-0.016444297
-0.015975137
-0.014483072
-0.015452829
-0.014970022
-0.010675942
-0.009799917
-0.010520264
-0.0092368892
-0.010130295
-0.0094189469
-0.0088253932
-0.0079273274
-0.0086494332
-0.010314161
-0.0094177537
-0.010098849
-0.03036957
-0.031186133
-0.030499151
-0.03155286
-0.03082277
-0.031495792
-0.031993452
-0.032644603
-0.032030575
-0.030598444
-0.031324977
-0.030652437
-0.022142579
-0.022946572
-0.022360665
-0.023524425
-0.022732078
-0.02331762
-0.023806776
-0.024564045
-0.024018819
-0.0225804
-0.023379043
-0.022759785
-0.00041143265
-0.0011087946
-0.0009030938
-0.0020394553
-0.0013375468
-0.0015473919
-0.0018735331
-0.0025677765
-0.0023717158
-0.0014324963
-0.002137439
-0.0019068496
-0.014037138
-0.013090579
-0.012403642
-0.010421286
-0.011427534
-0.012129359
-0.012005474
-0.010982007
-0.010304906
-0.01052809
-0.0095124195
-0.0087498911
-0.0006624654
-0.00068031291
-0.0024056651
-0.0030618986
-0.003054797
-0.0013347812
-0.00068122476
-0.00067201361
-0.0024189353
-0.0042964437
-0.0043074255
-0.0059584189
-0.016889601
-0.016735182
-0.017297924
-0.017180643
-0.017375118
-0.016811686
-0.016532835
-0.016325101
-0.016895991
-0.017715949
-0.017515375
-0.018073211
-0.016925033
-0.016237947
-0.016535766
-0.015434225
-0.016132951
-0.01584175
-0.015473893
-0.014770186
-0.015072212
-0.016081111
-0.015381099
-0.015646147
-0.032740012
-0.032380819
-0.032137172
-0.03140063
-0.031778517
-0.032023086
-0.031952973
-0.031531554
-0.031338789
-0.031443104
-0.031072141
-0.030782328
-0.018163013
-0.01801953
-0.018540555
-0.018416201
-0.018611981
-0.018085986
-0.017819862
-0.017600976
-0.018140773
-0.018927604
-0.018726258
-0.019251675
-0.0054234266
-0.0040740433
-0.0057472682
-0.0040151016
-0.0053677951
-0.0036981214
-0.0025595003
-0.001160007
-0.0028916957
-0.0060707098
-0.0047294657
-0.0063435031
-0.01460724
-0.014532771
-0.014065608
-0.013718385
-0.013831933
-0.014291
-0.014411551
-0.014266889
-0.013831019
-0.013454765
-0.013341656
-0.012883537
-0.027659441
-0.028006069
-0.027093843
-0.027335752
-0.027010498
-0.027916367
-0.028340182
-0.028601105
-0.027766411
-0.026445045
-0.026782673
-0.025829409
-0.0097404917
-0.010768694
-0.011137396
-0.01298702
-0.012001651
-0.011645079
-0.01186662
-0.012838662
-0.013212918
-0.012609748
-0.013588381
-0.013897288
-0.0026982157
-0.0020000597
-0.0025486912
-0.0014813437
-0.0022231757
-0.0016747599
-0.0012037585
-0.00045719347
-0.0010047166
-0.0023543424
-0.0016050977
-0.0021504532
-0.0002397517
-0.00024478622
-0.00088909405
-0.0011029857
-0.0011220235
-0.00048103603
-0.00024118134
-0.00022542182
-0.0008586035
-0.0015844572
-0.0015581996
-0.0021913602
-0.03464686
-0.034824849
-0.034334943
-0.034434162
-0.034281898
-0.034764201
-0.03496923
-0.035047663
-0.034640286
-0.033971957
-0.034133612
-0.033624364
-0.00016639481
-0.00017742375
-0.00064505787
-0.00082979672
-0.00082575897
-0.00035489316
-0.00017812514
-0.00016930813
-0.00065163149
-0.0011706837
-0.0011761618
-0.0016456883
-0.00031074071
-0.00032443301
-0.001183314
-0.0015210438
-0.0015118449
-0.00064759384
-0.00032604439
-0.00031955621
-0.0011996543
-0.002144044
-0.0021577913
-0.003015064
-0.017761908
-0.018509104
-0.01720876
-0.017990296
-0.017263545
-0.018575098
-0.019297512
-0.019987731
-0.018723915
-0.016549686
-0.017280283
-0.015914281
-0.0077971242
-0.0085489132
-0.0083415022
-0.0095607179
-0.0088121236
-0.0090239407
-0.0093686321
-0.010109393
-0.0099110082
-0.0089229253
-0.0096725634
-0.0094379176
-0.035305268
-0.035237024
-0.035618423
-0.035606343
-0.035704323
-0.035312806
-0.035105755
-0.034937701
-0.035400355
-0.035941713
-0.035854516
-0.036214501
-0.035644564
-0.035754263
-0.035485389
-0.035494877
-0.035443831
-0.035713443
-0.03582678
-0.035852364
-0.035600656
-0.035261995
-0.035304905
-0.035019934
-0.0055921952
-0.0049432315
-0.0054245579
-0.0044506538
-0.0051176505
-0.0046386033
-0.0042184499
-0.0035531345
-0.0040318926
-0.0052227884
-0.0045524007
-0.0050230182
-0.010739017
-0.011456627
-0.010870964
-0.011865481
-0.011171123
-0.011759578
-0.012228154
-0.01291712
-0.01233192
-0.01099186
-0.011680737
-0.011079093
-0.034479878
-0.034580606
-0.034775071
-0.034990455
-0.034917105
-0.034712977
-0.034636354
-0.034633673
-0.034910772
-0.035084517
-0.035167625
-0.035349553
-0.012833935
-0.012817733
-0.013253192
-0.013337951
-0.013392768
-0.012948262
-0.012758078
-0.012666711
-0.013138257
-0.013699981
-0.013644497
-0.014092603
-0.0056688651
-0.0064026236
-0.0053556146
-0.0062146082
-0.0054996944
-0.0065510597
-0.0071952905
-0.0079064499
-0.0068603456
-0.0049879411
-0.0056995458
-0.0046343008
-0.019680136
-0.018095392
-0.018397919
-0.015611119
-0.017321817
-0.016996685
-0.01623524
-0.014424767
-0.014820867
-0.016938139
-0.01522377
-0.015553588
-0.01830163
-0.017691222
-0.017314488
-0.016014421
-0.016704275
-0.017075076
-0.016953978
-0.016228425
-0.015880209
-0.016181473
-0.015482662
-0.015106125
-0.020977818
-0.02019484
-0.020550773
-0.019317317
-0.020105086
-0.019751444
-0.019319952
-0.018506851
-0.018891033
-0.020066449
-0.019282924
-0.019612127
-0.0087640345
-0.0092714867
-0.0080243025
-0.0084256178
-0.0079375419
-0.0091773258
-0.0097777071
-0.010188029
-0.0090295282
-0.0071947841
-0.0076945007
-0.0064231121
-0.012181893
-0.011203596
-0.010752829
-0.0088229801
-0.0098471149
-0.010310335
-0.010096522
-0.0090609055
-0.0086145966
-0.0091194081
-0.0080878722
-0.007575649
-0.0035777237
-0.0044132671
-0.0035896062
-0.0046919044
-0.0038883461
-0.0047103168
-0.0053043732
-0.0060956396
-0.0052799848
-0.003581728
-0.0043804617
-0.0035575459
-0.0091304678
-0.010362727
-0.0094843446
-0.011290088
-0.010062963
-0.010941994
-0.011703501
-0.01290839
-0.012052961
-0.0098642086
-0.011093952
-0.010202715
-0.013844345
-0.014628648
-0.01468736
-0.016055845
-0.015276906
-0.015224681
-0.015479707
-0.016244782
-0.016319582
-0.015584857
-0.01636587
-0.016377322
-0.012540355
-0.012698781
-0.011786325
-0.011704188
-0.011566853
-0.012469899
-0.012832773
-0.01291741
-0.012064541
-0.010950003
-0.011094615
-0.010181301
-0.0029624595
-0.0033336808
-0.002761198
-0.0031476026
-0.002813178
-0.0033818381
-0.0037116458
-0.0040318532
-0.0034709964
-0.002521167
-0.0028526071
-0.0022858601
-0.012337845
-0.012231099
-0.012815437
-0.012804736
-0.012942912
-0.012354623
-0.0120864
-0.011926473
-0.012528651
-0.013325196
-0.013182352
-0.013771446
-0.00063918782
-0.00065408337
-0.0023285031
-0.0029532931
-0.0029525546
-0.0012884741
-0.00065696204
-0.00064476282
-0.0023278072
-0.0041549788
-0.0041561343
-0.0057596369
-0.016426395
-0.015454422
-0.015891974
-0.014293113
-0.01532036
-0.01488554
-0.014349892
-0.013313454
-0.013753069
-0.015261666
-0.014225538
-0.014647467
-0.00029702841
-0.00030101742
-0.0010884023
-0.0013498545
-0.0013723948
-0.0005900296
-0.00029685461
-0.00027982924
-0.0010523512
-0.0019361068
-0.0019048906
-0.0026731318
-0.018438581
-0.017626177
-0.017945402
-0.016649054
-0.017468226
-0.017144675
-0.016702222
-0.015829661
-0.016212175
-0.017391981
-0.016583075
-0.016877215
-0.014895161
-0.014527212
-0.013889119
-0.013006042
-0.013383044
-0.014020741
-0.014102832
-0.013696253
-0.013091934
-0.012769651
-0.012397272
-0.01173908
-0.00028365208
-0.00029405773
-0.0010757321
-0.0013852257
-0.0013735295
-0.00058925732
-0.00029636557
-0.00029213405
-0.0010935155
-0.0019486912
-0.0019643939
-0.0027417667
-0.023288816
-0.023733487
-0.023999689
-0.024861391
-0.024419615
-0.024156884
-0.024202344
-0.024605127
-0.024915363
-0.024758878
-0.025207242
-0.025432934
-0.028263086
-0.02931273
-0.028594935
-0.030025879
-0.029075669
-0.029774624
-0.030359731
-0.031229893
-0.030593351
-0.028911299
-0.029860236
-0.029157243
-0.0059432279
-0.0059175323
-0.0064254362
-0.006516116
-0.0065787844
-0.0060724186
-0.0058650991
-0.0057973509
-0.0063049193
-0.0069265814
-0.0068579297
-0.0073579203
-0.0045782901
-0.0052605948
-0.0048001226
-0.0057900118
-0.0051244903
-0.0055865187
-0.0059984601
-0.0066625402
-0.0062019792
-0.0050290228
-0.0056915269
-0.0052224335
-0.018148145
-0.019339311
-0.018385685
-0.020038422
-0.018896868
-0.019842751
-0.020598859
-0.021704405
-0.020787313
-0.018620248
-0.019762744
-0.018810917
-0.00016470281
-0.00017496361
-0.00063696397
-0.00082384687
-0.00081602967
-0.00035118467
-0.00017644361
-0.00017031884
-0.00064886633
-0.0011573278
-0.0011678288
-0.0016301308
-0.034827403
-0.035358209
-0.035104191
-0.03582258
-0.035375481
-0.03562389
-0.035872548
-0.036284415
-0.036059811
-0.035359075
-0.035797367
-0.035540414
-0.003703243
-0.0034880654
-0.004117672
-0.0039280858
-0.0041769811
-0.0035501833
-0.0032308858
-0.0029790599
-0.0036053853
-0.0045438641
-0.0042874167
-0.0049036326
-0.00078606695
-0.0021579683
-0.00159436
-0.0037498413
-0.0023875687
-0.0029547498
-0.0036589388
-0.0050183371
-0.0044547316
-0.0024672647
-0.0038268991
-0.0032456382
-0.018660484
-0.019906595
-0.019235019
-0.021052972
-0.019878161
-0.020544022
-0.0212104
-0.022339356
-0.021704947
-0.019822054
-0.02098722
-0.020315994
-0.00017805628
-0.00019163174
-0.00069028814
-0.00089314926
-0.00088506746
-0.00038240366
-0.00019281811
-0.00018291869
-0.00070258688
-0.0012533487
-0.0012644304
-0.0017632487
-0.019059078
-0.018146134
-0.018742815
-0.017374281
-0.018288968
-0.017696944
-0.017125768
-0.016180659
-0.01681476
-0.018369055
-0.017461027
-0.018008608
-0.0071664344
-0.0082313747
-0.0075785968
-0.009176795
-0.0081190259
-0.0087688773
-0.0093754285
-0.010388955
-0.0097836219
-0.0080240006
-0.0090884091
-0.0084223543
-0.034113613
-0.033640121
-0.033882779
-0.033131781
-0.033615326
-0.033380262
-0.033088586
-0.032556071
-0.032855245
-0.033584728
-0.033109535
-0.033282815
-0.0099434193
-0.010848677
-0.01005034
-0.011270096
-0.010407255
-0.011203062
-0.011808894
-0.012654373
-0.011868189
-0.010142073
-0.010998413
-0.010200022
-0.038260398
-0.038262566
-0.038252735
-0.038189153
-0.038243711
-0.03823466
-0.038179621
-0.03802219
-0.03812661
-0.03822063
-0.038176292
-0.038167473
-0.00041243672
-0.00041785188
-0.0015401258
-0.0019432692
-0.0019520922
-0.00083101761
-0.00041629336
-0.00040521302
-0.0015254728
-0.00276898
-0.0027564681
-0.0038709906
-0.019524755
-0.018484728
-0.019405047
-0.017880226
-0.01896931
-0.018040734
-0.017295219
-0.016167722
-0.017124439
-0.01925164
-0.01816028
-0.019087812
-0.011136063
-0.010973633
-0.011504902
-0.011358276
-0.011565903
-0.011032961
-0.010761997
-0.010541652
-0.0110807
-0.01188137
-0.011668018
-0.012198334
-0.00017158497
-0.00017973178
-0.000655082
-0.00082383732
-0.00083216399
-0.00035617442
-0.00017812191
-0.00016526871
-0.00064181696
-0.0011781584
-0.0011666478
-0.0016419187
-0.018500055
-0.019318479
-0.018871801
-0.020119629
-0.019303734
-0.019754738
-0.020200476
-0.020988367
-0.020575794
-0.019254314
-0.020076404
-0.01958107
-0.0065661724
-0.0072062238
-0.0075357992
-0.0087275442
-0.0081183044
-0.0077836064
-0.0078808952
-0.0084680846
-0.0088179295
-0.008587819
-0.0091951615
-0.0095305044
-0.00065590205
-0.00066633032
-0.0023689417
-0.0029811923
-0.0029958985
-0.0013045659
-0.00066383959
-0.00064569667
-0.002345421
-0.0042135175
-0.0041933988
-0.0058226884
-0.0098254859
-0.011216883
-0.0094562275
-0.011187326
-0.0098294298
-0.01157525
-0.012674262
-0.013931489
-0.012286425
-0.009028748
-0.010404207
-0.0086148249
-0.014298412
-0.015303987
-0.015529558
-0.01732432
-0.016338833
-0.016116868
-0.016387136
-0.017353625
-0.017597161
-0.01685386
-0.017837584
-0.018033125
-0.018344739
-0.01850745
-0.017978203
-0.017999308
-0.017889132
-0.018411757
-0.018638533
-0.018713333
-0.018213649
-0.017549849
-0.017653952
-0.017133025
-0.022825008
-0.023032738
-0.022195353
-0.022225961
-0.022038913
-0.022868588
-0.023215667
-0.023338809
-0.022575427
-0.021483319
-0.021683625
-0.020816261
-0.016347682
-0.016800614
-0.015659563
-0.015997661
-0.015566851
-0.01670803
-0.017274138
-0.017681531
-0.016564698
-0.014883258
-0.015315051
-0.014155055
-0.0033526659
-0.0031972326
-0.0037812967
-0.0036844588
-0.0038723674
-0.0032846561
-0.0029995282
-0.0027956877
-0.0033927081
-0.0042355381
-0.0040444034
-0.0046332713
-0.011279273
-0.012221146
-0.011803136
-0.013205978
-0.012317323
-0.01273945
-0.013220171
-0.01409901
-0.013680413
-0.012331283
-0.013210197
-0.012773417
-0.016898243
-0.016892822
-0.017540684
-0.017742856
-0.017771026
-0.017114783
-0.016851135
-0.016782625
-0.017476287
-0.018235908
-0.018213776
-0.018859715
-0.0028626364
-0.0032358219
-0.0027273596
-0.0031396362
-0.0028030467
-0.0033098472
-0.0036189708
-0.003944543
-0.0034428811
-0.0025567599
-0.002889327
-0.0023825652
-0.00049443769
-0.0012512332
-0.0011297108
-0.002389397
-0.0016417984
-0.0017563204
-0.0020591199
-0.0027705966
-0.0026910196
-0.0018263454
-0.0025808016
-0.0024575874
-0.0074389557
-0.0066581396
-0.0064844858
-0.0050454115
-0.0058384337
-0.0060216524
-0.0057873113
-0.0049833432
-0.0048206871
-0.0053994415
-0.0046062171
-0.0043799816
-0.025850395
-0.025629029
-0.026323569
-0.026170236
-0.026413083
-0.025709888
-0.025341048
-0.025036513
-0.025800516
-0.0268317
-0.026595536
-0.027284294
-0.0051757281
-0.0039071373
-0.0052081596
-0.003402973
-0.0047424794
-0.0034227517
-0.0024307006
-0.001032722
-0.0024007668
-0.005214797
-0.0038808252
-0.0051949372
-0.0071187467
-0.0070951819
-0.0065675597
-0.0063059191
-0.0063539358
-0.0068734855
-0.0070362231
-0.0069503456
-0.0064621833
-0.0059558003
-0.0059099396
-0.0053909323
-0.016407755
-0.017033438
-0.016044158
-0.016736135
-0.016126895
-0.017127311
-0.017703527
-0.018298945
-0.017323376
-0.015596439
-0.016204888
-0.015142492
-0.0072243991
-0.0079217569
-0.0080123396
-0.0092524202
-0.0085543404
-0.0084669308
-0.0086794439
-0.0093588028
-0.0094708201
-0.0088643563
-0.0095665901
-0.0096297875
-0.019245299
-0.018505507
-0.018048594
-0.016533213
-0.017323834
-0.017776926
-0.01764887
-0.016829982
-0.016396683
-0.016702173
-0.015907101
-0.015448183
-0.00019204601
-0.00020633629
-0.00073587767
-0.00096282467
-0.00094609164
-0.00041248347
-0.00020949557
-0.00020432757
-0.00076196311
-0.0013375102
-0.0013604097
-0.001882914
-0.003311953
-0.0037860007
-0.0039858773
-0.0048831506
-0.004407496
-0.0042066171
-0.0042922316
-0.0047370076
-0.004974254
-0.0047196522
-0.0052017257
-0.0053836242
-0.023236853
-0.023071797
-0.023903745
-0.023844061
-0.024063519
-0.023238289
-0.022853313
-0.022622053
-0.023456322
-0.024580884
-0.024352381
-0.025151422
-0.00013835526
-0.00014670483
-0.00053546884
-0.00068451812
-0.0006838826
-0.00029345071
-0.00014675191
-0.00013797742
-0.00053590549
-0.00096952439
-0.00097011361
-0.0013598888
-0.036296993
-0.035930578
-0.036241658
-0.035647005
-0.03607071
-0.035751268
-0.035468618
-0.035000911
-0.035355325
-0.036146889
-0.03572092
-0.036031518
-0.027139925
-0.026107718
-0.026670069
-0.024896634
-0.026072602
-0.025509237
-0.024871327
-0.023650186
-0.024237411
-0.026054179
-0.024858255
-0.025401228
-0.018242207
-0.018018183
-0.017026657
-0.016184546
-0.016467603
-0.017473299
-0.01772985
-0.017437847
-0.016447608
-0.015613156
-0.015320257
-0.014264018
-0.011055704
-0.010267429
-0.011622038
-0.010732251
-0.011537121
-0.010180089
-0.0093775935
-0.0085441714
-0.0099280259
-0.012232113
-0.011429386
-0.012772962
-0.005171304
-0.0045513311
-0.0044110556
-0.0032677522
-0.003904246
-0.0040383577
-0.0038458637
-0.003176979
-0.0030709938
-0.0035718638
-0.002938257
-0.0028030023
-0.011573281
-0.011729074
-0.011203248
-0.011235408
-0.011114357
-0.011636429
-0.011870075
-0.01197304
-0.011461672
-0.010778238
-0.010895954
-0.010375716
-0.032363577
-0.032734171
-0.032000979
-0.03233844
-0.031995847
-0.032726256
-0.033100211
-0.033397673
-0.032716466
-0.031570833
-0.031920719
-0.03115411
-0.014624569
-0.014770592
-0.015168976
-0.015529303
-0.015415884
-0.015008345
-0.014891084
-0.014966523
-0.015404583
-0.015755634
-0.015870882
-0.016278868
-0.013510286
-0.013433277
-0.014292021
-0.014446341
-0.014548073
-0.013679221
-0.013307611
-0.013156262
-0.014071652
-0.015140329
-0.015045973
-0.015902955
-0.015870241
-0.016752036
-0.016384726
-0.017764223
-0.016894876
-0.017257142
-0.017688634
-0.018509931
-0.018197378
-0.016938759
-0.017816079
-0.017434205
-0.034074246
-0.034686888
-0.034325339
-0.035178767
-0.034625618
-0.034979492
-0.035302462
-0.035809378
-0.03549098
-0.034566839
-0.03511753
-0.034755285
-0.019098797
-0.020718306
-0.020126477
-0.022569481
-0.021059307
-0.021643389
-0.0224
-0.023847332
-0.023306016
-0.021182926
-0.022680171
-0.022081485
-0.021617242
-0.021101607
-0.020986343
-0.020046962
-0.02056535
-0.02068124
-0.020507182
-0.019928772
-0.019879324
-0.020278192
-0.019768345
-0.019623834
-0.037989649
-0.038157337
-0.038025527
-0.038215641
-0.038093723
-0.038209522
-0.038257989
-0.038267134
-0.038255851
-0.038044303
-0.038177693
-0.038042645
-0.033269151
-0.033098074
-0.033632533
-0.03339394
-0.033660666
-0.033135766
-0.032841285
-0.032549742
-0.033091964
-0.033936627
-0.033653151
-0.03413618
-0.0028023801
-0.0030033519
-0.0033829482
-0.003849471
-0.0036667296
-0.0032803149
-0.0031964243
-0.0033480723
-0.0037614448
-0.0040155182
-0.0042008645
-0.00458596
-0.037672823
-0.037909
-0.03789767
-0.038168184
-0.038028476
-0.038044129
-0.038097792
-0.038213322
-0.038212277
-0.038062546
-0.038186647
-0.038141135
-0.014126669
-0.013239702
-0.013772462
-0.012369434
-0.013301311
-0.012767874
-0.012229954
-0.011279861
-0.011823633
-0.0133506
-0.012412085
-0.012939836
-0.030679167
-0.031679732
-0.031473061
-0.032976344
-0.032091439
-0.032293738
-0.032687263
-0.033529729
-0.033353396
-0.032266951
-0.033137137
-0.032917465
-0.01019429
-0.0090436578
-0.0098412923
-0.0080601954
-0.0092709618
-0.0084699604
-0.0077299153
-0.0064869363
-0.0073073388
-0.0094151667
-0.0081939671
-0.0089885596
-0.021402801
-0.021734583
-0.020984592
-0.021214051
-0.020932634
-0.02168611
-0.02206443
-0.022331584
-0.021585799
-0.020480731
-0.020751764
-0.019980222
-0.0046758581
-0.0053899478
-0.0048467144
-0.005863261
-0.0051629609
-0.0057100217
-0.0061658645
-0.0068660304
-0.0063198024
-0.0050155843
-0.0057124081
-0.0051524852
-0.019298053
-0.018109512
-0.018720885
-0.016868577
-0.018072547
-0.017455728
-0.016772839
-0.015525866
-0.016186882
-0.018074189
-0.016876956
-0.017474744
-0.037596463
-0.037800444
-0.03769014
-0.037906584
-0.037771066
-0.037882928
-0.0379691
-0.03807487
-0.037982616
-0.037733419
-0.037859138
-0.037725332
-0.0068155157
-0.0065615393
-0.0063522158
-0.0058153573
-0.0060874617
-0.0062894377
-0.0062529587
-0.0059467566
-0.0057746024
-0.0058391893
-0.0055701581
-0.0053672937
-0.013174711
-0.012684563
-0.012315229
-0.011279648
-0.011810867
-0.012173249
-0.012106285
-0.011547464
-0.011204629
-0.011353152
-0.010819119
-0.010458147
-0.00032725505
-0.00034203841
-0.0012189405
-0.0015813503
-0.0015594806
-0.00068158069
-0.00034650551
-0.0003427597
-0.0012527156
-0.0022010023
-0.0022301089
-0.0030832633
-0.019058071
-0.018976508
-0.019484889
-0.019443049
-0.019591091
-0.019078805
-0.018836004
-0.018666692
-0.01919043
-0.01991404
-0.019758451
-0.02026774
-0.00049092592
-0.00050430491
-0.0017893369
-0.0022979224
-0.0022799987
-0.00099825914
-0.0005081514
-0.00050263429
-0.0018144403
-0.003212988
-0.0032372896
-0.0044744689
-0.00035009032
-0.0003539838
-0.0012782159
-0.0015874742
-0.0016117019
-0.00069473438
-0.00034921047
-0.00033306335
-0.0012404361
-0.0022716095
-0.0022390608
-0.003136279
-0.023013912
-0.024422038
-0.023796871
-0.02585069
-0.02456157
-0.025176346
-0.025864098
-0.027092878
-0.026518719
-0.024582798
-0.025862617
-0.025238186
-0.0023710691
-0.0017341212
-0.0022259338
-0.0012967664
-0.0019357585
-0.0014489307
-0.0010326595
-0.0003934977
-0.0008854573
-0.0020516554
-0.0014125054
-0.0018807828
-0.033876464
-0.034057416
-0.033464629
-0.03352301
-0.033366327
-0.033965735
-0.034229355
-0.034361726
-0.033792728
-0.032971093
-0.033125246
-0.032485807
-0.0057985195
-0.0042884444
-0.0056205249
-0.0034616404
-0.0049963619
-0.0036602788
-0.0026040112
-0.001054504
-0.0024031302
-0.0054118692
-0.0038768437
-0.005209602
-0.038058393
-0.038150976
-0.038082233
-0.038122134
-0.038094343
-0.038173283
-0.038206821
-0.038222167
-0.038155971
-0.038036811
-0.038055125
-0.037937601
-0.019246159
-0.020259982
-0.01953828
-0.020957856
-0.01999696
-0.020716644
-0.021328135
-0.022267563
-0.021561744
-0.019821347
-0.020774686
-0.020047015
-0.0048841669
-0.0036992535
-0.0049878501
-0.0033186978
-0.0045769173
-0.0032697754
-0.0023125334
-0.00099606032
-0.002350264
-0.0050690874
-0.0038179326
-0.0051191761
-0.01069724
-0.010512695
-0.010088068
-0.0095327078
-0.0097811895
-0.010197592
-0.010255125
-0.0099723866
-0.0095775089
-0.0093893621
-0.0091339494
-0.0087194491
-0.014755815
-0.015458334
-0.015016932
-0.016054302
-0.015361909
-0.015809085
-0.016220808
-0.016907041
-0.016470293
-0.015280562
-0.015972135
-0.015502712
-0.0043585656
-0.0040360027
-0.004686044
-0.0043266324
-0.0046800702
-0.0040248375
-0.0036528031
-0.0032786781
-0.003947294
-0.0050323874
-0.0046765914
-0.0053350094
-0.017579088
-0.017942157
-0.018584866
-0.019431464
-0.019080298
-0.018439874
-0.018325093
-0.018655755
-0.019319749
-0.01966913
-0.020022691
-0.020641501
-0.028129832
-0.027432573
-0.028085687
-0.027092831
-0.02780653
-0.027155899
-0.026635283
-0.0258833
-0.026582883
-0.027999276
-0.027293059
-0.027889136
-0.021821826
-0.021941896
-0.0213445
-0.021248242
-0.021191532
-0.021790305
-0.02202883
-0.022068398
-0.021479643
-0.020773155
-0.020819184
-0.020205672
-0.018217411
-0.01933234
-0.01863235
-0.020292291
-0.019188599
-0.019888954
-0.020532867
-0.021603186
-0.020942048
-0.019066998
-0.02017655
-0.019443278
-0.025498776
-0.024384627
-0.024232738
-0.022107726
-0.023326329
-0.023478904
-0.02308549
-0.021835361
-0.021703325
-0.022767223
-0.021533054
-0.02135722
-0.003265076
-0.0039179077
-0.0031919704
-0.0040404602
-0.0033966256
-0.0041293123
-0.0046278592
-0.005268103
-0.0045441088
-0.0030873035
-0.0037299133
-0.0029702338
-0.024679789
-0.025520547
-0.024146382
-0.02506436
-0.024255954
-0.025616876
-0.026363902
-0.027057649
-0.025818275
-0.023527549
-0.024356599
-0.022936572
-0.021462481
-0.020584921
-0.021034399
-0.019667385
-0.020555944
-0.020101986
-0.019587536
-0.018644257
-0.019156142
-0.02055242
-0.019672542
-0.020102991
-0.016026861
-0.015281555
-0.015708417
-0.014518802
-0.015305059
-0.014878276
-0.014433655
-0.013639954
-0.014070641
-0.015329936
-0.014537286
-0.014955567
-0.037585436
-0.037815903
-0.037596793
-0.03786297
-0.037678376
-0.03788356
-0.037998521
-0.038086093
-0.037967443
-0.03759105
-0.037780949
-0.037565926
-0.030385245
-0.029449126
-0.030567997
-0.02931265
-0.030288896
-0.029153139
-0.028332908
-0.02723933
-0.028496653
-0.030736045
-0.029780661
-0.030859699
-0.00097305019
-0.002221784
-0.0023311204
-0.0044568482
-0.0032730162
-0.0031537247
-0.0035353572
-0.0046649982
-0.0048216577
-0.003796165
-0.0049748744
-0.0050950718
-0.0080318659
-0.0077623068
-0.0085117278
-0.0082787595
-0.0085816671
-0.0078240529
-0.0074290007
-0.0070965653
-0.0078771064
-0.0090257351
-0.0087236147
-0.0094822471
-0.00405605
-0.0036627887
-0.0034816101
-0.0027153997
-0.0031256899
-0.0033004059
-0.0032066846
-0.0027691882
-0.0026180549
-0.0028463185
-0.0024391229
-0.0022630694
-0.022025451
-0.022015573
-0.021554398
-0.021277808
-0.021358874
-0.021812852
-0.021945694
-0.021830796
-0.021397425
-0.02099993
-0.020911448
-0.020456996
-0.0073358389
-0.0081117313
-0.0078937915
-0.0091571651
-0.0083828089
-0.0085988426
-0.0089497731
-0.0097005322
-0.009512498
-0.0084993251
-0.0092793119
-0.0090440017
-0.022244429
-0.021297181
-0.020975088
-0.019068736
-0.020125518
-0.020444269
-0.020168638
-0.019065755
-0.018776192
-0.019504931
-0.018434003
-0.018100998
-0.010863794
-0.0095673055
-0.010524776
-0.0086182261
-0.0099230184
-0.0089661708
-0.0081309656
-0.0068106266
-0.0077847628
-0.010142171
-0.0088389579
-0.0097847994
-0.022576024
-0.022731384
-0.022252619
-0.022266569
-0.0221732
-0.022644503
-0.022846816
-0.022906805
-0.022457888
-0.02186338
-0.021955062
-0.021485405
-0.0084850535
-0.0063287261
-0.0079632509
-0.0047333183
-0.0069692599
-0.0053141541
-0.0038590863
-0.0015256884
-0.0032610663
-0.0073573806
-0.0051263418
-0.006769607
-0.0078554693
-0.0086905592
-0.0073639812
-0.0083028985
-0.0074849108
-0.0088091988
-0.0095840784
-0.010374077
-0.0090761505
-0.0068119273
-0.0076313624
-0.0062995649
-0.00064723499
-0.00066322463
-0.0023584119
-0.0029899408
-0.0029909534
-0.001303509
-0.00066206457
-0.00064800926
-0.0023586324
-0.0042083716
-0.0042078993
-0.0058354671
-0.018601725
-0.019554616
-0.019014658
-0.020456189
-0.019514105
-0.020049622
-0.020565421
-0.021452145
-0.020976094
-0.019453824
-0.020406327
-0.019839984
-0.010806804
-0.010463491
-0.011351074
-0.011063802
-0.0114243
-0.010528221
-0.010048902
-0.0096337644
-0.01058371
-0.011939963
-0.011588078
-0.012468084
-0.0030501441
-0.0034913026
-0.0036729786
-0.0044853314
-0.004060848
-0.003872465
-0.003950435
-0.0043468246
-0.0045604109
-0.0043519488
-0.0047801327
-0.0049652522
-0.00037842744
-0.00099214282
-0.00086073231
-0.0018805072
-0.0012640035
-0.0013945218
-0.0016589409
-0.0022575692
-0.002148065
-0.0013877193
-0.0020093044
-0.0018654434
-0.0030972461
-0.0029518021
-0.0034994017
-0.0034205091
-0.0035900792
-0.0030353267
-0.0027636546
-0.0025644661
-0.0031434478
-0.0039333299
-0.0037663677
-0.0043207726
-0.021774871
-0.021016366
-0.021415652
-0.020239843
-0.021003206
-0.020606903
-0.020164757
-0.019371693
-0.019805819
-0.020999794
-0.020242552
-0.020602352
-0.016125304
-0.015259945
-0.015956971
-0.014650777
-0.015561461
-0.014864572
-0.01427548
-0.013351879
-0.014055358
-0.015737719
-0.014820236
-0.015509379
-0.0061027838
-0.0064133002
-0.0069446018
-0.0076280469
-0.0073568954
-0.0068197801
-0.0067195674
-0.0069660104
-0.0075191514
-0.0078511312
-0.0081199211
-0.00865946
-0.0067718444
-0.0063339504
-0.0069896438
-0.0064407185
-0.0068998628
-0.0062462564
-0.0058390339
-0.0053780692
-0.0060322266
-0.0072090148
-0.006745208
-0.0073903982
-0.02993563
-0.029867802
-0.029477594
-0.029123743
-0.029263016
-0.029646483
-0.029729314
-0.029548547
-0.029193729
-0.028930771
-0.028786918
-0.0283971
-0.0022449388
-0.0016461509
-0.0021401334
-0.0012636113
-0.0018751832
-0.0013855565
-0.00098349462
-0.00037642611
-0.00086205551
-0.0020071064
-0.0013911021
-0.0018696569
-0.021022176
-0.02069371
-0.021459337
-0.021124713
-0.021486354
-0.020722347
-0.02030804
-0.019931723
-0.020705784
-0.02191093
-0.021541818
-0.02229027
-0.0063578892
-0.0064107146
-0.0047673995
-0.0042046844
-0.0041831293
-0.0058387879
-0.0064329549
-0.0064258644
-0.0048125757
-0.0029532059
-0.0029751652
-0.0012641372
-0.022486883
-0.022437244
-0.023021534
-0.023064292
-0.023176606
-0.022592934
-0.022336393
-0.022206204
-0.022800363
-0.023562141
-0.023439427
-0.024009468
-0.022189435
-0.0222976
-0.022723213
-0.022977371
-0.022938804
-0.022505467
-0.02235664
-0.022359556
-0.022815314
-0.023273112
-0.023304861
-0.023738625
-0.0026447378
-0.0031035738
-0.0025350958
-0.0030955614
-0.0026547551
-0.0032259266
-0.0035967736
-0.004036262
-0.0034650143
-0.0023964905
-0.0028328721
-0.0022527396
-0.019318197
-0.020117317
-0.019620333
-0.020814364
-0.02001963
-0.020520295
-0.020976878
-0.021741194
-0.02127838
-0.019930812
-0.020731449
-0.02019672
-0.032760818
-0.033064195
-0.03246493
-0.032743926
-0.032457038
-0.03306288
-0.033378233
-0.033648396
-0.033066582
-0.032103292
-0.032389456
-0.031739645
-0.0078899133
-0.0058713055
-0.0074072802
-0.004418506
-0.0064860287
-0.0049330777
-0.0035716925
-0.0014207368
-0.0030563664
-0.0068463202
-0.004795836
-0.0063077739
-0.00095885912
-0.0024895139
-0.0020822258
-0.0045768114
-0.0030548893
-0.0034574691
-0.0041511436
-0.0056433243
-0.0052699065
-0.0033119435
-0.0048388353
-0.0044256717
-0.031668071
-0.03232448
-0.031848477
-0.032792154
-0.032152357
-0.032622772
-0.033009738
-0.03359845
-0.033180041
-0.032033312
-0.032679815
-0.032189519
-0.029199699
-0.028438681
-0.028850627
-0.027661221
-0.028440012
-0.028025274
-0.027562381
-0.026723594
-0.027200807
-0.028446422
-0.027676922
-0.028060664
-0.0092848084
-0.0088263793
-0.010367531
-0.010090531
-0.010579142
-0.0090483243
-0.0082882142
-0.0077662026
-0.0093426767
-0.011500581
-0.011013076
-0.012483934
-0.0062526359
-0.0071010423
-0.0069886453
-0.0084097841
-0.0075690763
-0.0076771093
-0.0080151431
-0.0088301395
-0.008748005
-0.0077925301
-0.0086384666
-0.0085201395
-0.0061576856
-0.0045782482
-0.0059332803
-0.0036746393
-0.0052715378
-0.0039095628
-0.0027976545
-0.0011439545
-0.0025675165
-0.0056686896
-0.0040834188
-0.0054117809
-0.032746678
-0.033027731
-0.032581098
-0.032821325
-0.032604446
-0.033043851
-0.033275505
-0.033445548
-0.033040356
-0.032361877
-0.032572314
-0.032126845
-0.022900252
-0.023463048
-0.023056163
-0.023804474
-0.023294463
-0.02371034
-0.024049633
-0.024559228
-0.024143105
-0.023171683
-0.023671885
-0.023232617
-0.0086173212
-0.0091643308
-0.0092757911
-0.01026127
-0.0097160708
-0.0096054881
-0.0097551136
-0.010282405
-0.010415539
-0.0099877947
-0.010537139
-0.010626154
-0.010520157
-0.010891135
-0.010316571
-0.010707871
-0.010367666
-0.010940824
-0.011274718
-0.011603209
-0.011036159
-0.010073566
-0.010409107
-0.009833906
-0.035035811
-0.035246578
-0.03492735
-0.035080042
-0.034942462
-0.035258343
-0.035420927
-0.035517016
-0.035228421
-0.034761715
-0.034889418
-0.034564048
-0.00065678215
-0.0016098381
-0.001546117
-0.0031712229
-0.002217884
-0.0022866844
-0.0026555907
-0.0036053058
-0.0035451412
-0.0025082026
-0.0034623379
-0.0033702734
-0.027731554
-0.027435822
-0.027946638
-0.027549477
-0.027904215
-0.027380265
-0.027045514
-0.026633152
-0.027202054
-0.028158879
-0.027803646
-0.028328304
-0.03415614
-0.034048078
-0.033784957
-0.03347757
-0.033607358
-0.033861498
-0.03387761
-0.033674543
-0.033496838
-0.033356961
-0.033239972
-0.03295124
-0.031650197
-0.032107676
-0.031734405
-0.032301732
-0.031906945
-0.032284533
-0.032565825
-0.032946676
-0.032577673
-0.031770723
-0.032154249
-0.031753601
-0.023968955
-0.023292376
-0.023704729
-0.022664221
-0.023352317
-0.022946032
-0.02253547
-0.021834923
-0.022260371
-0.023386425
-0.022698967
-0.023070937
-0.010210775
-0.0092721544
-0.009007297
-0.0071912155
-0.0082021209
-0.0084601224
-0.0081789386
-0.0071252492
-0.0068951618
-0.0076460732
-0.0066253464
-0.0063635946
-0.0065230479
-0.0074433041
-0.0061536712
-0.0072532021
-0.0063475953
-0.0076415363
-0.0084415853
-0.0093391833
-0.0080560278
-0.0057256189
-0.0066297317
-0.0053161887
-0.010800013
-0.0098832945
-0.011232582
-0.010123297
-0.011048509
-0.0097050575
-0.0088517529
-0.0078888307
-0.0092822155
-0.011673379
-0.010754587
-0.012045068
-0.022760151
-0.022484554
-0.02317309
-0.022885387
-0.023205716
-0.022517753
-0.022145883
-0.021804675
-0.02250575
-0.023590044
-0.023262261
-0.02393905
-0.021996186
-0.021913527
-0.021225942
-0.020736929
-0.020887286
-0.021575761
-0.021768534
-0.021589836
-0.020919234
-0.020325276
-0.020161808
-0.019453852
-0.03570754
-0.035966253
-0.035393269
-0.035610328
-0.03536323
-0.03594306
-0.036215973
-0.036413991
-0.035899075
-0.03499881
-0.035255635
-0.034599823
-0.030008771
-0.029993596
-0.030402756
-0.030462357
-0.030530449
-0.030111416
-0.029923923
-0.029809797
-0.030265649
-0.030809535
-0.030744487
-0.031158768
-0.03336318
-0.033161097
-0.033711334
-0.033532323
-0.03375991
-0.033202641
-0.03289196
-0.032605235
-0.033222906
-0.03407309
-0.03385397
-0.034386273
-0.0032886284
-0.003682644
-0.0029938726
-0.0033884012
-0.0030227881
-0.0037068874
-0.0040886639
-0.004437621
-0.0037648259
-0.0026571471
-0.0030210458
-0.0023388431
-0.030168145
-0.030571855
-0.030609427
-0.031315795
-0.03091643
-0.030880443
-0.03099089
-0.031348769
-0.031436246
-0.031069025
-0.031477572
-0.031464211
-0.015949467
-0.016337475
-0.015181928
-0.015369824
-0.015021182
-0.016186991
-0.016728892
-0.017057404
-0.015917326
-0.014281972
-0.014624203
-0.013413282
-0.0033455302
-0.0035103045
-0.0039626968
-0.0043651567
-0.0042381814
-0.0037805775
-0.0036563214
-0.003761253
-0.0042329145
-0.0046217833
-0.0047446653
-0.0052039763
-0.016641553
-0.01514471
-0.015488058
-0.012915638
-0.014500983
-0.014139455
-0.013412107
-0.011754756
-0.012173195
-0.014182038
-0.012602545
-0.01295898
-0.0093698508
-0.010036522
-0.0092915572
-0.010160256
-0.0095009087
-0.010250911
-0.010763159
-0.011419153
-0.010675844
-0.0091859001
-0.0098440275
-0.0090716013
-0.0065182727
-0.0067799782
-0.0049089156
-0.0046332165
-0.0043972204
-0.0062804901
-0.0070271799
-0.0072151161
-0.0053970312
-0.0030731128
-0.0033145486
-0.0013646756
-0.0072782305
-0.0082463615
-0.0070163289
-0.0082228127
-0.007267753
-0.008501815
-0.009285145
-0.010207922
-0.0090138557
-0.0066995956
-0.0076597366
-0.0063864229
-0.034377868
-0.034539276
-0.034169125
-0.034162384
-0.034108598
-0.034486944
-0.034644638
-0.034680453
-0.034311323
-0.033845796
-0.033883068
-0.03347453
-0.016634037
-0.014680848
-0.015624192
-0.012481039
-0.014523555
-0.013558308
-0.012429769
-0.010260962
-0.011327215
-0.014482676
-0.012442867
-0.013408451
-0.00044360866
-0.0012225533
-0.00093089925
-0.0021715493
-0.0013919917
-0.0016880894
-0.0020777113
-0.0028559417
-0.0025658518
-0.0014540805
-0.0022340975
-0.0019202984
-0.034001542
-0.034456153
-0.033827145
-0.034346473
-0.03392511
-0.034543376
-0.034892393
-0.035227076
-0.034695315
-0.033611202
-0.034045728
-0.03339391
-0.0071763324
-0.0084325488
-0.008244433
-0.010317004
-0.009090241
-0.0092710667
-0.0097795217
-0.01097424
-0.010818486
-0.009407267
-0.010635021
-0.010454679
-0.0090730197
-0.0085905524
-0.010288751
-0.010025924
-0.010537585
-0.0088543412
-0.0080304908
-0.0074923874
-0.009219855
-0.011551083
-0.01103795
-0.012633817
-0.0034878331
-0.0037465932
-0.0026128635
-0.0026401441
-0.0023879136
-0.0035172127
-0.0039983111
-0.0041974689
-0.0031278583
-0.0016390502
-0.001901443
-0.00074741954
-0.0135815
-0.012019141
-0.011806279
-0.0088766166
-0.010541532
-0.010758409
-0.010218502
-0.0085076961
-0.0083242797
-0.0097635977
-0.0080806093
-0.0078242844
-0.0040504093
-0.0039076321
-0.0030249041
-0.0023806714
-0.0025740736
-0.0034639857
-0.0037201149
-0.0035215272
-0.0026324873
-0.0018469056
-0.0016429484
-0.00073680675
-0.012882477
-0.012596677
-0.01222681
-0.011586498
-0.011882236
-0.012246591
-0.012260239
-0.011933768
-0.011600586
-0.011500927
-0.011211454
-0.010835123
-0.032922682
-0.033606313
-0.033729805
-0.034845833
-0.034244241
-0.034126024
-0.034301362
-0.03488256
-0.035013982
-0.03454563
-0.035134133
-0.035225094
-0.0043007268
-0.0038569965
-0.0044441919
-0.0038631896
-0.0043253041
-0.0037412827
-0.0033588616
-0.002895455
-0.0034792952
-0.0045816218
-0.0041151513
-0.0046891977
-0.007773793
-0.0088172067
-0.0092920829
-0.011164549
-0.010201701
-0.0097250592
-0.0099001993
-0.010826535
-0.011324364
-0.010902632
-0.011852268
-0.012314661
-0.033808289
-0.033519864
-0.034260879
-0.034014234
-0.034315906
-0.033575297
-0.033163001
-0.032801476
-0.033612379
-0.034724159
-0.034433552
-0.035116983
-0.003988283
-0.0035591135
-0.0034305612
-0.0026402337
-0.0030702171
-0.0031970018
-0.0030774519
-0.0026290786
-0.00252314
-0.0028147548
-0.0023891101
-0.0022508415
-0.00043624191
-0.0011574127
-0.00096150894
-0.0021332643
-0.0014137407
-0.0016160011
-0.0019481476
-0.0026651006
-0.0024710926
-0.001520926
-0.0022403366
-0.0020150464
-0.017676245
-0.018537915
-0.018356063
-0.019731387
-0.018901518
-0.019093319
-0.019461098
-0.020283729
-0.020103832
-0.019053461
-0.019877586
-0.019647111
-0.0074876177
-0.0066650581
-0.0064647273
-0.0049376036
-0.0057772891
-0.0059864594
-0.0057458995
-0.0048936296
-0.0047041414
-0.0053039517
-0.0044620672
-0.0042131792
-0.0080630578
-0.0087318259
-0.0083976279
-0.0094332955
-0.0087650629
-0.0090984053
-0.0094508669
-0.010091337
-0.0097915049
-0.0087556198
-0.009430044
-0.0090748495
-0.022226988
-0.022232637
-0.021813369
-0.021613486
-0.021653469
-0.022062371
-0.022185243
-0.022093723
-0.021725017
-0.021341292
-0.021299562
-0.020893345
-0.032275081
-0.031940093
-0.032648119
-0.032312271
-0.03265949
-0.031947907
-0.03153936
-0.031146478
-0.031909142
-0.033039096
-0.032700009
-0.033378786
-0.02618553
-0.026057605
-0.025343123
-0.024835932
-0.024980949
-0.025697983
-0.025897294
-0.025730882
-0.025039488
-0.024393136
-0.024249403
-0.023504888
-0.011749969
-0.01104491
-0.011242066
-0.010090945
-0.010798957
-0.010598977
-0.010253163
-0.0095151379
-0.0097481635
-0.01067935
-0.0099770385
-0.010162574
-0.033754224
-0.033117279
-0.033137594
-0.031941713
-0.032654112
-0.032629589
-0.032352313
-0.031594493
-0.031650823
-0.03241085
-0.031687234
-0.031698446
-0.0047680528
-0.0057224242
-0.0046363005
-0.0058731039
-0.004928332
-0.0060226734
-0.0067540903
-0.0076760067
-0.0066142659
-0.0044574663
-0.0054054869
-0.0042689741
-0.016890397
-0.016890001
-0.016297518
-0.01607443
-0.016081099
-0.016669424
-0.016860011
-0.016802452
-0.016268462
-0.01563651
-0.01563962
-0.015025029
-0.03065757
-0.029565262
-0.029964037
-0.028104333
-0.029286619
-0.02887429
-0.028272427
-0.027003026
-0.027481081
-0.029157527
-0.027966072
-0.028372672
-0.03490593
-0.034857367
-0.03513765
-0.035053503
-0.035180224
-0.034892525
-0.03473267
-0.034560162
-0.034879984
-0.035346304
-0.035211026
-0.035495007
-0.035748556
-0.036204617
-0.035857345
-0.036429823
-0.036046428
-0.036379604
-0.036625162
-0.03693809
-0.036661336
-0.035941584
-0.036324194
-0.03598519
-0.0098689298
-0.0089701885
-0.010032952
-0.0088474408
-0.0097591415
-0.0086975617
-0.0079703129
-0.0070491921
-0.0081212181
-0.010199882
-0.0092876193
-0.010338599
-0.021060193
-0.019781573
-0.020387371
-0.018347318
-0.019669298
-0.019047464
-0.018304528
-0.016885181
-0.017599858
-0.019627071
-0.018319376
-0.018916596
-0.024700968
-0.024181847
-0.024654862
-0.023860771
-0.024427341
-0.023959728
-0.023580587
-0.023007999
-0.02347879
-0.024558339
-0.023982734
-0.024429345
-0.0068049313
-0.0074989133
-0.0071155185
-0.008176705
-0.007481707
-0.0078677631
-0.0082540917
-0.0089349209
-0.0085681943
-0.0074452811
-0.0081439456
-0.0077370778
-0.033587157
-0.033665237
-0.033306071
-0.033218568
-0.033209139
-0.033563717
-0.033691653
-0.033663548
-0.033334844
-0.032952271
-0.032954803
-0.032592922
-0.03712084
-0.037060865
-0.037361862
-0.037325632
-0.037413314
-0.037120506
-0.036965919
-0.036856377
-0.037180401
-0.037576579
-0.03748782
-0.037721081
-0.034229202
-0.034430421
-0.034736159
-0.03511641
-0.034974186
-0.034668025
-0.034602921
-0.034709902
-0.035040893
-0.035246831
-0.035379692
-0.035667776
-0.017867698
-0.016642297
-0.016603411
-0.014351067
-0.015664405
-0.015697763
-0.015225573
-0.01387059
-0.013863583
-0.015160509
-0.013838213
-0.013798721
-0.034442256
-0.034326487
-0.034029794
-0.033640189
-0.033814796
-0.034109391
-0.034147456
-0.033939055
-0.033668071
-0.033533291
-0.033352082
-0.033047601
-0.0073497103
-0.0067069266
-0.0070624245
-0.0060774454
-0.0067203075
-0.0063671631
-0.005996235
-0.0053444326
-0.0057107275
-0.0067365729
-0.0060961092
-0.0064309747
-0.017240214
-0.017308795
-0.017922149
-0.018257135
-0.018197857
-0.017577814
-0.017350939
-0.017361102
-0.018034768
-0.018659248
-0.018730004
-0.019318248
-0.031551372
-0.032592949
-0.032122493
-0.033638207
-0.03269364
-0.033139237
-0.033618374
-0.034452677
-0.034098259
-0.032709703
-0.033660127
-0.033207939
-0.009670227
-0.010413719
-0.01033803
-0.011590646
-0.010854801
-0.01092639
-0.011212221
-0.01192269
-0.011877519
-0.011065603
-0.011806655
-0.011722839
-0.025595576
-0.024575149
-0.025027318
-0.023394875
-0.024441672
-0.023981692
-0.023416398
-0.022328218
-0.022826571
-0.024390007
-0.023348195
-0.023795722
-0.03730224
-0.037077885
-0.037031078
-0.036559303
-0.036825033
-0.036882746
-0.036800778
-0.036526635
-0.03648095
-0.036669547
-0.036396324
-0.036291294
-0.0348267
-0.035060147
-0.034490478
-0.034653773
-0.034440452
-0.035019742
-0.035289952
-0.035470465
-0.034937054
-0.034069188
-0.034285039
-0.033635945
-0.0028842052
-0.0033371974
-0.0034838413
-0.0043213852
-0.0038700374
-0.003721201
-0.0038236635
-0.0042571602
-0.0044261227
-0.0041383197
-0.0045943939
-0.0047301497
-0.022832029
-0.022911024
-0.023296721
-0.023525476
-0.023489601
-0.023088847
-0.022934311
-0.022899757
-0.02336189
-0.023793797
-0.023835327
-0.024232884
-0.036999639
-0.036879475
-0.036734029
-0.036446829
-0.036584153
-0.03673369
-0.036718352
-0.036541676
-0.036439734
-0.036406492
-0.03627504
-0.0360781
-0.013165026
-0.012088324
-0.011568034
-0.0094128583
-0.010557422
-0.011087694
-0.010853385
-0.0096874902
-0.0091794741
-0.0097390668
-0.0085836822
-0.0080096322
-0.029019913
-0.02885375
-0.028306124
-0.027734276
-0.027960751
-0.028510057
-0.028623677
-0.028375858
-0.02784216
-0.027472619
-0.027239042
-0.026674786
-0.027617041
-0.027161749
-0.027925841
-0.027320146
-0.027859463
-0.027073028
-0.026563182
-0.025926265
-0.026795373
-0.028230865
-0.027701672
-0.028475902
-0.031713862
-0.030901782
-0.031558658
-0.030374817
-0.031202211
-0.030540067
-0.029969074
-0.029080271
-0.029804633
-0.031374259
-0.030555257
-0.031194736
-0.03638623
-0.036751246
-0.036764807
-0.037308298
-0.037009591
-0.037001401
-0.037104482
-0.037390016
-0.037408747
-0.037119624
-0.037408643
-0.037391286
-0.025079301
-0.025049858
-0.024358914
-0.023981174
-0.024061371
-0.024759523
-0.024982667
-0.024886403
-0.024200947
-0.023513145
-0.02342265
-0.022692729
-0.0076353134
-0.0071940604
-0.0079981054
-0.0074924325
-0.0079563169
-0.007158987
-0.0066952282
-0.0062301228
-0.0070307679
-0.0083632585
-0.0078937905
-0.0086672235
-0.0095628536
-0.0088170563
-0.0090088995
-0.0077847059
-0.0085335875
-0.0083396865
-0.0079849118
-0.0072143321
-0.0074320282
-0.0083957547
-0.0076515156
-0.0078324956
-0.02586812
-0.026386783
-0.026754073
-0.027745839
-0.027251775
-0.026895994
-0.026929074
-0.027396626
-0.027790959
-0.027672655
-0.028166794
-0.028463533
-0.013558739
-0.01282895
-0.013077523
-0.011898939
-0.01263429
-0.012383676
-0.012011609
-0.011242277
-0.01152754
-0.012542261
-0.011812207
-0.012050363
-0.006092369
-0.0061357569
-0.0073493852
-0.007856537
-0.0078220526
-0.0066095368
-0.0061550722
-0.0061455648
-0.0074145388
-0.0086989517
-0.0087418273
-0.0098967701
-0.011703264
-0.012513658
-0.011552458
-0.012589699
-0.011789088
-0.012752612
-0.01339299
-0.014182928
-0.013231943
-0.011372829
-0.012173334
-0.011196556
-0.034274126
-0.034680047
-0.034794997
-0.035474426
-0.035111836
-0.035007343
-0.035094244
-0.035443826
-0.035565007
-0.035307122
-0.035661738
-0.035717136
-0.024052883
-0.024056838
-0.024648662
-0.024859939
-0.024867636
-0.024270743
-0.024020624
-0.023939603
-0.02461384
-0.02528496
-0.025290401
-0.025851341
-0.028842369
-0.029082551
-0.029567703
-0.030079958
-0.029900455
-0.029416147
-0.029300258
-0.029459399
-0.029958622
-0.030318541
-0.030490157
-0.03095804
-0.022353343
-0.023446372
-0.022929129
-0.024603438
-0.023535775
-0.024045721
-0.024609474
-0.025634206
-0.025164441
-0.023548072
-0.024620099
-0.024098371
-0.017244017
-0.017574063
-0.016305994
-0.016373388
-0.016067736
-0.017346977
-0.01791195
-0.018200625
-0.016950817
-0.015220272
-0.015524051
-0.014174603
-0.036327462
-0.035872808
-0.035803988
-0.03486306
-0.035410803
-0.035482016
-0.035302475
-0.034715495
-0.034670223
-0.03515236
-0.034587816
-0.034485666
-0.032396829
-0.031920425
-0.032054446
-0.031227089
-0.031735867
-0.031612577
-0.031374563
-0.0308569
-0.03099382
-0.031625685
-0.031111062
-0.031188258
-0.027919768
-0.026916571
-0.027382835
-0.025781984
-0.026814702
-0.026341055
-0.025776886
-0.024698523
-0.025213785
-0.026777554
-0.025749685
-0.026210873
-0.033029671
-0.032863372
-0.032655028
-0.032243594
-0.032451179
-0.032645392
-0.032613771
-0.032323439
-0.032204863
-0.032226455
-0.032027121
-0.031819892
-0.022253549
-0.023056312
-0.021621477
-0.0224696
-0.021684232
-0.023109763
-0.023871098
-0.024545076
-0.02324177
-0.020901196
-0.021705375
-0.020221939
-0.013491853
-0.013622667
-0.013127279
-0.013114374
-0.013027722
-0.013519568
-0.013729595
-0.013801666
-0.013318237
-0.012700988
-0.012781723
-0.01228789
-0.015395923
-0.015089984
-0.015780972
-0.015438147
-0.015788164
-0.015105318
-0.014727185
-0.014377594
-0.015059833
-0.016153863
-0.01579357
-0.016449265
-0.012902559
-0.013657239
-0.013381387
-0.01458015
-0.013829485
-0.014108818
-0.014477119
-0.015212816
-0.014953456
-0.013893067
-0.014645416
-0.014347644
-0.034143709
-0.034586133
-0.034757805
-0.035516014
-0.035121564
-0.034958661
-0.035039675
-0.035422472
-0.035596519
-0.035374167
-0.035758779
-0.035881595
-0.031881936
-0.031633193
-0.032103461
-0.031764175
-0.032075428
-0.03159839
-0.031301713
-0.030943439
-0.031454284
-0.032310131
-0.031992872
-0.032462962
-0.015091995
-0.014448119
-0.014874304
-0.013894585
-0.014550239
-0.014129795
-0.013732226
-0.013074544
-0.013500898
-0.014611458
-0.01395419
-0.01435422
-0.024718192
-0.024627866
-0.024293832
-0.023972728
-0.024099138
-0.024422626
-0.024479083
-0.024292109
-0.024019507
-0.023815456
-0.023691343
-0.023367261
-0.014712729
-0.014997267
-0.015490624
-0.016094791
-0.015863242
-0.015366101
-0.015266624
-0.015472505
-0.015985242
-0.016313189
-0.016537598
-0.017030004
-0.0086594445
-0.0078917067
-0.0083460291
-0.0071815973
-0.007949808
-0.0074959558
-0.0070352964
-0.0062412294
-0.0067259575
-0.007992054
-0.0072293084
-0.0076626621
-0.027663512
-0.027766538
-0.028190949
-0.028508022
-0.028420841
-0.02798932
-0.027841948
-0.027876807
-0.028362219
-0.028758434
-0.028854357
-0.029262605
-0.027526809
-0.027498823
-0.027071937
-0.026842346
-0.026892326
-0.027311909
-0.027432279
-0.027336122
-0.026960736
-0.026561361
-0.026516853
-0.026086184
-0.010429424
-0.009694051
-0.010009361
-0.008844928
-0.0095863492
-0.0092673381
-0.0088631316
-0.0080843482
-0.0084438872
-0.0095400502
-0.0088055898
-0.0091070947
-0.023795001
-0.024684333
-0.02492702
-0.026415611
-0.025631448
-0.025383862
-0.025575939
-0.026319913
-0.026592671
-0.026100373
-0.02687181
-0.027108034
-0.0059430276
-0.0064071879
-0.0064490726
-0.0072537346
-0.0068030355
-0.0067546404
-0.0068876803
-0.0073004691
-0.0073851229
-0.0070007003
-0.007455409
-0.0074987578
-0.029557208
-0.029077068
-0.029305957
-0.028512013
-0.029021461
-0.028801902
-0.02853195
-0.028019123
-0.028244553
-0.028984672
-0.028468505
-0.028649414
-0.01611411
-0.017064527
-0.016579166
-0.018037996
-0.017093234
-0.017581834
-0.018092367
-0.019011536
-0.018555843
-0.01706763
-0.018017447
-0.017495859
-0.030067389
-0.030575617
-0.030219265
-0.030918273
-0.030442539
-0.030808291
-0.03111114
-0.031577635
-0.031223756
-0.030336274
-0.030805211
-0.030398665
-0.018655959
-0.018897342
-0.018350587
-0.018515392
-0.018314898
-0.018857826
-0.019127723
-0.01930689
-0.018777448
-0.017992202
-0.018187935
-0.017643987
-0.028019867
-0.02852554
-0.02823353
-0.028958493
-0.028480506
-0.028781573
-0.029063455
-0.029537077
-0.029242901
-0.028423426
-0.028894766
-0.028555341
-0.031385883
-0.031857138
-0.0318284
-0.03258702
-0.032144092
-0.032184528
-0.032354206
-0.032787123
-0.03276308
-0.032259667
-0.032697871
-0.032608304
-0.030389283
-0.030233831
-0.029921616
-0.029525259
-0.029692858
-0.029999626
-0.030029775
-0.029814557
-0.029559862
-0.029392605
-0.029234971
-0.02889532
-0.018916679
-0.019210789
-0.018605604
-0.018847683
-0.018584821
-0.019195731
-0.01951491
-0.019773513
-0.01916585
-0.018228485
-0.018483491
-0.017848705
-0.011585046
-0.011209061
-0.011019114
-0.010292272
-0.010674866
-0.010860444
-0.010776261
-0.010363394
-0.010208884
-0.010393168
-0.010016547
-0.0098189527
-0.026167365
-0.025824798
-0.025726209
-0.02509374
-0.025438876
-0.025536625
-0.025425127
-0.025033766
-0.024988321
-0.025227132
-0.02489132
-0.0247629
-0.010613124
-0.011031689
-0.011152574
-0.011914696
-0.011503539
-0.011378251
-0.011471405
-0.011852649
-0.012008301
-0.011740651
-0.012157057
-0.012271973
-0.015669499
-0.016127684
-0.015395488
-0.015882749
-0.015452056
-0.016186053
-0.016610778
-0.017033282
-0.016305304
-0.015070778
-0.015496184
-0.014751471
-0.019714446
-0.019282174
-0.019100465
-0.018243011
-0.018710336
-0.018882469
-0.018761515
-0.018249202
-0.018115348
-0.018411763
-0.017946235
-0.017770485
-0.010254658
-0.009143656
-0.0089582629
-0.0069406502
-0.008069731
-0.0082555754
-0.00790609
-0.0067668608
-0.0065910017
-0.0075162279
-0.006385699
-0.0061853164
-0.0059506191
-0.0057351519
-0.0067737573
-0.0067609152
-0.006995773
-0.0059485125
-0.0054593049
-0.0051710734
-0.0062732237
-0.0076630331
-0.0074394275
-0.0084595727
-0.01224424
-0.012940484
-0.012404087
-0.013395321
-0.012709863
-0.013251696
-0.013697053
-0.014378838
-0.01384397
-0.012556997
-0.013240195
-0.012675585
-0.03026821
-0.030272453
-0.030640683
-0.030697705
-0.030762659
-0.030380327
-0.030203119
-0.030076175
-0.030506083
-0.031020359
-0.030953317
-0.031336629
-0.0053715756
-0.0062215782
-0.0064814497
-0.0080158551
-0.0071845467
-0.0069356903
-0.0071391447
-0.0079593721
-0.0082276363
-0.0076543496
-0.0084828246
-0.0086834968
-0.027451515
-0.027172631
-0.02691437
-0.026326517
-0.026614798
-0.02686919
-0.026837736
-0.026507926
-0.026300483
-0.026308319
-0.026029384
-0.025742289
-0.01948594
-0.019854653
-0.01902639
-0.019310355
-0.018977775
-0.019809648
-0.020234786
-0.02055557
-0.019730822
-0.018486813
-0.018811331
-0.017961187
-0.034089414
-0.033715769
-0.033802659
-0.033153292
-0.033547376
-0.033468996
-0.033285735
-0.032877681
-0.032977369
-0.033445672
-0.033049837
-0.033083947
-0.0132772
-0.01368524
-0.012984454
-0.013385415
-0.013014981
-0.013712613
-0.014101106
-0.014449965
-0.013765578
-0.012641091
-0.013006136
-0.012307262
-0.019650502
-0.019467147
-0.020051928
-0.01989826
-0.020119968
-0.019531751
-0.019232455
-0.018985578
-0.019590119
-0.020470291
-0.020243678
-0.020829824
-0.030698868
-0.031051439
-0.030531759
-0.030877641
-0.030583646
-0.031095113
-0.031379997
-0.031623755
-0.031149802
-0.030316862
-0.030606055
-0.03009042
-0.031178652
-0.031164966
-0.030469231
-0.030146797
-0.030186742
-0.030893814
-0.031124372
-0.031065284
-0.030386333
-0.029634383
-0.029592836
-0.028824962
-0.031878906
-0.031605796
-0.031194896
-0.030491281
-0.030819179
-0.031236203
-0.031265177
-0.030919954
-0.03051594
-0.030385872
-0.030047056
-0.029596161
-0.0081566273
-0.0097153939
-0.0097182821
-0.012300383
-0.010832624
-0.010824332
-0.011355389
-0.012781586
-0.012815872
-0.011377182
-0.012835438
-0.012836446
-0.026759922
-0.027099045
-0.02725647
-0.027894128
-0.027562583
-0.027401128
-0.027443269
-0.027731574
-0.027942217
-0.027788106
-0.02812858
-0.02825692
-0.025091774
-0.024458253
-0.025041618
-0.024145119
-0.024787362
-0.024204896
-0.023742338
-0.023071852
-0.023689544
-0.024964522
-0.024327762
-0.024875084
-0.022793791
-0.022921014
-0.023645409
-0.0241159
-0.023998862
-0.023276409
-0.023044949
-0.023142502
-0.023889009
-0.024560256
-0.024679418
-0.025373447
-0.022478638
-0.022619663
-0.023296143
-0.023709469
-0.023621463
-0.022952845
-0.022738132
-0.022815192
-0.023492755
-0.024135427
-0.024213763
-0.024853728
-0.016953786
-0.016308988
-0.01622306
-0.015051414
-0.015716576
-0.015796465
-0.015574704
-0.014881417
-0.014826671
-0.015411694
-0.014749808
-0.01466464
-0.028129442
-0.02879681
-0.02862007
-0.029659377
-0.029026341
-0.029210062
-0.029505184
-0.03013279
-0.029956889
-0.029115266
-0.029741583
-0.029527508
-0.03047237
-0.030761587
-0.030289072
-0.030558477
-0.030316978
-0.030779281
-0.031026208
-0.031221554
-0.03079689
-0.030065828
-0.030308472
-0.029843471
-0.023850632
-0.023966537
-0.024781713
-0.025240515
-0.025152313
-0.024342036
-0.024072393
-0.024149594
-0.024972483
-0.025769373
-0.025853147
-0.026632591
-0.009307447
-0.0091166712
-0.010002118
-0.0099858394
-0.010186572
-0.0092960068
-0.0088730174
-0.0086147527
-0.0095673903
-0.010753203
-0.010561438
-0.011426881
-0.029554224
-0.029881687
-0.030339406
-0.03099082
-0.030720514
-0.030268297
-0.030196795
-0.030447841
-0.030914663
-0.03114292
-0.03140245
-0.0318221
-0.029771678
-0.029920696
-0.029468404
-0.029502667
-0.029399936
-0.029844794
-0.030036465
-0.03009729
-0.029684851
-0.029111005
-0.029211948
-0.028762167
-0.025347635
-0.026100639
-0.025445426
-0.026499772
-0.025753863
-0.026408784
-0.026896754
-0.027592983
-0.026997179
-0.025528689
-0.026284516
-0.025586487
-0.024156456
-0.0235878
-0.024115736
-0.023307059
-0.023884436
-0.023363528
-0.022949814
-0.022357598
-0.022901593
-0.024038099
-0.023463096
-0.023938846
-0.023490856
-0.023409664
-0.022506825
-0.021995063
-0.022103672
-0.02301174
-0.023299207
-0.023179366
-0.02228375
-0.021390491
-0.021278028
-0.020340252
-0.016395071
-0.016288804
-0.015864397
-0.015490841
-0.015626007
-0.016043494
-0.016138905
-0.015965302
-0.015578751
-0.015270291
-0.015136375
-0.014718553
-0.022002072
-0.021727896
-0.02109137
-0.020365981
-0.020651733
-0.021290588
-0.021410788
-0.02110684
-0.020490666
-0.020070648
-0.01978641
-0.019124338
-0.0023107155
-0.0024409418
-0.001728107
-0.001661318
-0.0015542445
-0.0022665273
-0.0025670292
-0.002668009
-0.001957077
-0.0010731444
-0.0011762337
-0.0004649299
-0.013872914
-0.014093861
-0.014468221
-0.014956067
-0.014761658
-0.014380109
-0.014302642
-0.014462548
-0.014873071
-0.015110759
-0.015307133
-0.015686885
-0.012585234
-0.011697949
-0.012365679
-0.011018726
-0.01194819
-0.011275875
-0.010685673
-0.0097290888
-0.010419388
-0.012101788
-0.011166543
-0.011836099
-0.025467018
-0.025750241
-0.025275495
-0.025529239
-0.02529519
-0.025763715
-0.026016249
-0.026220941
-0.025773259
-0.025038471
-0.025269365
-0.024799033
-0.025946582
-0.025530765
-0.025427867
-0.024643948
-0.025083168
-0.025178233
-0.025037838
-0.024548894
-0.024499938
-0.024846255
-0.024413565
-0.024305685
-0.033719721
-0.03397993
-0.033384741
-0.03360216
-0.033354683
-0.033947132
-0.034233509
-0.034430771
-0.03389383
-0.032997839
-0.033252714
-0.032630105
