$MeshFormat
2.2 0 8
$EndMeshFormat
$PhysicalNames
15
1 831 "boundary"
1 900 "axis"
2 832 "coil1"
2 833 "coil2"
2 834 "coil3"
2 835 "coil4"
2 836 "coil5"
2 837 "coil6"
2 838 "coil7"
2 839 "coil8"
2 840 "coil9"
2 841 "coil10"
2 842 "coil11"
2 1000 "limiter"
2 2000 "interior"
$EndPhysicalNames
$Nodes
1523
1 6.267 -3.046 0
2 7.283 -2.257 0
3 7.899 -1.342 0
4 8.305999999999999 -0.421 0
5 8.395 0.633 0
6 8.27 1.681 0
7 7.904 2.464 0
8 7.4 3.179 0
9 6.587 3.894 0
10 5.753 4.532 0
11 4.904 4.712 0
12 4.311 4.324 0
13 4.126 3.582 0
14 4.076 2.566 0
15 4.046 1.549 0
16 4.046 0.533 0
17 4.067 -0.484 0
18 4.097 -1.5 0
19 4.178 -2.306 0
20 3.9579 -2.5384 0
21 4.3257 -2.6514 0
22 4.5066 -2.941 0
23 4.467 -3.2801 0
24 4.1799 -3.8847 0
25 4.4918 -3.9092 0
26 4.6456 -3.746 0
27 4.9982 -3.7414 0
28 5.2529 -3.9852 0
29 5.2727 -4.2636 0
30 5.565 -4.5559 0
31 5.572 -3.896 0
32 5.6842 -3.5265 0
33 5.9821 -3.2822 0
34 6.3655 -3.2446 0
35 0.946 -5.415 0
36 2.446 -5.415 0
37 0.946 -3.6067 0
38 2.446 -3.6067 0
39 0.946 -1.7983 0
40 2.446 -1.7983 0
41 0.946 1.8183 0
42 2.446 1.8183 0
43 0.946 3.6267 0
44 2.446 3.6267 0
45 0.946 5.435 0
46 2.446 5.435 0
47 2.9431 6.8241 0
48 4.943099999999999 6.8241 0
49 4.943099999999999 8.3241 0
50 2.9431 8.3241 0
51 7.2851 5.7898 0
52 9.2851 5.7898 0
53 9.2851 7.2898 0
54 7.2851 7.2898 0
55 10.9919 2.5252 0
56 12.9919 2.5252 0
57 12.9919 4.0252 0
58 10.9919 4.0252 0
59 10.963 -2.9836 0
60 12.963 -2.9836 0
61 12.963 -1.4836 0
62 10.963 -1.4836 0
63 7.3908 -7.4769 0
64 9.390799999999999 -7.4769 0
65 9.390799999999999 -5.9769 0
66 7.3908 -5.9769 0
67 3.334 -8.2165 0
68 5.334 -8.2165 0
69 5.334 -6.7165 0
70 3.334 -6.7165 0
71 0 16 0
72 0 -16 0
73 6.775 -2.6515 0
74 7.591 -1.7995 0
75 8.102499999999999 -0.8815000000000001 0
76 8.3505 0.106 0
77 8.3325 1.157 0
78 8.087 2.0725 0
79 7.652 2.8215 0
80 6.9935 3.5365 0
81 6.17 4.213 0
82 5.3285 4.622 0
83 4.6075 4.518 0
84 4.218500000000001 3.953 0
85 4.101 3.074 0
86 4.061 2.0575 0
87 4.046 1.041 0
88 4.0565 0.02450000000000008 0
89 4.082000000000001 -0.992 0
90 4.1375 -1.903 0
91 4.06795 -2.4222 0
92 4.1418 -2.5949 0
93 4.41615 -2.7962 0
94 4.4868 -3.11055 0
95 4.323449999999999 -3.5824 0
96 4.33585 -3.89695 0
97 4.5687 -3.8276 0
98 4.821899999999999 -3.7437 0
99 5.12555 -3.8633 0
100 5.2628 -4.1244 0
101 5.418850000000001 -4.409750000000001 0
102 5.5685 -4.22595 0
103 5.6281 -3.71125 0
104 5.83315 -3.40435 0
105 6.1738 -3.2634 0
106 6.31625 -3.1453 0
107 0.946 -4.51085 0
108 0.946 -2.7025 0
109 0.946 -0.8941500000000006 0
110 0.946 0.009999999999998899 0
111 0.946 0.9141499999999996 0
112 0.946 2.7225 0
113 0.946 4.53085 0
114 1.696 5.435 0
115 2.446 4.53085 0
116 2.446 2.7225 0
117 2.446 0.9141500000000006 0
118 2.446 0.01000000000000112 0
119 2.446 -0.8941499999999996 0
120 2.446 -2.7025 0
121 2.446 -4.51085 0
122 1.696 -5.415 0
123 1.696 -3.6067 0
124 1.696 -1.7983 0
125 1.696 1.8183 0
126 1.696 3.6267 0
127 3.943099999999999 6.8241 0
128 4.943099999999999 7.5741 0
129 3.9431 8.3241 0
130 2.9431 7.5741 0
131 8.2851 5.7898 0
132 9.2851 6.5398 0
133 8.2851 7.2898 0
134 7.2851 6.5398 0
135 11.9919 2.5252 0
136 12.9919 3.2752 0
137 11.9919 4.0252 0
138 10.9919 3.2752 0
139 11.963 -2.9836 0
140 12.963 -2.2336 0
141 11.963 -1.4836 0
142 10.963 -2.2336 0
143 8.390799999999999 -7.4769 0
144 9.390799999999999 -6.7269 0
145 8.390799999999999 -5.9769 0
146 7.3908 -6.7269 0
147 4.334 -8.2165 0
148 5.334 -7.4665 0
149 4.334 -6.7165 0
150 3.334 -7.4665 0
151 0.4832484448142235 15.99270055183253 0
152 0.9660559587565695 15.97080886757308 0
153 1.447982013274203 15.93434492187346 0
154 1.928586884085171 15.88334198556886 0
155 2.407432052396536 15.81784659532055 0
156 2.88408060502249 15.7379185111543 0
157 3.358097633037564 15.64363066193355 0
158 3.829050628600918 15.53506907881683 0
159 4.296509879590027 15.41233281676026 0
160 4.760048861683237 15.27553386413673 0
161 5.219244627533904 15.12479704055425 0
162 5.673678192680569 14.96025988296664 0
163 6.12293491784144 14.78207252018059 0
164 6.566604887244104 14.59039753587344 0
165 7.004283282645448 14.38540982024682 0
166 7.435570752700288 14.16729641045136 0
167 7.860073777342033 13.93625631992825 0
168 8.277405026842509 13.69250035682316 0
169 8.687183715223663 13.43625093163836 0
170 9.089035947698489 13.16774185429851 0
171 9.48259506182427 12.88721812081513 0
172 9.867501962056682 12.59493568974481 0
173 10.24340544739981 12.29116124864449 0
174 10.60996253185272 11.97617197073762 0
175 10.96683875736064 11.65025526201261 0
176 11.31370849898476 11.31370849898476 0
177 11.65025526201262 10.96683875736064 0
178 11.97617197073761 10.60996253185273 0
179 12.29116124864449 10.24340544739981 0
180 12.5949356897448 9.867501962056688 0
181 12.88721812081514 9.482595061824265 0
182 13.1677418542985 9.089035947698495 0
183 13.43625093163837 8.687183715223657 0
184 13.69250035682316 8.277405026842514 0
185 13.93625631992825 7.860073777342039 0
186 14.16729641045136 7.435570752700294 0
187 14.38540982024682 7.00428328264544 0
188 14.59039753587344 6.56660488724411 0
189 14.78207252018059 6.122934917841433 0
190 14.96025988296664 5.673678192680575 0
191 15.12479704055424 5.21924462753391 0
192 15.27553386413673 4.760048861683244 0
193 15.41233281676026 4.29650987959002 0
194 15.53506907881683 3.829050628600925 0
195 15.64363066193355 3.358097633037557 0
196 15.7379185111543 2.884080605022497 0
197 15.81784659532055 2.407432052396528 0
198 15.88334198556886 1.928586884085178 0
199 15.93434492187346 1.44798201327421 0
200 15.97080886757308 0.9660559587565906 0
201 15.99270055183253 0.4832484448142303 0
202 16 3.91886975727153e-15 0
203 15.99270055183253 -0.4832484448142225 0
204 15.97080886757308 -0.9660559587565686 0
205 15.93434492187346 -1.447982013274202 0
206 15.88334198556887 -1.928586884085156 0
207 15.81784659532055 -2.40743205239652 0
208 15.7379185111543 -2.884080605022489 0
209 15.64363066193355 -3.358097633037563 0
210 15.53506907881683 -3.829050628600917 0
211 15.41233281676026 -4.296509879590026 0
212 15.27553386413673 -4.760048861683236 0
213 15.12479704055425 -5.219244627533903 0
214 14.96025988296664 -5.673678192680568 0
215 14.78207252018059 -6.122934917841439 0
216 14.59039753587344 -6.566604887244103 0
217 14.38540982024682 -7.004283282645447 0
218 14.16729641045136 -7.435570752700287 0
219 13.93625631992825 -7.860073777342033 0
220 13.69250035682316 -8.277405026842507 0
221 13.43625093163836 -8.687183715223663 0
222 13.16774185429851 -9.089035947698488 0
223 12.88721812081513 -9.482595061824268 0
224 12.59493568974481 -9.86750196205668 0
225 12.29116124864449 -10.24340544739981 0
226 11.97617197073762 -10.60996253185272 0
227 11.65025526201261 -10.96683875736064 0
228 11.31370849898476 -11.31370849898476 0
229 10.96683875736064 -11.65025526201262 0
230 10.60996253185273 -11.97617197073761 0
231 10.24340544739981 -12.29116124864449 0
232 9.867501962056688 -12.5949356897448 0
233 9.482595061824265 -12.88721812081514 0
234 9.089035947698497 -13.1677418542985 0
235 8.687183715223657 -13.43625093163837 0
236 8.277405026842516 -13.69250035682316 0
237 7.86007377734204 -13.93625631992825 0
238 7.435570752700295 -14.16729641045136 0
239 7.004283282645455 -14.38540982024681 0
240 6.566604887244124 -14.59039753587343 0
241 6.122934917841447 -14.78207252018058 0
242 5.673678192680576 -14.96025988296664 0
243 5.219244627533911 -15.12479704055424 0
244 4.760048861683245 -15.27553386413673 0
245 4.296509879590034 -15.41233281676026 0
246 3.829050628600939 -15.53506907881683 0
247 3.358097633037572 -15.64363066193355 0
248 2.884080605022497 -15.7379185111543 0
249 2.407432052396529 -15.81784659532055 0
250 1.928586884085179 -15.88334198556886 0
251 1.44798201327421 -15.93434492187346 0
252 0.9660559587565916 -15.97080886757308 0
253 0.4832484448142313 -15.99270055183253 0
254 0 15.5 0
255 0 15 0
256 0 14.5 0
257 0 14 0
258 0 13.5 0
259 0 13 0
260 0 12.5 0
261 0 12 0
262 0 11.5 0
263 0 11 0
264 0 10.5 0
265 0 10 0
266 0 9.5 0
267 0 9 0
268 0 8.5 0
269 0 8 0
270 0 7.5 0
271 0 7 0
272 0 6.5 0
273 0 6 0
274 0 5.5 0
275 0 5 0
276 0 4.5 0
277 0 4 0
278 0 3.5 0
279 0 3 0
280 0 2.5 0
281 0 2 0
282 0 1.5 0
283 0 1 0
284 0 0.5 0
285 0 0 0
286 0 -0.5 0
287 0 -1 0
288 0 -1.5 0
289 0 -2 0
290 0 -2.5 0
291 0 -3 0
292 0 -3.5 0
293 0 -4 0
294 0 -4.5 0
295 0 -5 0
296 0 -5.5 0
297 0 -6 0
298 0 -6.5 0
299 0 -7 0
300 0 -7.5 0
301 0 -8 0
302 0 -8.5 0
303 0 -9 0
304 0 -9.5 0
305 0 -10 0
306 0 -10.5 0
307 0 -11 0
308 0 -11.5 0
309 0 -12 0
310 0 -12.5 0
311 0 -13 0
312 0 -13.5 0
313 0 -14 0
314 0 -14.5 0
315 0 -15 0
316 0 -15.5 0
317 4.480777721058888 -2.302746527177092 0
318 7.573586854627999 1.538203005746033 0
319 6.42892135692443 -1.773698814988473 0
320 5.033443066019598 0.468619175419527 0
321 5.440571357713331 -3.23978417684398 0
322 5.004119349359998 2.642114088749212 0
323 4.879388243151205 -3.210816573310435 0
324 4.95669325323861 -0.5682177571241501 0
325 4.933330136839003 3.635317507045281 0
326 6.881348587664589 2.683682223315234 0
327 5.351643492779045 -3.650305056159036 0
328 4.806410183163032 -3.547821073742245 0
329 4.866894389615195 -1.638269160609285 0
330 5.798067480814329 -3.054520300817357 0
331 5.53883923259909 3.710519157685555 0
332 4.700487072528679 -2.476645153272119 0
333 5.12936082321023 -2.365123682867713 0
334 5.870600805697221 -0.6954192324338433 0
335 5.073686878936834 1.555999889637149 0
336 5.177081498177685 -2.974782366487518 0
337 5.127136920684578 -3.48142400918974 0
338 5.697289506395821 -1.547671328021937 0
339 6.055405076174146 2.921252895322613 0
340 6.827988010589889 -0.9573163205309755 0
341 5.5962894281084 -2.076268737757386 0
342 4.637904277461204 -3.459914016705934 0
343 7.193910196451275 2.084972590389776 0
344 5.960012520598902 -2.369601463298273 0
345 4.965830786653443 -2.773414718975613 0
346 6.328886157312616 1.520594292433054 0
347 7.127060612132176 -0.01881096398814103 0
348 5.530120443534453 -2.720450141502338 0
349 4.535748885821384 -3.67504153966886 0
350 6.071537577912173 0.2928017211327726 0
351 7.384710125230932 0.910680622436651 0
352 6.192145616743381 2.220923593877834 0
353 5.529762212767071 2.781683492035913 0
354 5.038903114148416 2.09905698919318 0
355 5.701286518124725 1.538297091035101 0
356 5.615524365445898 2.159990291535507 0
357 6.761398176881945 1.802783441411415 0
358 7.037629392057932 2.384327406852505 0
359 6.468376831919367 2.802467559318924 0
360 6.614887504400656 2.302625500365169 0
361 5.646789467252111 -1.811970032889661 0
362 5.282091948005508 -1.592970244315611 0
363 4.998127606412712 -2.0016964217385 0
364 5.362825125659315 -2.220696210312549 0
365 5.322458536832412 -1.90683322731408 0
366 5.562385678856666 -3.38314208842199 0
367 5.283854139198955 -3.36060409301686 0
368 5.239390206731811 -3.565864532674388 0
369 5.517921746389522 -3.588402528079518 0
370 5.400887942794238 -3.474503310548189 0
371 6.856798141271774 1.215637457434852 0
372 6.200211867612395 0.9066980067829131 0
373 6.599299095022174 0.1369953785723158 0
374 7.255885368681554 0.445934829224255 0
375 6.728048618146974 0.676316418003584 0
376 6.063105431660126 -1.660685071505205 0
377 6.62845468375716 -1.365507567759724 0
378 6.349294408143556 -0.8263677764824093 0
379 5.783945156046522 -1.12154528022789 0
380 6.206199919901841 -1.243526423993807 0
381 5.413647029467916 -0.6318184947789967 0
382 4.911793821426903 -1.103243458866718 0
383 5.347869488736712 -1.112394369547304 0
384 5.003262581917892 -3.346120291250088 0
385 5.308826427945508 -3.107283271665749 0
386 5.028234870664445 -3.092799469898976 0
387 5.1560445049317 -3.226701781457918 0
388 7.140674293832294 2.931341111657617 0
389 6.321202538087072 3.407626447661307 0
390 6.730938415959684 3.169483779659462 0
391 6.194466938761666 -2.071650139143373 0
392 5.778150974353651 -2.22293510052783 0
393 5.920628203006888 -1.941810086016517 0
394 7.921793427313999 1.609601502873017 0
395 7.479148489929465 1.224441814091342 0
396 7.889855062615466 0.7718403112183256 0
397 7.905824244964732 1.190720907045671 0
398 5.645919616299545 4.121259578842778 0
399 5.797122154386618 3.315886026504085 0
400 5.983561077193309 3.764443013252043 0
401 4.918665068419502 4.17365875352264 0
402 5.236084684719047 3.672918332365418 0
403 5.282292342359523 4.147459166182709 0
404 4.529665068419502 3.60865875352264 0
405 4.540059674679998 2.604057044374606 0
406 4.9687247430995 3.138715797897247 0
407 4.53486237154975 3.106357898948623 0
408 4.511846626619305 -0.526108878562075 0
409 4.481947194807598 -1.569134580304643 0
410 4.496896910713452 -1.047621729433359 0
411 5.053564972478216 1.012309532528338 0
412 5.552490321965886 0.3807104482761499 0
413 5.626888420045305 0.9595037696556256 0
414 7.716530306066088 -0.2199054819940705 0
415 7.803192684340777 0.2759674146121276 0
416 7.548955098225637 2.274486295194888 0
417 7.344814696028966 2.602913703426252 0
418 4.559843439468417 1.552499944818575 0
419 4.549951557074208 2.07827849459659 0
420 5.071456142415564 -2.874098542731566 0
421 5.353600970856069 -2.847616253994928 0
422 5.329740633372341 -2.542786912185025 0
423 5.047595804931836 -2.569269200921663 0
424 5.200598387893953 -2.708442727458296 0
425 5.61931941926383 -3.147152238830669 0
426 5.890083740407165 -3.168360150408679 0
427 5.726234709631915 -3.275751119415335 0
428 4.995068159629104 -0.04979929085231163 0
429 4.539721533009799 0.5008095877097635 0
430 4.525784079814552 -0.01264964542615579 0
431 4.549782486239108 1.026654766264169 0
432 6.977524311361033 -0.4880636422595583 0
433 7.363494005294944 -1.149658160265488 0
434 7.540012155680516 -0.6847818211297791 0
435 4.758646260306205 -3.335365295008184 0
436 4.722157230312118 -3.503867545224089 0
437 4.966773551923805 -3.514622541465993 0
438 4.862709906115005 -3.424993918237088 0
439 5.38292344874306 3.227300912200666 0
440 7.383748525539636 1.811587798067905 0
441 7.735374262769819 1.942043899033952 0
442 5.664093962174391 -2.887485221159847 0
443 5.48646019505995 -2.997384246412798 0
444 4.692994121575603 -3.075908286655217 0
445 4.552452138730602 -3.370007008352967 0
446 4.622723130153102 -3.222957647504093 0
447 6.855960678462216 -2.015349407494237 0
448 7.10972734187858 -1.582503783879862 0
449 4.590674442910692 -3.71052076983443 0
450 4.726005091581516 -3.646910536871122 0
451 4.586826581641294 -3.567477778187397 0
452 4.656415836611405 -3.607194157529259 0
453 5.062668460342289 -3.61141200459487 0
454 4.894336775961903 -3.629161270732996 0
455 5.302271746389523 -3.817752528079518 0
456 5.182470103365906 -3.714582266337195 0
457 5.41245 -3.9406 0
458 5.465185873194761 -3.764501264039759 0
459 4.736215393326721 -2.857207359487806 0
460 4.882225131995583 -2.975003414693392 0
461 5.971069191804697 -0.2013087556505353 0
462 5.4830686757169 -0.1255540232514235 0
463 4.568582534209751 4.06332937676132 0
464 6.474296751582865 -0.3446861989550468 0
465 4.403238860529444 -2.477073263588546 0
466 4.329388860529444 -2.304373263588546 0
467 4.235594430264722 -2.449636631794273 0
468 6.032533740407165 -3.050260150408679 0
469 6.113506260299451 -2.707800731649136 0
470 5.745066482066678 -2.545025802400306 0
471 5.888800111236921 -2.797642976404492 0
472 6.103166870203582 -3.156830075204339 0
473 4.914923947869454 -2.420884418069916 0
474 4.60354353626434 -2.708822576636059 0
475 4.825569670598088 -2.639045888778861 0
476 4.673836055337041 -1.970507843893189 0
477 4.590632396793783 -2.389695840224606 0
478 4.794380001603248 -2.195696130981553 0
479 5.553945803862996 -2.382861006356428 0
480 4.503391198396892 -2.592947920112303 0
481 6.484733469380833 -2.361575069571686 0
482 4.357824442910692 -3.77987076983443 0
483 4.455138290820647 -3.574938889093699 0
484 4.463262221455346 -3.803735384917215 0
485 5.41565 -4.175175000000001 0
486 7.120273333405706 1.513612627751378 0
487 4.405668027668521 -1.936753921946594 0
488 1.696 -4.51085 0
489 1.696 -2.7025 0
490 1.696 0.01000000000000005 0
491 1.696 -0.89415 0
492 1.696 0.91415 0
493 1.696 2.7225 0
494 1.696 4.53085 0
495 3.943099999999999 7.5741 0
496 8.2851 6.5398 0
497 11.9919 3.2752 0
498 11.963 -2.2336 0
499 8.390799999999999 -6.7269 0
500 4.334 -7.4665 0
501 4.854465321984095 14.22240769063123 0
502 3.917916460764981 -14.48378782710677 0
503 8.19252145204287 12.54521414699112 0
504 8.099461904932276 -12.542743682602 0
505 1.017749593853595 12.95607505972652 0
506 3.756649303637947 -9.793850760816463 0
507 4.54001692491352 9.99475389187265 0
508 6.118211835458927 -4.303381922117101 0
509 1.054767018984108 -11.93735264669023 0
510 9.149782510855744 8.928920027213968 0
511 13.48938858104816 -6.581991746931652 0
512 7.779799919846681 -8.9374244856964 0
513 10.99647048378657 -10.98493010965057 0
514 10.65347465897895 7.148716670069458 0
515 13.54539187619254 6.684381850307282 0
516 11.98839551897934 -9.067187203921616 0
517 1.05748644852572 -8.776064650860572 0
518 2.950711658277911 14.68441208097964 0
519 8.667705069209608 3.028699412807912 0
520 10.91615595920578 10.9383311862808 0
521 11.2292823204667 -5.97845323553956 0
522 12.24215941016765 8.629404160125825 0
523 8.556919454527819 -2.154150085769461 0
524 8.781476918592057 -4.51936112573886 0
525 14.24196356172501 -4.728883509851566 0
526 14.97299405460959 1.069852266070135 0
527 6.158048706427056 -3.679837756818609 0
528 11.81975228654272 1.261136792418065 0
529 9.003233877616335 0.7565371663586321 0
530 14.99020413025933 -1.114317483090262 0
531 6.666395158688131 -13.59767668469276 0
532 4.277982862857559 4.99376184799234 0
533 1.176442661054281 7.906515537113318 0
534 1.011500253342144 11.03345015777194 0
535 4.865127846095358 -4.082994437343309 0
536 15.10599657730708 -2.833758368753193 0
537 6.615435823000936 13.53982258817904 0
538 15.08368763243221 2.831587035173182 0
539 7.823138433001567 4.264733511762507 0
540 11.11457116776378 -4.501586154818252 0
541 0.9948689484033464 -14.93772519631361 0
542 1.980598055825975 -14.83574684461692 0
543 0.9842570388279253 14.93697552168303 0
544 1.037378301885223 -12.93385746483587 0
545 10.01073313680602 -11.40526442700282 0
546 9.914025681579488 11.41601886067278 0
547 5.059879807083521 -4.918777855198214 0
548 1.060980427698444 10.00597807303805 0
549 12.23106362563803 5.498860152788657 0
550 14.29792420548779 4.873894824366682 0
551 0.7714415328550404 -6.523510250487434 0
552 1.088854405992683 -9.851495686029851 0
553 5.101601766506755 5.460831625703472 0
554 5.70768250676453 -5.340008125194268 0
555 4.048856476997011 -3.065722700955556 0
556 12.97211123270615 7.859515393808642 0
557 12.57980576440412 -8.325423700222993 0
558 3.499784487472293 4.076659917986236 0
559 4.855439996667225 -14.23211692242828 0
560 9.963250035978408 2.649185982906129 0
561 4.979686569240206 -4.293655868802269 0
562 6.872470396576297 4.522350670001854 0
563 6.518660129788171 -9.179466895459345 0
564 2.190293102266558 -8.481140823486037 0
565 5.753809708379828 13.90274852143045 0
566 5.752642776090654 -13.95367162232581 0
567 13.90106701953479 -5.68081552053451 0
568 13.78194813916034 5.723152870632357 0
569 12.74445074995091 -0.0472902270628145 0
570 9.520597794997993 -3.481901100484875 0
571 6.19840330425416 8.47991376123948 0
572 3.516547621580752 -1.567384043842477 0
573 0.8005027656156365 5.976335129120399 0
574 3.297899968387388 5.553232959692289 0
575 7.491255072340905 13.05591656050611 0
576 7.300862949107167 -13.15114448126081 0
577 3.916051591760338 14.47750404441646 0
578 13.05896184040861 -7.439823666961334 0
579 3.406893191806816 2.856456894939689 0
580 13.53323242182013 7.332423288496162 0
581 14.49199687595948 -3.535101636555861 0
582 14.40868087418967 3.54028569324678 0
583 4.025833816493003 13.43668777841161 0
584 7.349277325105327 12.33407312510934 0
585 4.011658137063328 -13.43771452145134 0
586 6.487727585278095 -12.96545359988821 0
587 1.78474237889784 11.06266333115849 0
588 2.075078994448985 -11.83687136791478 0
589 7.739297627906936 -4.187134078246652 0
590 6.294540836435743 9.919136340837269 0
591 10.25249180927388 -10.17123486674931 0
592 7.804771948056378 -9.9477050511014 0
593 11.88077641823712 -7.529333077755743 0
594 12.91331974450164 -5.588503291024308 0
595 9.033279130425832 -1.237460628911396 0
596 3.575123146857719 -2.739653514821682 0
597 5.870220715214182 12.88745251029347 0
598 10.72820190045213 8.427404991827725 0
599 5.193683278382669 -9.496619030114131 0
600 10.55588883268143 5.803348862992388 0
601 2.234785899496598 -9.730762040286876 0
602 9.781527496195626 10.23639283814325 0
603 12.32275065026448 -4.474422584359904 0
604 3.311698506557749 9.447688459440764 0
605 1.968859012293196 14.83239145168752 0
606 1.017659919545075 -13.92720112232847 0
607 1.003092382374549 13.92545919098296 0
608 11.22069928487009 9.631543738169784 0
609 11.45643096954486 -10.00172405226419 0
610 1.006201019503811 12.0036572456702 0
611 14.97795573216224 -0.02636277322425706 0
612 9.667370313684442 3.512479711899305 0
613 4.772254441820645 -4.569963766446373 0
614 1.076451561205914 -10.90854749145636 0
615 11.64507631591514 8.15657388091379 0
616 9.011876470029986 -11.92614391904136 0
617 8.999866235442056 11.97346075033412 0
618 2.954677577518405 -14.68078195773096 0
619 5.944225089880107 -3.967649664847399 0
620 10.76688756567961 -7.422777331870743 0
621 1.085194515603112 8.951791340575722 0
622 8.282639197728216 -2.95034530907924 0
623 1.928929497913025 -7.004897556945251 0
624 9.138820579798329 -8.861969951929787 0
625 14.99836821460169 2.092154698655336 0
626 15.02692279803139 -2.12139988584932 0
627 13.92216348111039 -0.05914866277791447 0
628 10.11325573050503 -4.598786842037382 0
629 6.294666098319323 5.437320293564989 0
630 9.439316363827482 -0.2268708524921847 0
631 12.19493281324096 7.11385781770432 0
632 4.980914364633411 -13.19424091789535 0
633 7.564375879778988 8.620223485417768 0
634 5.117149484198054 -5.901409250869762 0
635 12.780934949271 1.239073521391706 0
636 11.47729263748601 0.2830936180069126 0
637 1.012173570020049 -7.951969333394404 0
638 13.14454642307748 4.68292035841055 0
639 6.195351704076361 7.020578819532494 0
640 4.06828262595095 5.682578805558225 0
641 5.874790644893793 -13.0195749610798 0
642 4.971281892793264 13.21016923038878 0
643 13.93100470365346 1.155057774835826 0
644 10.33315039246643 0.9998134990914846 0
645 14.0405491633927 2.32766355623147 0
646 13.5752717815343 -3.79806359070003 0
647 13.97677338995108 -1.289352185187498 0
648 9.256452406616717 1.814621713942837 0
649 3.439798189933456 -0.7819582305512035 0
650 6.694187626596039 12.52357173022648 0
651 9.395259292591117 -2.011620125792869 0
652 1.403375030907374 6.630774560368014 0
653 13.30509713005748 -4.589407612103568 0
654 12.41396690654447 -6.457015377082647 0
655 3.023301868992958 13.63245402127069 0
656 4.129015600825417 12.40414274339221 0
657 4.083365904441607 -12.35723147399129 0
658 7.95096866863473 11.34716389458701 0
659 6.734769085278868 -10.67263639192443 0
660 4.184440897547972 -4.992197071613345 0
661 2.055781897941636 -12.81319701616805 0
662 2.085324864965264 12.0731399048294 0
663 5.807200690086886 12.20708197121916 0
664 5.240210486769332 -10.86012887370239 0
665 4.540814899589451 -4.236712134639128 0
666 3.165232677210946 11.09857338720531 0
667 7.116324980903922 -3.458313903845537 0
668 2.051666029246885 12.79464882666399 0
669 10.78248294484944 -8.750506391082832 0
670 6.907988029302967 -12.40574545197923 0
671 3.019690628005612 -13.64507021035559 0
672 7.615930498118805 9.934104522221137 0
673 2.141640061779742 -10.83264252737776 0
674 2.011984625588237 13.7981036640696 0
675 3.653674265529468 -3.867303904865533 0
676 2.021200403800638 -13.80881568161751 0
677 6.152088422657773 -12.063932581115 0
678 6.162399124060755 -6.508100607394764 0
679 8.786002111613184 10.81573679324866 0
680 2.308238000879898 10.1015361021664 0
681 8.756309561210193 -10.47558316133946 0
682 6.51298303825171 -4.907462355933964 0
683 11.80499294484627 -8.130426496419222 0
684 5.222479314058381 12.22620618207114 0
685 5.138160328387144 -12.10732190992517 0
686 3.336109783909719 -5.295952974041416 0
687 4.553892975431473 -5.576789482135045 0
688 12.19812091242471 -5.316718521213686 0
689 1.990554851316536 7.88428627139708 0
690 5.131015731602147 11.29725653813565 0
691 9.293891545493072 4.622959042586221 0
692 4.089137225149371 -4.384170372045896 0
693 14.12670666273084 -2.432416983334442 0
694 8.492026587676458 9.950614188417878 0
695 2.929933635334407 -10.82486489509043 0
696 3.036371069580685 -11.58640106170261 0
697 3.093011243162776 12.5640169907252 0
698 3.887257064766269 -3.386328713866026 0
699 4.197311510322564 11.59520441842442 0
700 6.584744712295055 -3.969144057921555 0
701 3.445534530536456 -4.333860669746231 0
702 2.09780233754224 8.73174487475036 0
703 3.05349904153272 -12.60343765070891 0
704 6.411114817879029 11.41159498185301 0
705 7.624415878580074 -11.59090489807659 0
706 4.051091318624476 -11.19398956082234 0
707 10.3151151534561 4.854868829043292 0
708 6.375962202104747 -7.822352776561552 0
709 6.870507481534466 -4.316116993794885 0
710 3.43330822426337 -3.355817289809194 0
711 0.4729999999999999 1.90915 0
712 0.4729999999999999 1.40915 0
713 0.4729999999999999 2.40915 0
714 0.4729999999999999 -1.89915 0
715 0.4729999999999999 -1.39915 0
716 0.4729999999999999 -2.39915 0
717 0.3857207664275197 -6.761755125243717 0
718 0.3857207664275197 -7.261755125243717 0
719 0.3857207664275197 -6.261755125243717 0
720 5.9874897860241 -10.76638263281341 0
721 6.626714607533519 -9.926051643691887 0
722 5.85617170408542 -9.338042962786739 0
723 5.216946882576 -10.17837395190826 0
724 5.92183074505476 -10.05221279780007 0
725 11.39347622915973 5.651104507890523 0
726 10.43550199306876 5.32910884601784 0
727 10.65350757672805 4.440034414521646 0
728 11.61148181281902 4.762030076394328 0
729 11.02349190294389 5.045569461206084 0
730 3.390822157223087 -4.814906821893823 0
731 2.945767265268228 -3.970280334873115 0
732 2.89105489195486 -5.355476487020709 0
733 2.918411078611544 -4.662878410946913 0
734 3.741446595903408 2.711228447469844 0
735 2.926446595903408 2.337378447469844 0
736 3.246 1.68365 0
737 3.493723297951704 2.197439223734922 0
738 3.246 0.2715000000000004 0
739 3.246 0.9775750000000002 0
740 3.058156556077867 13.09823550599795 0
741 3.611013421994096 12.48407986705871 0
742 4.07742470865921 12.92041526090191 0
743 3.524567842742981 13.53457089984115 0
744 3.567790632368539 13.00932538344993 0
745 9.086138459296027 -5.24813056286943 0
746 8.260387273249496 -4.353247601992756 0
747 7.565048813953467 -5.082017039123325 0
748 8.325593636624747 -5.165073800996377 0
749 2.942899094966728 -0.3859791152756012 0
750 3.753399094966728 -0.6329791152756017 0
751 3.499699547483364 -0.1807395576378006 0
752 11.82162461350558 -6.217734306311104 0
753 10.99808494307315 -6.700615283705152 0
754 11.32383199195836 -7.476055204813243 0
755 12.14737166239079 -6.993174227419195 0
756 11.57272830273197 -6.846894755562174 0
757 13.66367000767644 6.20376736046982 0
758 12.87016234471675 6.899119834005801 0
759 12.2129982194395 6.306358985246488 0
760 13.00650588239918 5.611006511710507 0
761 12.93833411355797 6.255063172858154 0
762 2.031825327417561 13.29637624536679 0
763 2.57233863620483 12.6793329086946 0
764 2.517643247290597 13.71527884267015 0
765 2.544990941747714 13.19730587568237 0
766 9.886233378146956 0.3864713232996499 0
767 10.20115818191374 -0.8552354262460924 0
768 11.22014631874301 -0.6002531909965437 0
769 10.90522151497622 0.6414535585491986 0
770 10.55318984844498 -0.1068909338484469 0
771 7.554119216500784 5.027266755881254 0
772 8.558514989247321 4.443846277174364 0
773 9.289495772746536 5.20637952129311 0
774 8.421807494623661 5.116823138587183 0
775 9.938992205653939 8.678162509520847 0
776 10.97445059266111 9.029474364998753 0
777 10.50111339053286 9.933968288156517 0
778 9.465655003525686 9.582656432678609 0
779 10.2200527980934 9.306065398838681 0
780 1.350185515384033 -6.764203903716343 0
781 2.187464748956513 -6.209948778472626 0
782 0.8587207664275205 -5.969255125243717 0
783 1.523092757692018 -6.089601951858171 0
784 3.129121960186861 11.83129518896525 0
785 3.681272093766755 11.34688890281486 0
786 4.16316355557399 11.99967358090832 0
787 3.646142757880425 11.91548438493678 0
788 4.755363923047679 -3.914497218671654 0
789 5.059013923047679 -4.034097218671655 0
790 4.940456961523839 -3.888898609335827 0
791 1.924687515453687 6.032887280184006 0
792 1.101938898261505 6.303554844744207 0
793 0.8732513828078181 5.7056675645602 0
794 1.398969449130751 5.869277422372104 0
795 3.806773810790376 -1.533692021921238 0
796 3.737223810790376 -2.052892021921239 0
797 3.937361905395188 -1.977946010960619 0
798 2.981273810790376 -1.682842021921238 0
799 3.01056157342886 -2.268976757410841 0
800 3.76651157342886 -2.639026757410841 0
801 3.373892692109618 -2.16093438966604 0
802 9.794801399541573 1.407217606517161 0
803 10.66252519623322 1.762506749545742 0
804 10.4775750179892 2.587192991453065 0
805 9.609851221297561 2.231903848424483 0
806 10.13618820876539 1.997205298985113 0
807 3.87348354468296 -15.0094284529618 0
808 3.436297019141693 -14.58228489241887 0
809 2.919379091270451 -15.20935023444263 0
810 3.397197326089632 -15.11295777717621 0
811 5.022350883253377 6.142465812851736 0
812 5.698133932413039 5.44907595963423 0
813 6.245008901197842 6.228949556548741 0
814 5.56922585203818 6.922339409766247 0
815 5.63367989222561 6.185707684700239 0
816 8.962078737913163 2.421660563375374 0
817 8.285852534604803 2.746349706403956 0
818 8.763226203308358 1.747810856971419 0
819 8.524539368956582 2.247080281687687 0
820 2.987006763635435 14.15843305112517 0
821 2.459785335285554 14.75840176633358 0
822 1.990421818940717 14.31524755787856 0
823 2.488714291288075 14.23684030450186 0
824 3.545324651818973 -9.005175380408231 0
825 2.762146551133279 -8.348820411743018 0
826 2.212539500881578 -9.105951431886457 0
827 2.995717601567272 -9.762306400551671 0
828 2.878932076350276 -9.055563406147344 0
829 8.245421751105589 3.646716462285209 0
830 9.167537691447025 3.270589562353608 0
831 9.480630929588758 4.067719377242763 0
832 8.863026340347172 3.857217919763987 0
833 7.58529995992334 -8.207162242848201 0
834 8.459310249822504 -8.899697218813094 0
835 9.264810289899163 -8.169434975964894 0
836 8.425055124911252 -8.188298609406548 0
837 13.94946843553073 -0.6742504239827063 0
838 13.33330711553065 -0.05321944492036448 0
839 12.85372537497545 -0.7654451135314073 0
840 13.46988669497554 -1.386476092593749 0
841 13.40159690525309 -0.7198477687570569 0
842 9.815310174831424 3.080832847402717 0
843 9.388694456372294 2.751246705389045 0
844 9.151037356795024 -4.000631113111868 0
845 8.901618496363104 -3.216123204782057 0
846 8.010968412817576 -3.568739693662946 0
847 8.581002884806299 -3.784685403387406 0
848 4.74155846245676 9.159426945936325 0
849 3.925857715735635 9.721221175656707 0
850 3.127399253278875 8.885894229720382 0
851 3.934478857867818 9.022660587828353 0
852 10.0788437828398 -7.449838665935371 0
853 9.960651762323886 -8.80623817150631 0
854 10.77468525526453 -8.086641861476787 0
855 10.01974777258184 -8.128038418720843 0
856 4.475166291010308 -9.645234895465297 0
857 5.263841639191335 -8.856559515057066 0
858 4.404583145505153 -8.930867447732648 0
859 9.217441255427872 8.109360013606983 0
860 9.969287329489473 7.219258335034729 0
861 10.69083827971554 7.788060830948591 0
862 9.954139767571707 7.948710422277789 0
863 6.883381101052373 -7.649626388280776 0
864 6.447311165946458 -8.500909836010448 0
865 7.149230024817426 -9.058445690577873 0
866 7.0163055629349 -8.354036039429324 0
867 5.854981101052373 -8.019426388280776 0
868 5.855576402568897 -8.678734675533757 0
869 9.752027865252513 -5.287843421018691 0
870 9.81692676275151 -4.040343971261128 0
871 9.451532611023769 -4.644237267065279 0
872 11.03878558388189 -3.742593077409126 0
873 11.71866090901413 -4.488004369589078 0
874 12.64287532513224 -3.729011292179952 0
875 11.84083045450706 -3.735802184794539 0
876 8.357079195317365 8.774571756315867 0
877 7.424737939889494 7.955011742708884 0
878 8.321089597658682 8.032185878157932 0
879 5.176747522830264 11.7617313601034 0
880 4.675747457441899 12.31517446273168 0
881 4.664163620962356 11.44623047828003 0
882 4.669955539202127 11.88070247050585 0
883 8.947565070504261 -9.668776556634622 0
884 7.792285933951529 -9.442564768398901 0
885 8.280540754633286 -10.21164410622043 0
886 8.369925502227895 -9.555670662516762 0
887 2.18821298063817 -10.28170228383232 0
888 2.535786848557075 -10.82875371123409 0
889 3.343291469486177 -10.30935782795345 0
890 2.765752225062173 -10.29553005589288 0
891 3.811989811927365 -2.902688107888619 0
892 4.187278238498505 -2.858561350477778 0
893 3.976894905963682 -2.74879405394431 0
894 10.241798897499 -3.232750550242437 0
895 10.6139134491344 -4.550186498427816 0
896 10.4278561733167 -3.891468524335126 0
897 1.623889775396139 -8.628602737173305 0
898 1.073170427259202 -9.313780168445211 0
899 1.661820152744641 -9.791128863158365 0
900 1.64285496407039 -9.209865800165835 0
901 7.18104174325688 11.37937943822001 0
902 6.352827827157387 10.66536566134514 0
903 6.955235667277274 9.926620431529203 0
904 7.783449583376767 10.64063420840407 0
905 7.068138705267077 10.65299993487461 0
906 3.852624801062233 10.54666363953898 0
907 2.736735339045422 10.60005474468585 0
908 2.809968253718824 9.774612280803582 0
909 3.331296527390528 10.16063796017128 0
910 3.51567438253447 -13.54139236590347 0
911 2.987184102762009 -14.16292608404328 0
912 3.964787298914155 -13.96075117427906 0
913 3.475985700838081 -14.06183862916117 0
914 12.11087169371846 0.117901695472049 0
915 12.03693584685923 -0.6828491522639756 0
916 11.40582614327136 1.893168396209033 0
917 12.30034361790687 1.250105156904886 0
918 12.8864174746355 1.882136760695853 0
919 12.14612180895343 1.887652578452443 0
920 4.645650902696904 -11.02705921726236 0
921 3.903870311131211 -10.4939201608194 0
922 4.560408596853605 -10.33614705636383 0
923 3.120499984193694 6.188666479846145 0
924 2.173237515453687 6.727437280184007 0
925 2.871949984193694 5.494116479846144 0
926 2.52259374982369 6.110776880015075 0
927 10.31004116023335 -5.97767661776978 0
928 11.17192674411524 -5.240019695178907 0
929 10.46197730468388 -5.263931558098799 0
930 11.18663910818363 8.291989436370757 0
931 11.94361786304139 8.392989020519808 0
932 11.73142934751887 9.130473949147804 0
933 11.45903422785125 8.711231692759281 0
934 7.782819598864108 -2.60367265453962 0
935 7.199662490451962 -2.857656951922769 0
936 7.427811304405429 -3.822723991046094 0
937 7.605315451634769 -3.213198322792857 0
938 5.921124353213528 -3.603168878409305 0
939 6.261774353213529 -3.462218878409305 0
940 6.047462176606764 -3.433284439204653 0
941 11.71370161644571 -5.647585878376623 0
942 12.2604357813446 -4.895570552786795 0
943 11.71618126272992 -5.067795123982851 0
944 5.57075165212708 8.402006880619739 0
945 6.246472070344952 9.199525051038375 0
946 5.417278880674632 9.95694511635496 0
947 5.494015266400856 9.17947599848735 0
948 7.590153188948896 9.277164003819452 0
949 8.8209045492661 9.439767107815923 0
950 8.053978542897632 9.942359355319509 0
951 8.205528869107498 9.358465555817688 0
952 1.948722948189184 15.35786671862819 0
953 2.917396131650201 15.21116529606697 0
954 2.433608693841045 15.28812418082706 0
955 11.64852246201437 0.772115205212489 0
956 11.15552382912379 1.267310977379116 0
957 3.568432472987163 -12.4803345623501 0
958 4.067228611533041 -11.77561051740681 0
959 3.54373119410258 -11.39019531126247 0
960 3.044935055556703 -12.09491935620576 0
961 3.556081833544872 -11.93526493680629 0
962 13.35596982646223 1.197065648113766 0
963 12.76269284961096 0.5958916471644459 0
964 13.92658409238192 0.5479545560289554 0
965 13.34463847099644 0.5719231015967007 0
966 4.835516328257834 10.64600521500415 0
967 4.258394211012295 10.9964470589095 0
968 5.771065274740588 11.35442575999433 0
969 5.59417207770761 10.65568543817464 0
970 6.881389592016573 8.550068623328624 0
971 6.918312629646924 9.238344527428913 0
972 13.98577693352308 1.741360665533648 0
973 13.51622458169635 2.426431778115735 0
974 13.43609720407929 1.81174871311475 0
975 10.17912964629556 -1.747610062896435 0
976 9.457928543794555 -2.746760613138872 0
977 10.21046427189728 -2.490180306569436 0
978 7.700162427019722 -12.84694408193141 0
979 7.861938891756175 -12.0668242903393 0
980 7.26620195394152 -11.99832517502791 0
981 7.104425489205067 -12.77844496662002 0
982 7.483182190480621 -12.42263462847966 0
983 1.48773350211466 -14.88673602046527 0
984 0.9804624535799693 -15.45426703194334 0
985 1.954592469955577 -15.35954441509289 0
986 1.467857757694436 -15.41054047116936 0
987 2.554640469737178 -12.70831733343848 0
988 2.555725032014835 -11.7116362148087 0
989 2.065430446195311 -12.32503419204141 0
990 2.555182750876007 -12.20997677412359 0
991 1.082652983599299 -10.3800215887431 0
992 1.609045811492828 -10.87059500941706 0
993 1.635432982118735 -10.33086193628771 0
994 10.32963515684222 3.768839855949653 0
995 10.40360508741571 3.178016423701359 0
996 2.631464748956513 -6.860698778472626 0
997 2.059611300089792 -7.743019190215644 0
998 2.696805650044896 -7.604759595107822 0
999 0.9751564987922468 15.45389219462806 0
1000 1.476558025560561 14.88468348668527 0
1001 1.462270019417382 15.40951420427937 0
1002 3.916787132764734 -3.876001952432766 0
1003 3.549604398032962 -4.100582287305882 0
1004 3.767335877842914 -4.359015520896063 0
1005 4.134518612574686 -4.134435186022948 0
1006 3.842061505303824 -4.117508736664416 0
1007 12.55572032846318 -5.452610906118997 0
1008 13.10920843727956 -5.088955451563939 0
1009 12.81392389016098 -4.531915098231736 0
1010 12.68482210931208 -4.992263002175367 0
1011 10.19444247153658 -6.713757641852576 0
1012 13.54485333136542 -2.708008491667221 0
1013 14.05174002634096 -1.86088458426097 0
1014 13.50737001317048 -2.047242292130485 0
1015 2.520445515903125 -13.72694294598655 0
1016 3.036594834769166 -13.12425393053225 0
1017 2.038491150871137 -13.31100634889278 0
1018 2.537542992820152 -13.21763013971252 0
1019 11.92000456457805 7.635215849309055 0
1020 11.42420373610996 7.131287243886889 0
1021 11.30542142214679 7.711638340128824 0
1022 13.70029043709483 3.78274284662339 0
1023 14.22461501879118 2.933974624739125 0
1024 13.60825750939559 3.104587312369562 0
1025 5.758112544940054 -3.931824832423699 0
1026 6.051136898153581 -3.823743710833004 0
1027 5.839618449076791 -3.767496855416502 0
1028 9.920494416340713 5.796574431496194 0
1029 10.60468174583019 6.476032766530923 0
1030 9.944890872915092 6.507916383265461 0
1031 6.552651222237534 11.96758335603974 0
1032 7.650122996870029 11.84061850984817 0
1033 7.021732475850683 12.4288224276679 0
1034 7.101387109553782 11.90410093294396 0
1035 0.4974344742016736 -14.96886259815681 0
1036 0.4903414595079516 -15.48078157499467 0
1037 0.4921285194139626 14.96848776084152 0
1038 0.4876884821140939 15.48059415633703 0
1039 3.683091297169168 5.617905882625257 0
1040 3.39884222792984 4.814946438839263 0
1041 3.888883675164927 4.535210882989288 0
1042 4.173132744404255 5.338170326775282 0
1043 3.785987486167047 5.076558382807272 0
1044 6.19687750416526 7.750246290385987 0
1045 5.56998875208263 7.662173145192993 0
1046 7.269770516667624 -10.31017072151291 0
1047 7.209500270742525 -9.684308206045392 0
1048 6.850534846599489 -3.713728980883546 0
1049 6.727626096914761 -4.14263052585822 0
1050 7.304902554720702 -4.251625536020768 0
1051 7.077718700660095 -3.982677258452157 0
1052 0.9936747106012369 14.431217356333 0
1053 0.5015461911872752 13.96272959549148 0
1054 0.4968373553006185 14.4656086781665 0
1055 0.5088299597725374 -13.96360056116424 0
1056 1.006264433974211 -14.43246315932104 0
1057 0.5031322169871055 -14.46623157966052 0
1058 4.047512020752468 -12.89747299772132 0
1059 3.542053427760817 -13.01086346412678 0
1060 1.507538503981393 13.86178142752628 0
1061 1.492048264770976 14.37323245710578 0
1062 3.33505489195486 -6.006226487020708 0
1063 2.761259820455686 -6.108087632746667 0
1064 12.02568332964483 -9.934613007160438 0
1065 11.22645072666571 -10.49332708095738 0
1066 11.48632122726209 -10.79744632075165 0
1067 11.7588059876551 -10.3683662641786 0
1068 1.545762942234537 12.0383985752498 0
1069 1.008850636422977 11.51855370172107 0
1070 1.398121316119992 11.04805674446521 0
1071 1.935033621931552 11.56790161799394 0
1072 1.471942129177265 11.54322765985751 0
1073 0.508874796926797 12.97803752986326 0
1074 1.010420988114072 13.44076712535474 0
1075 0.5052104940570361 13.47038356267737 0
1076 1.011975306678703 12.47986615269836 0
1077 0.5031005097519055 12.0018286228351 0
1078 0.5059876533393517 12.48993307634918 0
1079 2.000899229813307 -14.32228126311722 0
1080 1.519430161672856 -13.86800840197299 0
1081 1.50358183189376 -14.37737221121913 0
1082 3.478172905757104 -1.17467113719684 0
1083 2.962086452878552 -1.03441056859842 0
1084 3.780086452878552 -1.08333556859842 0
1085 1.027519110715149 -13.43052929358217 0
1086 0.5186891509426115 -12.96692873241794 0
1087 0.5137595553575744 -13.46526464679109 0
1088 2.46763781667219 -14.75826440117394 0
1089 2.43753493453436 -15.28805549824724 0
1090 12.20560765581266 0.6840034261884674 0
1091 9.804503349474585 4.738913935814757 0
1092 9.862498882907648 5.267744183655475 0
1093 5.189185407578238 -11.48372539181378 0
1094 5.645124375522458 -12.08562724552009 0
1095 6.443428753968321 -11.36828448651972 0
1096 5.816307080773279 -11.42600493916675 0
1097 8.555669187481131 -12.23444380082168 0
1098 8.884093015620088 -11.20086354019041 0
1099 8.190362719895134 -11.03324402970803 0
1100 8.373015953688132 -11.63384391526485 0
1101 9.939117549431353 -12.00010005837381 0
1102 9.511304803418003 -11.66570417302209 0
1103 9.05045620886424 -12.54694288666993 0
1104 9.496949932621133 -12.27646114691861 0
1105 8.892934173527621 11.39459877179139 0
1106 9.283764803904406 10.52606481569596 0
1107 9.847776588887559 10.82620584940802 0
1108 9.456945958510772 11.69473980550345 0
1109 9.370355381207588 11.1104023105997 0
1110 4.257928238498505 -3.172911350477778 0
1111 4.337039119249253 -2.98455567523889 0
1112 0.7016875154536866 6.815387280184007 0
1113 0.4002513828078182 5.9881675645602 0
1114 0.5509694491307524 6.401777422372104 0
1115 0.5273835094920543 -11.96867632334512 0
1116 1.065609290095011 -11.4229500690733 0
1117 0.5382257806029571 -10.95427374572818 0
1118 0.5328046450475057 -11.46147503453665 0
1119 6.740225852038181 7.155189409766247 0
1120 6.789883049159662 5.613560146782494 0
1121 6.765054450598921 6.38437477827437 0
1122 1.53470781155024 12.87536194319525 0
1123 1.521123157765817 13.36857168536076 0
1124 11.4461639649717 10.77414685906676 0
1125 11.06842762203794 10.28493746222529 0
1126 11.90781748730745 9.749522850113236 0
1127 11.67979443534121 10.26417145481255 0
1128 2.494041666287658 -14.24260367358025 0
1129 1.54658009991343 -12.87352724050196 0
1130 1.533005130793144 -13.37076782123747 0
1131 1.684609214289171 10.05375708760223 0
1132 2.046490189888869 10.58209971666244 0
1133 1.036240340520294 10.519714115405 0
1134 1.541365265204583 10.55090691603372 0
1135 8.87265818191374 -0.3239354262460925 0
1136 9.221275120721907 0.2648331569332236 0
1137 8.699116938808167 0.6947685831793161 0
1138 8.785887560360955 0.1854165784666119 0
1139 1.564923006716546 -11.88711200730251 0
1140 1.046072660434666 -12.43560505576305 0
1141 1.555751553314988 -12.38031962390223 0
1142 0.5230363302173338 -12.46780252788153 0
1143 6.776599562030377 -6.242500303697382 0
1144 6.26918066308275 -7.165226691978158 0
1145 6.829990331541375 -6.946063345989079 0
1146 5.748199562030377 -6.612300303697381 0
1147 5.801590331541375 -7.315863345989078 0
1148 4.922407207667782 -4.188325153072789 0
1149 5.126193284620103 -4.278627934401134 0
1150 5.092603603833892 -4.156362576536395 0
1151 3.970942704126671 13.95709591141403 0
1152 3.433381625019125 14.58095806269805 0
1153 3.478974733881053 14.0577644812696 0
1154 3.872551110180628 15.00628656161665 0
1155 3.395739629028344 15.1122943623158 0
1156 0.5057501266710718 11.01672507888597 0
1157 0.5044253182114886 11.50927685086053 0
1158 11.38543923191439 -8.908846797502223 0
1159 10.51748737706166 -9.460870628916068 0
1160 10.85446138940937 -10.08647945950675 0
1161 11.7224132442621 -9.534455628092905 0
1162 11.11995031066188 -9.497663128504486 0
1163 2.972892243736147 3.851679958993118 0
1164 2.92242111396492 4.672898219419631 0
1165 8.419779326128017 -2.55224769742435 0
1166 8.227959727263908 -1.748075042884731 0
1167 8.005389663064008 -2.175873848712175 0
1168 2.068495447106075 12.4338943657467 0
1169 1.54023537689239 12.45688025922253 0
1170 15.47190146109133 1.017954112413363 0
1171 14.97547489338591 0.5217447464229388 0
1172 15.48897786608112 -0.01318138661212657 0
1173 15.48408772260922 0.5024965956185845 0
1174 0.4729999999999999 5.217499999999999 0
1175 0.4366256914039086 5.602833782280101 0
1176 10.50360181029629 -11.19509726832669 0
1177 10.80321650781965 -11.48055104019409 0
1178 10.37350362884805 -11.74312925848559 0
1179 4.807744429175234 -14.75382539328251 0
1180 4.386678228716103 -14.35795237476753 0
1181 4.341594054153068 -14.88514259576389 0
1182 9.236297747126656 -0.7321657407017903 0
1183 9.214269211508475 -1.624540377352133 0
1184 9.707713696711107 -1.239887901799112 0
1185 10.76305924552925 11.45725157850921 0
1186 9.890763821818085 12.0054772752088 0
1187 10.41509082039263 11.17717502347679 0
1188 10.32924813389622 11.73416813606064 0
1189 9.044451091570274 12.57060130231631 0
1190 8.234963239442688 13.11885725190714 0
1191 8.596193843742462 12.25933744866262 0
1192 8.641688779483063 12.84779419015049 0
1193 0.5444272029963422 -9.925747843014927 0
1194 0.5413264917996496 -10.44001079437155 0
1195 6.810807722027377 7.852629016547434 0
1196 2.203020169211069 9.416640488458381 0
1197 1.073087471650778 9.478884706806889 0
1198 1.591498426572675 8.841768107663041 0
1199 1.638053820430923 9.447762597632634 0
1200 5.002800883253378 5.086415812851736 0
1201 6.023833049159662 4.984660146782494 0
1202 5.51331696620652 5.035537979817115 0
1203 0.5304902138492213 10.00298903651903 0
1204 0.5425972578015559 8.97589567028786 0
1205 0.5365437358253882 9.489442353403442 0
1206 11.22923750588708 -11.22635241235308 0
1207 9.469770510167521 12.2909789631593 0
1208 11.20915887474188 11.21470268151063 0
1209 0.5060867850100248 -7.975984666697202 0
1210 0.5287432242628594 -8.888032325430286 0
1211 1.034830009272884 -8.364016992127487 0
1212 0.5174150046364421 -8.432008496063743 0
1213 2.108359528114363 -11.33475694764627 0
1214 1.586984409104687 -11.37885350835978 0
1215 12.70495063223307 8.859220053912159 0
1216 12.30932373416701 9.306534505486034 0
1217 8.071745060338801 11.94618902078906 0
1218 7.841888262191889 12.80056535374861 0
1219 7.420266198723117 12.69499484280772 0
1220 7.746005629530959 12.32059193179839 0
1221 4.918177180650318 -13.71317892016181 0
1222 4.496286250848369 -13.31597771967335 0
1223 4.441482239782236 -13.83696504722043 0
1224 12.57806868663892 -9.078111575810052 0
1225 12.30481568253862 -9.508525344958587 0
1226 4.912873607388679 13.71628846051 0
1227 4.385258456872217 14.34995586752384 0
1228 4.498557854643134 13.32342850440019 0
1229 4.441908155757675 13.83669218596202 0
1230 10.0670692531584 4.253876895882205 0
1231 9.129843142116524 1.285579440150735 0
1232 8.731171571058262 1.221289720075367 0
1233 3.54349124489642 -3.611560597337364 0
1234 2.939654112131685 -3.481258644904597 0
1235 3.244629255082324 -3.79092046610524 0
1236 2.983152352457546 -11.20563297839652 0
1237 2.545755940285955 -11.2701949630214 0
1238 10.13161247303995 -10.78824964687606 0
1239 10.67903159985283 -10.64078836391672 0
1240 9.50440068524204 -10.32340901404438 0
1241 9.507852744330021 -10.99455659353323 0
1242 10.45810210546275 10.55557165581665 0
1243 7.053345447670921 13.29786957434257 0
1244 6.654811724798487 13.03169715920276 0
1245 7.037538961760802 12.86334600100524 0
1246 2.625278771088105 11.58585664601735 0
1247 2.335884480488487 11.0839781813399 0
1248 6.69785780729053 -12.68559952593372 0
1249 6.577061371983113 -13.28156514229048 0
1250 6.98362905389765 -13.37441058297679 0
1251 6.84074343059409 -13.03000505445525 0
1252 4.807257091833666 14.74897077738398 0
1253 4.340884168231121 14.88114434214205 0
1254 14.98407993121078 -0.5703401281572594 0
1255 15.4805064989162 -1.040186720923415 0
1256 15.48839024152166 -0.5267942864857409 0
1257 5.713160484385615 -14.45696575264622 0
1258 5.304041386378939 -14.09289427237704 0
1259 5.261643006956425 -14.60884565646564 0
1260 0.5882213305271407 7.953257768556659 0
1261 1.130818588328697 8.429153438844521 0
1262 0.5654092941643478 8.46457671942226 0
1263 1.289908845980827 7.268645048740666 0
1264 0.6449544229904136 7.384322524370333 0
1265 7.463412912520597 13.61160648547874 0
1266 7.850981019766961 13.36841083683843 0
1267 12.1923993546252 -8.227925098321107 0
1268 12.81938380240637 -7.882623683592163 0
1269 12.46986912932286 -7.484578372358539 0
1270 11.84288468154169 -7.829879787087483 0
1271 12.33113424197403 -7.856251735339823 0
1272 8.976089373559468 -2.082885105781165 0
1273 8.938853934961287 -2.649504155281611 0
1274 3.943946487715736 -6.146644741067522 0
1275 4.369166936489722 -5.284493276874195 0
1276 3.760275340728846 -5.14407502282738 0
1277 3.852110914222291 -5.645359881947451 0
1278 8.188433465887396 -13.11762201971258 0
1279 7.368216850903731 -13.65922044585609 0
1280 7.780118102180881 -13.39160020092983 0
1281 15.45513239180013 -2.024993384967238 0
1282 15.00856346414536 -1.617858684469791 0
1283 15.47145419300941 -1.532920348871996 0
1284 8.621426451352395 -12.83534736623002 0
1285 6.59102035512252 14.06511006202624 0
1286 7.028814365158184 13.84163969729469 0
1287 0.518120170260147 10.5098570577025 0
1288 4.314976062369411 -4.310441253342512 0
1289 4.136789061348672 -4.688183721829621 0
1290 4.478347669684309 -4.781080419029859 0
1291 4.656534670705048 -4.403337950542751 0
1292 4.39666186602686 -4.545760836186186 0
1293 1.583498756185409 7.895400904255199 0
1294 2.044178594429388 8.308015573073719 0
1295 1.587498591379042 8.36858450595912 0
1296 6.616500022966127 -14.0940371102831 0
1297 6.993956168271552 -13.8799102016118 0
1298 3.443511331794379 -10.84977656960796 0
1299 3.504215685560545 -3.047735402315438 0
1300 3.66028264451482 -3.37107300183761 0
1301 3.96805677088164 -3.226025707410791 0
1302 3.736136228221092 -3.136880554863115 0
1303 5.427852504763602 -13.10690793948758 0
1304 5.813716710492224 -13.48662329170281 0
1305 5.36594694557127 -13.59990110593231 0
1306 14.30935176934516 -2.983759309945152 0
1307 13.26913589076715 -3.390831795350015 0
1308 14.03363432874689 -3.666582613627945 0
1309 13.78924383005616 -3.187295552647583 0
1310 5.812015211797005 13.39510051586196 0
1311 5.304137515181961 14.06257810603084 0
1312 5.420751304003724 13.04881087034112 0
1313 5.362444409592842 13.55569448818598 0
1314 6.181259115085944 -12.992514280484 0
1315 6.209518967389393 -13.77567415350929 0
1316 6.195389041237668 -13.38409421699665 0
1317 6.184622765690381 13.72128555480474 0
1318 6.282204170905111 12.70551212025997 0
1319 6.233413468297746 13.21339883753236 0
1320 6.53003822598037 -12.23483901654711 0
1321 6.013439533775784 -12.5417537710974 0
1322 6.355648670533157 -12.61367664851556 0
1323 6.166226942615419 -14.27887333684493 0
1324 8.639014349644821 10.38317549083327 0
1325 9.052334676585254 9.982915961755937 0
1326 6.729735198288148 4.208175335000927 0
1327 6.58356824744781 4.979835481783422 0
1328 6.376784123723905 4.59641774089171 0
1329 13.27417521072839 -7.010907706946493 0
1330 12.95167774379632 -6.51950356200715 0
1331 12.71077343655959 -7.002040967182844 0
1332 7.179592481929471 -11.13177064500051 0
1333 7.730066618281379 -10.67170737561047 0
1334 12.58352202297356 7.48668660575648 0
1335 13.53931214900634 7.008402569401722 0
1336 13.25267182726314 7.595969341152402 0
1337 13.06141708598995 7.247544587579101 0
1338 5.838710702650534 12.54726724075631 0
1339 6.109157753982958 11.80933847653608 0
1340 6.195680962444034 12.25742529839802 0
1341 0.5365852136296008 -9.406890084222605 0
1342 5.713743950530199 14.43150420219854 0
1343 6.153778841765911 14.25167903749266 0
1344 15.41080307179325 2.857833820097839 0
1345 15.04102792351695 2.461870866914259 0
1346 15.44085510008528 2.010370791370257 0
1347 15.42943725941875 2.434651459655393 0
1348 5.261691071357933 14.59368757329254 0
1349 13.61312912542999 -7.437697209830811 0
1350 13.13615306061364 -8.30141436353275 0
1351 13.37782006116731 -7.871348730467098 0
1352 4.806886391257497 -5.24778366866663 0
1353 4.835521229814764 -5.739099366502403 0
1354 5.412415995481292 -5.620708688032015 0
1355 5.383781156924026 -5.129392990196241 0
1356 5.109651193369395 -5.434246178349323 0
1357 2.466827425658268 7.35419313569854 0
1358 1.878368135819548 7.311419092219603 0
1359 4.875970505530425 -4.431809817624321 0
1360 4.916067124452083 -4.744370810822293 0
1361 5.16628990354176 -4.591188927599108 0
1362 5.021130204536093 -4.511499372611715 0
1363 12.68780502435776 5.090890255599604 0
1364 13.72123531428264 4.778407591388616 0
1365 14.03993617232407 5.298523847499519 0
1366 13.36387059834091 5.194707051549561 0
1367 12.6071353214369 8.244459776967233 0
1368 13.33230579476465 8.068460210325577 0
1369 13.02169312653763 8.465821746095443 0
1370 14.0398930584608 -6.574298317087877 0
1371 13.8297925154876 -7.00759549479597 0
1372 13.85026441613575 7.383997020598228 0
1373 13.59446407359569 7.728021559247221 0
1374 12.28410064169173 -8.696305452072304 0
1375 12.86017578666505 -8.691744583647983 0
1376 14.45005960663631 -0.04275571800108576 0
1377 14.45199937913152 1.11245502045298 0
1378 14.45102949288392 0.534849651225947 0
1379 13.69522780029148 -6.131403633733081 0
1380 13.40719338201821 -5.634659405779409 0
1381 12.66364332552305 -6.022759334053477 0
1382 13.17943556290727 -6.077081483893279 0
1383 11.29373794484786 -8.440466443751026 0
1384 11.78891929326979 -8.568385947911665 0
1385 14.06789470603299 6.625493368775697 0
1386 13.96236098462658 7.006342926023582 0
1387 14.98568113460564 1.581003482362735 0
1388 15.46001302823955 1.514492747818472 0
1389 4.610763116414375 -12.23227669195823 0
1390 4.62820700955564 -11.6296679546103 0
1391 8.368485390123958 11.08145034391783 0
1392 8.48233961693321 11.67039389629023 0
1393 5.059537346510278 -12.65078141391026 0
1394 4.553524683631372 -12.77412720581579 0
1395 13.44018445579589 -4.1937356014018 0
1396 13.77353034589124 -4.659145560977567 0
1397 14.36698021884225 -4.131992573203714 0
1398 13.90358233731907 -4.162864087302758 0
1399 5.096880603425823 12.71818770622996 0
1400 4.587152656042517 12.81930148356594 0
1401 1.470551533966537 -7.478433445169827 0
1402 0.9281361501970284 -7.370094285206772 0
1403 14.74618425331094 3.185936364209981 0
1404 14.51945868899719 2.209909127443403 0
1405 14.63282147115406 2.697922745826692 0
1406 14.35330253983873 4.207090258806731 0
1407 13.06822321153874 4.354060179205275 0
1408 13.71076287568874 4.280575219006002 0
1409 5.536488440143031 -12.59626759250383 0
1410 4.642617030470903 -5.014432043848243 0
1411 14.43066345125071 -5.677246856607539 0
1412 14.23865016023603 -6.12716927578726 0
1413 14.0715152906299 -5.204849515193038 0
1414 13.59036186395473 -5.146902483378488 0
1415 5.514840002072633 12.21664407664515 0
1416 5.64295263840661 11.78553491831974 0
1417 5.467795653038178 12.63272747349314 0
1418 8.466139565212917 -1.289730314455698 0
1419 8.669398873563328 -0.8068328703508952 0
1420 1.547220654681337 -8.053518091171567 0
1421 2.52045116877112 8.52792243737518 0
1422 2.493639297214694 7.941057786536859 0
1423 14.37110401106349 5.698415531656466 0
1424 14.22287126392851 6.163351139155627 0
1425 6.031218462669517 -4.13551579348225 0
1426 6.351478273876991 -4.136262990019328 0
1427 6.371396709361056 -3.824490907370082 0
1428 6.201307586015286 -3.980003350426166 0
1429 4.516307449794725 -4.072956067319565 0
1430 4.325413031184706 -4.103695626671256 0
1431 14.57681473038111 -2.276908434591881 0
1432 14.4834887601052 -1.20183483413888 0
1433 14.53015174524316 -1.73937163436538 0
1434 15.42195754423069 -2.858919486887841 0
1435 14.79899672663328 -3.184430002654527 0
1436 15.01353297738816 -3.682076132578389 0
1437 15.22131369428342 -3.271263817846045 0
1438 14.97187497650325 3.684668160923853 0
1439 15.19490745762224 3.272016998623769 0
1440 15.06645968766924 -2.477579127301257 0
1441 15.44215314149489 -2.442505589848888 0
1442 14.75874871293087 -4.744466185767401 0
1443 14.59815616559207 -5.21204707136347 0
1444 14.88965651780125 -4.21425122639687 0
1445 8.211231966510795 10.51190484961867 0
1446 14.46677418337076 -0.6222952760699829 0
1447 4.505691312975475 6.253339402779112 0
1448 4.689792314682157 5.227296736847906 0
1449 4.597741813828816 5.740318069813509 0
1450 14.78672903481226 4.816971843024962 0
1451 14.8828176782995 4.251800069198375 0
1452 3.453338839639555 3.466558406462962 0
1453 2.949669419819778 3.094529203231482 0
1454 4.29449143142878 4.65888092399617 0
1455 4.648646157341078 4.872648368423953 0
1456 14.58236660643915 5.258884237516714 0
1457 2.598808703646468 12.13259477735597 0
1458 14.6879057285072 -2.730669218623204 0
1459 3.812892243736147 3.829329958993118 0
1460 4.053691837582463 4.244105441494645 0
1461 7.611569216500784 3.721866755881253 0
1462 7.347804414788932 4.39354209088218 0
1463 7.170652207394467 3.96502104544109 0
1464 4.033578532383134 -3.635514356933013 0
1465 3.788534888639777 -3.623537477135188 0
1466 11.30878496840311 -7.958260824282135 0
1467 9.508038260131741 0.8360253817251923 0
1468 8.72111446938619 -1.686307710118432 0
1469 3.777169419819777 3.270279203231481 0
1470 7.068843731974297 5.003551118832338 0
1471 14.48572903406436 1.661182073948192 0
1472 2.665209711244972 9.151267359089381 0
1473 5.225574742099027 -6.308954625434881 0
1474 5.935040815412642 -5.924054366294516 0
1475 5.580307778755834 -6.116504495864698 0
1476 3.76380560928588 -4.751545271861722 0
1477 13.04152989046406 -3.961373446790876 0
1478 12.18867247098438 -5.835172606215051 0
1479 0.4729999999999999 -5.2075 0
1480 0.4729999999999999 -3.80335 0
1481 0.4729999999999999 -4.505424999999999 0
1482 0.4729999999999999 -3.10125 0
1483 0.4729999999999999 0.004999999999999583 0
1484 0.4729999999999999 -0.6970750000000001 0
1485 0.4729999999999999 0.707075 0
1486 0.4729999999999999 3.81335 0
1487 0.4729999999999999 4.515425 0
1488 3.813095648584584 6.221002941312628 0
1489 4.584760614907381 -6.227799683251201 0
1490 6.740912490451962 -3.351456951922769 0
1491 6.757956245225981 -3.001478475961385 0
1492 7.948710875552794 3.234108231142604 0
1493 4.14575338544082 -3.404212853705396 0
1494 4.702971372842405 -4.159853285991218 0
1495 4.635835686421203 -3.993726642995609 0
1496 5.841605917729463 -4.429640961058551 0
1497 5.799859231334758 -4.180732896741126 0
1498 6.11033277250812 -5.123735240564116 0
1499 6.315597436855318 -4.605422139025532 0
1500 5.636341253382265 -4.947954062597134 0
1501 5.975969345118791 -4.776688100811333 0
1502 5.401315578462013 -4.769571495098121 0
1503 6.556154599906508 -3.587973929646426 0
1504 0.4293603832137602 -5.734627562621858 0
1505 2.975107842780273 -2.875117701157719 0
1506 0.4729999999999999 3.111250000000001 0
1507 12.33985251217888 4.558045127799802 0
1508 4.789470939186415 -4.29583155180777 0
1509 11.40883998263484 6.391195875888705 0
1510 6.951891519125855 -5.442181177966981 0
1511 6.443466167269249 -5.683117772130749 0
1512 12.26356994300748 7.939837813138144 0
1513 6.691745259893088 -4.611789674864424 0
1514 7.128397036923278 -4.846903356993875 0
1515 9.732526223782962 -9.564823592775346 0
1516 6.854815353954921 -11.68330483077381 0
1517 6.52161176688504 -4.374026332441876 0
1518 0.3153333333333332 1.6061 0
1519 0.3153333333333332 2.272766666666667 0
1520 0.3153333333333332 -1.599433333333333 0
1521 0.3153333333333332 -2.2661 0
1522 0.2571471776183466 -7.174503416829144 0
1523 0.2571471776183466 -6.507836750162477 0
$EndNodes
$Elements
1606
1 1 2 831 157 71 151
2 1 2 831 157 151 152
3 1 2 831 157 152 153
4 1 2 831 157 153 154
5 1 2 831 157 154 155
6 1 2 831 157 155 156
7 1 2 831 157 156 157
8 1 2 831 157 157 158
9 1 2 831 157 158 159
10 1 2 831 157 159 160
11 1 2 831 157 160 161
12 1 2 831 157 161 162
13 1 2 831 157 162 163
14 1 2 831 157 163 164
15 1 2 831 157 164 165
16 1 2 831 157 165 166
17 1 2 831 157 166 167
18 1 2 831 157 167 168
19 1 2 831 157 168 169
20 1 2 831 157 169 170
21 1 2 831 157 170 171
22 1 2 831 157 171 172
23 1 2 831 157 172 173
24 1 2 831 157 173 174
25 1 2 831 157 174 175
26 1 2 831 157 175 176
27 1 2 831 157 176 177
28 1 2 831 157 177 178
29 1 2 831 157 178 179
30 1 2 831 157 179 180
31 1 2 831 157 180 181
32 1 2 831 157 181 182
33 1 2 831 157 182 183
34 1 2 831 157 183 184
35 1 2 831 157 184 185
36 1 2 831 157 185 186
37 1 2 831 157 186 187
38 1 2 831 157 187 188
39 1 2 831 157 188 189
40 1 2 831 157 189 190
41 1 2 831 157 190 191
42 1 2 831 157 191 192
43 1 2 831 157 192 193
44 1 2 831 157 193 194
45 1 2 831 157 194 195
46 1 2 831 157 195 196
47 1 2 831 157 196 197
48 1 2 831 157 197 198
49 1 2 831 157 198 199
50 1 2 831 157 199 200
51 1 2 831 157 200 201
52 1 2 831 157 201 202
53 1 2 831 157 202 203
54 1 2 831 157 203 204
55 1 2 831 157 204 205
56 1 2 831 157 205 206
57 1 2 831 157 206 207
58 1 2 831 157 207 208
59 1 2 831 157 208 209
60 1 2 831 157 209 210
61 1 2 831 157 210 211
62 1 2 831 157 211 212
63 1 2 831 157 212 213
64 1 2 831 157 213 214
65 1 2 831 157 214 215
66 1 2 831 157 215 216
67 1 2 831 157 216 217
68 1 2 831 157 217 218
69 1 2 831 157 218 219
70 1 2 831 157 219 220
71 1 2 831 157 220 221
72 1 2 831 157 221 222
73 1 2 831 157 222 223
74 1 2 831 157 223 224
75 1 2 831 157 224 225
76 1 2 831 157 225 226
77 1 2 831 157 226 227
78 1 2 831 157 227 228
79 1 2 831 157 228 229
80 1 2 831 157 229 230
81 1 2 831 157 230 231
82 1 2 831 157 231 232
83 1 2 831 157 232 233
84 1 2 831 157 233 234
85 1 2 831 157 234 235
86 1 2 831 157 235 236
87 1 2 831 157 236 237
88 1 2 831 157 237 238
89 1 2 831 157 238 239
90 1 2 831 157 239 240
91 1 2 831 157 240 241
92 1 2 831 157 241 242
93 1 2 831 157 242 243
94 1 2 831 157 243 244
95 1 2 831 157 244 245
96 1 2 831 157 245 246
97 1 2 831 157 246 247
98 1 2 831 157 247 248
99 1 2 831 157 248 249
100 1 2 831 157 249 250
101 1 2 831 157 250 251
102 1 2 831 157 251 252
103 1 2 831 157 252 253
104 1 2 831 157 253 72
105 1 2 900 158 71 254
106 1 2 900 158 254 255
107 1 2 900 158 255 256
108 1 2 900 158 256 257
109 1 2 900 158 257 258
110 1 2 900 158 258 259
111 1 2 900 158 259 260
112 1 2 900 158 260 261
113 1 2 900 158 261 262
114 1 2 900 158 262 263
115 1 2 900 158 263 264
116 1 2 900 158 264 265
117 1 2 900 158 265 266
118 1 2 900 158 266 267
119 1 2 900 158 267 268
120 1 2 900 158 268 269
121 1 2 900 158 269 270
122 1 2 900 158 270 271
123 1 2 900 158 271 272
124 1 2 900 158 272 273
125 1 2 900 158 273 274
126 1 2 900 158 274 275
127 1 2 900 158 275 276
128 1 2 900 158 276 277
129 1 2 900 158 277 278
130 1 2 900 158 278 279
131 1 2 900 158 279 280
132 1 2 900 158 280 281
133 1 2 900 158 281 282
134 1 2 900 158 282 283
135 1 2 900 158 283 284
136 1 2 900 158 284 285
137 1 2 900 158 285 286
138 1 2 900 158 286 287
139 1 2 900 158 287 288
140 1 2 900 158 288 289
141 1 2 900 158 289 290
142 1 2 900 158 290 291
143 1 2 900 158 291 292
144 1 2 900 158 292 293
145 1 2 900 158 293 294
146 1 2 900 158 294 295
147 1 2 900 158 295 296
148 1 2 900 158 296 297
149 1 2 900 158 297 298
150 1 2 900 158 298 299
151 1 2 900 158 299 300
152 1 2 900 158 300 301
153 1 2 900 158 301 302
154 1 2 900 158 302 303
155 1 2 900 158 303 304
156 1 2 900 158 304 305
157 1 2 900 158 305 306
158 1 2 900 158 306 307
159 1 2 900 158 307 308
160 1 2 900 158 308 309
161 1 2 900 158 309 310
162 1 2 900 158 310 311
163 1 2 900 158 311 312
164 1 2 900 158 312 313
165 1 2 900 158 313 314
166 1 2 900 158 314 315
167 1 2 900 158 315 316
168 1 2 900 158 316 72
169 3 2 1000 70 346 352 356 355
170 3 2 1000 70 352 339 353 356
171 3 2 1000 70 356 353 322 354
172 3 2 1000 70 355 356 354 335
173 3 2 1000 70 339 352 360 359
174 3 2 1000 70 352 346 357 360
175 3 2 1000 70 360 357 343 358
176 3 2 1000 70 359 360 358 326
177 3 2 1000 70 341 361 365 364
178 3 2 1000 70 361 338 362 365
179 3 2 1000 70 365 362 329 363
180 3 2 1000 70 364 365 363 333
181 3 2 1000 70 32 366 370 369
182 3 2 1000 70 366 321 367 370
183 3 2 1000 70 370 367 337 368
184 3 2 1000 70 369 370 368 327
185 3 2 1000 70 351 371 375 374
186 3 2 1000 70 371 346 372 375
187 3 2 1000 70 375 372 350 373
188 3 2 1000 70 374 375 373 347
189 3 2 1000 70 338 376 380 379
190 3 2 1000 70 376 319 377 380
191 3 2 1000 70 380 377 340 378
192 3 2 1000 70 379 380 378 334
193 3 2 1000 70 329 362 383 382
194 3 2 1000 70 362 338 379 383
195 3 2 1000 70 383 379 334 381
196 3 2 1000 70 382 383 381 324
197 3 2 1000 70 323 384 387 386
198 3 2 1000 70 384 337 367 387
199 3 2 1000 70 387 367 321 385
200 3 2 1000 70 386 387 385 336
201 3 2 1000 70 339 359 390 389
202 3 2 1000 70 359 326 388 390
203 3 2 1000 70 390 388 8 80
204 3 2 1000 70 389 390 80 9
205 3 2 1000 70 344 391 393 392
206 3 2 1000 70 391 319 376 393
207 3 2 1000 70 393 376 338 361
208 3 2 1000 70 392 393 361 341
209 3 2 1000 70 6 394 397 77
210 3 2 1000 70 394 318 395 397
211 3 2 1000 70 397 395 351 396
212 3 2 1000 70 77 397 396 5
213 3 2 1000 70 339 389 400 399
214 3 2 1000 70 389 9 81 400
215 3 2 1000 70 400 81 10 398
216 3 2 1000 70 399 400 398 331
217 3 2 1000 70 331 398 403 402
218 3 2 1000 70 398 10 82 403
219 3 2 1000 70 403 82 11 401
220 3 2 1000 70 402 403 401 325
221 3 2 1000 70 325 404 407 406
222 3 2 1000 70 404 13 85 407
223 3 2 1000 70 407 85 14 405
224 3 2 1000 70 406 407 405 322
225 3 2 1000 70 329 382 410 409
226 3 2 1000 70 382 324 408 410
227 3 2 1000 70 410 408 17 89
228 3 2 1000 70 409 410 89 18
229 3 2 1000 70 346 355 413 372
230 3 2 1000 70 355 335 411 413
231 3 2 1000 70 413 411 320 412
232 3 2 1000 70 372 413 412 350
233 3 2 1000 70 351 374 415 396
234 3 2 1000 70 374 347 414 415
235 3 2 1000 70 415 414 4 76
236 3 2 1000 70 396 415 76 5
237 3 2 1000 70 8 388 417 79
238 3 2 1000 70 388 326 358 417
239 3 2 1000 70 417 358 343 416
240 3 2 1000 70 79 417 416 7
241 3 2 1000 70 322 405 419 354
242 3 2 1000 70 405 14 86 419
243 3 2 1000 70 419 86 15 418
244 3 2 1000 70 354 419 418 335
245 3 2 1000 70 345 420 424 423
246 3 2 1000 70 420 336 421 424
247 3 2 1000 70 424 421 348 422
248 3 2 1000 70 423 424 422 333
249 3 2 1000 70 330 425 427 426
250 3 2 1000 70 425 321 366 427
251 3 2 1000 70 427 366 32 104
252 3 2 1000 70 426 427 104 33
253 3 2 1000 70 324 428 430 408
254 3 2 1000 70 428 320 429 430
255 3 2 1000 70 430 429 16 88
256 3 2 1000 70 408 430 88 17
257 3 2 1000 70 320 411 431 429
258 3 2 1000 70 411 335 418 431
259 3 2 1000 70 431 418 15 87
260 3 2 1000 70 429 431 87 16
261 3 2 1000 70 4 414 434 75
262 3 2 1000 70 414 347 432 434
263 3 2 1000 70 434 432 340 433
264 3 2 1000 70 75 434 433 3
265 3 2 1000 70 337 384 438 437
266 3 2 1000 70 384 323 435 438
267 3 2 1000 70 438 435 342 436
268 3 2 1000 70 437 438 436 328
269 3 2 1000 70 325 406 439 402
270 3 2 1000 70 406 322 353 439
271 3 2 1000 70 439 353 339 399
272 3 2 1000 70 402 439 399 331
273 3 2 1000 70 7 416 441 78
274 3 2 1000 70 416 343 440 441
275 3 2 1000 70 441 440 318 394
276 3 2 1000 70 78 441 394 6
277 3 2 1000 70 348 421 443 442
278 3 2 1000 70 421 336 385 443
279 3 2 1000 70 443 385 321 425
280 3 2 1000 70 442 443 425 330
281 3 2 1000 70 342 435 446 445
282 3 2 1000 70 435 323 444 446
283 3 2 1000 70 446 444 22 94
284 3 2 1000 70 445 446 94 23
285 3 2 1000 70 3 433 448 74
286 3 2 1000 70 433 340 377 448
287 3 2 1000 70 448 377 319 447
288 3 2 1000 70 74 448 447 2
289 3 2 1000 70 349 449 452 451
290 3 2 1000 70 449 26 450 452
291 3 2 1000 70 452 450 328 436
292 3 2 1000 70 451 452 436 342
293 3 2 1000 70 26 98 454 450
294 3 2 1000 70 98 27 453 454
295 3 2 1000 70 454 453 337 437
296 3 2 1000 70 450 454 437 328
297 3 2 1000 70 28 455 456 99
298 3 2 1000 70 455 327 368 456
299 3 2 1000 70 456 368 337 453
300 3 2 1000 70 99 456 453 27
301 3 2 1000 70 32 369 458 103
302 3 2 1000 70 369 327 455 458
303 3 2 1000 70 458 455 28 457
304 3 2 1000 70 103 458 457 31
305 3 2 1000 70 336 420 460 386
306 3 2 1000 70 420 345 459 460
307 3 2 1000 70 460 459 22 444
308 3 2 1000 70 386 460 444 323
309 3 2 1000 70 324 381 462 428
310 3 2 1000 70 381 334 461 462
311 3 2 1000 70 462 461 350 412
312 3 2 1000 70 428 462 412 320
313 3 2 1000 70 13 404 463 84
314 3 2 1000 70 404 325 401 463
315 3 2 1000 70 463 401 11 83
316 3 2 1000 70 84 463 83 12
317 3 2 1000 70 340 432 464 378
318 3 2 1000 70 432 347 373 464
319 3 2 1000 70 464 373 350 461
320 3 2 1000 70 378 464 461 334
321 3 2 1000 70 20 92 467 91
322 3 2 1000 70 92 21 465 467
323 3 2 1000 70 467 465 317 466
324 3 2 1000 70 91 467 466 19
325 3 2 1000 70 348 442 471 470
326 3 2 1000 70 442 330 468 471
327 3 2 1000 70 471 468 1 469
328 3 2 1000 70 470 471 469 344
329 3 2 1000 70 330 426 472 468
330 3 2 1000 70 426 33 105 472
331 3 2 1000 70 472 105 34 106
332 3 2 1000 70 468 472 106 1
333 3 2 1000 70 333 473 475 423
334 3 2 1000 70 473 332 474 475
335 3 2 1000 70 475 474 22 459
336 3 2 1000 70 423 475 459 345
337 3 2 1000 70 329 476 478 363
338 3 2 1000 70 476 317 477 478
339 3 2 1000 70 478 477 332 473
340 3 2 1000 70 363 478 473 333
341 3 2 1000 70 333 422 479 364
342 3 2 1000 70 422 348 470 479
343 3 2 1000 70 479 470 344 392
344 3 2 1000 70 364 479 392 341
345 3 2 1000 70 22 474 480 93
346 3 2 1000 70 474 332 477 480
347 3 2 1000 70 480 477 317 465
348 3 2 1000 70 93 480 465 21
349 3 2 1000 70 319 391 481 447
350 3 2 1000 70 391 344 469 481
351 3 2 1000 70 481 469 1 73
352 3 2 1000 70 447 481 73 2
353 3 2 1000 70 349 451 483 482
354 3 2 1000 70 451 342 445 483
355 3 2 1000 70 483 445 23 95
356 3 2 1000 70 482 483 95 24
357 3 2 1000 70 26 449 484 97
358 3 2 1000 70 449 349 482 484
359 3 2 1000 70 484 482 24 96
360 3 2 1000 70 97 484 96 25
361 3 2 1000 70 30 102 485 101
362 3 2 1000 70 102 31 457 485
363 3 2 1000 70 485 457 28 100
364 3 2 1000 70 101 485 100 29
365 3 2 1000 70 343 357 486 440
366 3 2 1000 70 357 346 371 486
367 3 2 1000 70 486 371 351 395
368 3 2 1000 70 440 486 395 318
369 3 2 1000 70 18 90 487 409
370 3 2 1000 70 90 19 466 487
371 3 2 1000 70 487 466 317 476
372 3 2 1000 70 409 487 476 329
373 3 2 832 71 35 107 488 122
374 3 2 832 71 107 37 123 488
375 3 2 832 71 488 123 38 121
376 3 2 832 71 122 488 121 36
377 3 2 833 72 37 108 489 123
378 3 2 833 72 108 39 124 489
379 3 2 833 72 489 124 40 120
380 3 2 833 72 123 489 120 38
381 3 2 834 73 118 119 491 490
382 3 2 834 73 119 40 124 491
383 3 2 834 73 491 124 39 109
384 3 2 834 73 490 491 109 110
385 3 2 834 73 110 111 492 490
386 3 2 834 73 111 41 125 492
387 3 2 834 73 492 125 42 117
388 3 2 834 73 490 492 117 118
389 3 2 835 74 41 112 493 125
390 3 2 835 74 112 43 126 493
391 3 2 835 74 493 126 44 116
392 3 2 835 74 125 493 116 42
393 3 2 836 75 43 113 494 126
394 3 2 836 75 113 45 114 494
395 3 2 836 75 494 114 46 115
396 3 2 836 75 126 494 115 44
397 3 2 837 76 47 127 495 130
398 3 2 837 76 127 48 128 495
399 3 2 837 76 495 128 49 129
400 3 2 837 76 130 495 129 50
401 3 2 838 77 51 131 496 134
402 3 2 838 77 131 52 132 496
403 3 2 838 77 496 132 53 133
404 3 2 838 77 134 496 133 54
405 3 2 839 78 55 135 497 138
406 3 2 839 78 135 56 136 497
407 3 2 839 78 497 136 57 137
408 3 2 839 78 138 497 137 58
409 3 2 840 79 59 139 498 142
410 3 2 840 79 139 60 140 498
411 3 2 840 79 498 140 61 141
412 3 2 840 79 142 498 141 62
413 3 2 841 80 63 143 499 146
414 3 2 841 80 143 64 144 499
415 3 2 841 80 499 144 65 145
416 3 2 841 80 146 499 145 66
417 3 2 842 81 67 147 500 150
418 3 2 842 81 147 68 148 500
419 3 2 842 81 500 148 69 149
420 3 2 842 81 150 500 149 70
421 3 2 2000 82 664 720 724 723
422 3 2 2000 82 720 659 721 724
423 3 2 2000 82 724 721 563 722
424 3 2 2000 82 723 724 722 599
425 3 2 2000 82 549 725 729 728
426 3 2 2000 82 725 600 726 729
427 3 2 2000 82 729 726 707 727
428 3 2 2000 82 728 729 727 58
429 3 2 2000 82 686 730 733 732
430 3 2 2000 82 730 701 731 733
431 3 2 2000 82 733 731 38 121
432 3 2 2000 82 732 733 121 36
433 3 2 2000 82 15 86 737 736
434 3 2 2000 82 86 14 734 737
435 3 2 2000 82 737 734 579 735
436 3 2 2000 82 736 737 735 42
437 3 2 2000 82 15 736 739 87
438 3 2 2000 82 736 42 117 739
439 3 2 2000 82 739 117 118 738
440 3 2 2000 82 87 739 738 16
441 3 2 2000 82 655 740 744 743
442 3 2 2000 82 740 697 741 744
443 3 2 2000 82 744 741 656 742
444 3 2 2000 82 743 744 742 583
445 3 2 2000 82 65 745 748 145
446 3 2 2000 82 745 524 746 748
447 3 2 2000 82 748 746 589 747
448 3 2 2000 82 145 748 747 66
449 3 2 2000 82 17 88 751 750
450 3 2 2000 82 88 16 738 751
451 3 2 2000 82 751 738 118 749
452 3 2 2000 82 750 751 749 649
453 3 2 2000 82 654 752 756 755
454 3 2 2000 82 752 521 753 756
455 3 2 2000 82 756 753 620 754
456 3 2 2000 82 755 756 754 593
457 3 2 2000 82 568 757 761 760
458 3 2 2000 82 757 515 758 761
459 3 2 2000 82 761 758 631 759
460 3 2 2000 82 760 761 759 549
461 3 2 2000 82 674 762 765 764
462 3 2 2000 82 762 668 763 765
463 3 2 2000 82 765 763 697 740
464 3 2 2000 82 764 765 740 655
465 3 2 2000 82 644 766 770 769
466 3 2 2000 82 766 630 767 770
467 3 2 2000 82 770 767 62 768
468 3 2 2000 82 769 770 768 636
469 3 2 2000 82 52 131 774 773
470 3 2 2000 82 131 51 771 774
471 3 2 2000 82 774 771 539 772
472 3 2 2000 82 773 774 772 691
473 3 2 2000 82 510 775 779 778
474 3 2 2000 82 775 598 776 779
475 3 2 2000 82 779 776 608 777
476 3 2 2000 82 778 779 777 602
477 3 2 2000 82 551 780 783 782
478 3 2 2000 82 780 623 781 783
479 3 2 2000 82 783 781 36 122
480 3 2 2000 82 782 783 122 35
481 3 2 2000 82 697 784 787 741
482 3 2 2000 82 784 666 785 787
483 3 2 2000 82 787 785 699 786
484 3 2 2000 82 741 787 786 656
485 3 2 2000 82 26 788 790 98
486 3 2 2000 82 788 535 789 790
487 3 2 2000 82 790 789 28 99
488 3 2 2000 82 98 790 99 27
489 3 2 2000 82 45 114 794 793
490 3 2 2000 82 114 46 791 794
491 3 2 2000 82 794 791 652 792
492 3 2 2000 82 793 794 792 573
493 3 2 2000 82 18 795 797 90
494 3 2 2000 82 795 572 796 797
495 3 2 2000 82 797 796 20 91
496 3 2 2000 82 90 797 91 19
497 3 2 2000 82 20 796 801 800
498 3 2 2000 82 796 572 798 801
499 3 2 2000 82 801 798 40 799
500 3 2 2000 82 800 801 799 596
501 3 2 2000 82 648 802 806 805
502 3 2 2000 82 802 644 803 806
503 3 2 2000 82 806 803 55 804
504 3 2 2000 82 805 806 804 560
505 3 2 2000 82 248 247 810 809
506 3 2 2000 82 247 246 807 810
507 3 2 2000 82 810 807 502 808
508 3 2 2000 82 809 810 808 618
509 3 2 2000 82 48 811 815 814
510 3 2 2000 82 811 553 812 815
511 3 2 2000 82 815 812 629 813
512 3 2 2000 82 814 815 813 639
513 3 2 2000 82 648 816 819 818
514 3 2 2000 82 816 519 817 819
515 3 2 2000 82 819 817 7 78
516 3 2 2000 82 818 819 78 6
517 3 2 2000 82 655 820 823 764
518 3 2 2000 82 820 518 821 823
519 3 2 2000 82 823 821 605 822
520 3 2 2000 82 764 823 822 674
521 3 2 2000 82 506 824 828 827
522 3 2 2000 82 824 67 825 828
523 3 2 2000 82 828 825 564 826
524 3 2 2000 82 827 828 826 601
525 3 2 2000 82 539 829 832 772
526 3 2 2000 82 829 519 830 832
527 3 2 2000 82 832 830 612 831
528 3 2 2000 82 772 832 831 691
529 3 2 2000 82 63 833 836 143
530 3 2 2000 82 833 512 834 836
531 3 2 2000 82 836 834 624 835
532 3 2 2000 82 143 836 835 64
533 3 2 2000 82 647 837 841 840
534 3 2 2000 82 837 627 838 841
535 3 2 2000 82 841 838 569 839
536 3 2 2000 82 840 841 839 61
537 3 2 2000 82 612 830 843 842
538 3 2 2000 82 830 519 816 843
539 3 2 2000 82 843 816 648 805
540 3 2 2000 82 842 843 805 560
541 3 2 2000 82 589 746 847 846
542 3 2 2000 82 746 524 844 847
543 3 2 2000 82 847 844 570 845
544 3 2 2000 82 846 847 845 622
545 3 2 2000 82 49 848 851 129
546 3 2 2000 82 848 507 849 851
547 3 2 2000 82 851 849 604 850
548 3 2 2000 82 129 851 850 50
549 3 2 2000 82 620 852 855 854
550 3 2 2000 82 852 64 835 855
551 3 2 2000 82 855 835 624 853
552 3 2 2000 82 854 855 853 669
553 3 2 2000 82 67 824 858 147
554 3 2 2000 82 824 506 856 858
555 3 2 2000 82 858 856 599 857
556 3 2 2000 82 147 858 857 68
557 3 2 2000 82 510 859 862 775
558 3 2 2000 82 859 53 860 862
559 3 2 2000 82 862 860 514 861
560 3 2 2000 82 775 862 861 598
561 3 2 2000 82 512 833 866 865
562 3 2 2000 82 833 63 863 866
563 3 2 2000 82 866 863 708 864
564 3 2 2000 82 865 866 864 563
565 3 2 2000 82 599 722 868 857
566 3 2 2000 82 722 563 864 868
567 3 2 2000 82 868 864 708 867
568 3 2 2000 82 857 868 867 68
569 3 2 2000 82 570 844 871 870
570 3 2 2000 82 844 524 745 871
571 3 2 2000 82 871 745 65 869
572 3 2 2000 82 870 871 869 628
573 3 2 2000 82 59 872 875 139
574 3 2 2000 82 872 540 873 875
575 3 2 2000 82 875 873 603 874
576 3 2 2000 82 139 875 874 60
577 3 2 2000 82 53 859 878 133
578 3 2 2000 82 859 510 876 878
579 3 2 2000 82 878 876 633 877
580 3 2 2000 82 133 878 877 54
581 3 2 2000 82 690 879 882 881
582 3 2 2000 82 879 684 880 882
583 3 2 2000 82 882 880 656 786
584 3 2 2000 82 881 882 786 699
585 3 2 2000 82 681 883 886 885
586 3 2 2000 82 883 624 834 886
587 3 2 2000 82 886 834 512 884
588 3 2 2000 82 885 886 884 592
589 3 2 2000 82 506 827 890 889
590 3 2 2000 82 827 601 887 890
591 3 2 2000 82 890 887 673 888
592 3 2 2000 82 889 890 888 695
593 3 2 2000 82 21 92 893 892
594 3 2 2000 82 92 20 800 893
595 3 2 2000 82 893 800 596 891
596 3 2 2000 82 892 893 891 555
597 3 2 2000 82 540 872 896 895
598 3 2 2000 82 872 59 894 896
599 3 2 2000 82 896 894 570 870
600 3 2 2000 82 895 896 870 628
601 3 2 2000 82 564 897 900 826
602 3 2 2000 82 897 517 898 900
603 3 2 2000 82 900 898 552 899
604 3 2 2000 82 826 900 899 601
605 3 2 2000 82 658 901 905 904
606 3 2 2000 82 901 704 902 905
607 3 2 2000 82 905 902 590 903
608 3 2 2000 82 904 905 903 672
609 3 2 2000 82 507 906 909 849
610 3 2 2000 82 906 666 907 909
611 3 2 2000 82 909 907 680 908
612 3 2 2000 82 849 909 908 604
613 3 2 2000 82 585 910 913 912
614 3 2 2000 82 910 671 911 913
615 3 2 2000 82 913 911 618 808
616 3 2 2000 82 912 913 808 502
617 3 2 2000 82 61 839 915 141
618 3 2 2000 82 839 569 914 915
619 3 2 2000 82 915 914 636 768
620 3 2 2000 82 141 915 768 62
621 3 2 2000 82 55 916 919 135
622 3 2 2000 82 916 528 917 919
623 3 2 2000 82 919 917 635 918
624 3 2 2000 82 135 919 918 56
625 3 2 2000 82 706 920 922 921
626 3 2 2000 82 920 664 723 922
627 3 2 2000 82 922 723 599 856
628 3 2 2000 82 921 922 856 506
629 3 2 2000 82 574 923 926 925
630 3 2 2000 82 923 47 924 926
631 3 2 2000 82 926 924 652 791
632 3 2 2000 82 925 926 791 46
633 3 2 2000 82 540 895 929 928
634 3 2 2000 82 895 628 869 929
635 3 2 2000 82 929 869 65 927
636 3 2 2000 82 928 929 927 521
637 3 2 2000 82 598 930 933 776
638 3 2 2000 82 930 615 931 933
639 3 2 2000 82 933 931 522 932
640 3 2 2000 82 776 933 932 608
641 3 2 2000 82 589 846 937 936
642 3 2 2000 82 846 622 934 937
643 3 2 2000 82 937 934 2 935
644 3 2 2000 82 936 937 935 667
645 3 2 2000 82 34 105 940 939
646 3 2 2000 82 105 33 104 940
647 3 2 2000 82 940 104 32 938
648 3 2 2000 82 939 940 938 527
649 3 2 2000 82 603 873 943 942
650 3 2 2000 82 873 540 928 943
651 3 2 2000 82 943 928 521 941
652 3 2 2000 82 942 943 941 688
653 3 2 2000 82 507 848 947 946
654 3 2 2000 82 848 49 944 947
655 3 2 2000 82 947 944 571 945
656 3 2 2000 82 946 947 945 590
657 3 2 2000 82 672 948 951 950
658 3 2 2000 82 948 633 876 951
659 3 2 2000 82 951 876 510 949
660 3 2 2000 82 950 951 949 694
661 3 2 2000 82 154 952 954 155
662 3 2 2000 82 952 605 821 954
663 3 2 2000 82 954 821 518 953
664 3 2 2000 82 155 954 953 156
665 3 2 2000 82 55 803 956 916
666 3 2 2000 82 803 644 769 956
667 3 2 2000 82 956 769 636 955
668 3 2 2000 82 916 956 955 528
669 3 2 2000 82 703 957 961 960
670 3 2 2000 82 957 657 958 961
671 3 2 2000 82 961 958 706 959
672 3 2 2000 82 960 961 959 696
673 3 2 2000 82 643 962 965 964
674 3 2 2000 82 962 635 963 965
675 3 2 2000 82 965 963 569 838
676 3 2 2000 82 964 965 838 627
677 3 2 2000 82 690 881 967 966
678 3 2 2000 82 881 699 785 967
679 3 2 2000 82 967 785 666 906
680 3 2 2000 82 966 967 906 507
681 3 2 2000 82 507 946 969 966
682 3 2 2000 82 946 590 902 969
683 3 2 2000 82 969 902 704 968
684 3 2 2000 82 966 969 968 690
685 3 2 2000 82 571 970 971 945
686 3 2 2000 82 970 633 948 971
687 3 2 2000 82 971 948 672 903
688 3 2 2000 82 945 971 903 590
689 3 2 2000 82 635 962 974 918
690 3 2 2000 82 962 643 972 974
691 3 2 2000 82 974 972 645 973
692 3 2 2000 82 918 974 973 56
693 3 2 2000 82 570 894 977 976
694 3 2 2000 82 894 59 142 977
695 3 2 2000 82 977 142 62 975
696 3 2 2000 82 976 977 975 651
697 3 2 2000 82 576 978 982 981
698 3 2 2000 82 978 504 979 982
699 3 2 2000 82 982 979 705 980
700 3 2 2000 82 981 982 980 670
701 3 2 2000 82 542 983 986 985
702 3 2 2000 82 983 541 984 986
703 3 2 2000 82 986 984 252 251
704 3 2 2000 82 985 986 251 250
705 3 2 2000 82 661 987 990 989
706 3 2 2000 82 987 703 960 990
707 3 2 2000 82 990 960 696 988
708 3 2 2000 82 989 990 988 588
709 3 2 2000 82 601 899 993 887
710 3 2 2000 82 899 552 991 993
711 3 2 2000 82 993 991 614 992
712 3 2 2000 82 887 993 992 673
713 3 2 2000 82 560 804 995 842
714 3 2 2000 82 804 55 138 995
715 3 2 2000 82 995 138 58 994
716 3 2 2000 82 842 995 994 612
717 3 2 2000 82 564 825 998 997
718 3 2 2000 82 825 67 150 998
719 3 2 2000 82 998 150 70 996
720 3 2 2000 82 997 998 996 623
721 3 2 2000 82 152 999 1001 153
722 3 2 2000 82 999 543 1000 1001
723 3 2 2000 82 1001 1000 605 952
724 3 2 2000 82 153 1001 952 154
725 3 2 2000 82 24 1002 1006 1005
726 3 2 2000 82 1002 675 1003 1006
727 3 2 2000 82 1006 1003 701 1004
728 3 2 2000 82 1005 1006 1004 692
729 3 2 2000 82 603 942 1010 1009
730 3 2 2000 82 942 688 1007 1010
731 3 2 2000 82 1010 1007 594 1008
732 3 2 2000 82 1009 1010 1008 653
733 3 2 2000 82 521 927 1011 753
734 3 2 2000 82 927 65 144 1011
735 3 2 2000 82 1011 144 64 852
736 3 2 2000 82 753 1011 852 620
737 3 2 2000 82 647 840 1014 1013
738 3 2 2000 82 840 61 140 1014
739 3 2 2000 82 1014 140 60 1012
740 3 2 2000 82 1013 1014 1012 693
741 3 2 2000 82 676 1015 1018 1017
742 3 2 2000 82 1015 671 1016 1018
743 3 2 2000 82 1018 1016 703 987
744 3 2 2000 82 1017 1018 987 661
745 3 2 2000 82 631 1019 1021 1020
746 3 2 2000 82 1019 615 930 1021
747 3 2 2000 82 1021 930 598 861
748 3 2 2000 82 1020 1021 861 514
749 3 2 2000 82 582 1022 1024 1023
750 3 2 2000 82 1022 57 136 1024
751 3 2 2000 82 1024 136 56 973
752 3 2 2000 82 1023 1024 973 645
753 3 2 2000 82 527 938 1027 1026
754 3 2 2000 82 938 32 103 1027
755 3 2 2000 82 1027 103 31 1025
756 3 2 2000 82 1026 1027 1025 619
757 3 2 2000 82 514 860 1030 1029
758 3 2 2000 82 860 53 132 1030
759 3 2 2000 82 1030 132 52 1028
760 3 2 2000 82 1029 1030 1028 600
761 3 2 2000 82 650 1031 1034 1033
762 3 2 2000 82 1031 704 901 1034
763 3 2 2000 82 1034 901 658 1032
764 3 2 2000 82 1033 1034 1032 584
765 3 2 2000 82 72 253 1036 316
766 3 2 2000 82 253 252 984 1036
767 3 2 2000 82 1036 984 541 1035
768 3 2 2000 82 316 1036 1035 315
769 3 2 2000 82 71 254 1038 151
770 3 2 2000 82 254 255 1037 1038
771 3 2 2000 82 1038 1037 543 999
772 3 2 2000 82 151 1038 999 152
773 3 2 2000 82 640 1039 1043 1042
774 3 2 2000 82 1039 574 1040 1043
775 3 2 2000 82 1043 1040 558 1041
776 3 2 2000 82 1042 1043 1041 532
777 3 2 2000 82 571 944 1045 1044
778 3 2 2000 82 944 49 128 1045
779 3 2 2000 82 1045 128 48 814
780 3 2 2000 82 1044 1045 814 639
781 3 2 2000 82 592 884 1047 1046
782 3 2 2000 82 884 512 865 1047
783 3 2 2000 82 1047 865 563 721
784 3 2 2000 82 1046 1047 721 659
785 3 2 2000 82 589 936 1051 1050
786 3 2 2000 82 936 667 1048 1051
787 3 2 2000 82 1051 1048 700 1049
788 3 2 2000 82 1050 1051 1049 709
789 3 2 2000 82 607 1052 1054 1053
790 3 2 2000 82 1052 543 1037 1054
791 3 2 2000 82 1054 1037 255 256
792 3 2 2000 82 1053 1054 256 257
793 3 2 2000 82 606 1055 1057 1056
794 3 2 2000 82 1055 313 314 1057
795 3 2 2000 82 1057 314 315 1035
796 3 2 2000 82 1056 1057 1035 541
797 3 2 2000 82 671 910 1059 1016
798 3 2 2000 82 910 585 1058 1059
799 3 2 2000 82 1059 1058 657 957
800 3 2 2000 82 1016 1059 957 703
801 3 2 2000 82 674 822 1061 1060
802 3 2 2000 82 822 605 1000 1061
803 3 2 2000 82 1061 1000 543 1052
804 3 2 2000 82 1060 1061 1052 607
805 3 2 2000 82 686 732 1063 1062
806 3 2 2000 82 732 36 781 1063
807 3 2 2000 82 1063 781 623 996
808 3 2 2000 82 1062 1063 996 70
809 3 2 2000 82 224 1064 1067 225
810 3 2 2000 82 1064 609 1065 1067
811 3 2 2000 82 1067 1065 513 1066
812 3 2 2000 82 225 1067 1066 226
813 3 2 2000 82 662 1068 1072 1071
814 3 2 2000 82 1068 610 1069 1072
815 3 2 2000 82 1072 1069 534 1070
816 3 2 2000 82 1071 1072 1070 587
817 3 2 2000 82 607 1053 1075 1074
818 3 2 2000 82 1053 257 258 1075
819 3 2 2000 82 1075 258 259 1073
820 3 2 2000 82 1074 1075 1073 505
821 3 2 2000 82 610 1076 1078 1077
822 3 2 2000 82 1076 505 1073 1078
823 3 2 2000 82 1078 1073 259 260
824 3 2 2000 82 1077 1078 260 261
825 3 2 2000 82 541 983 1081 1056
826 3 2 2000 82 983 542 1079 1081
827 3 2 2000 82 1081 1079 676 1080
828 3 2 2000 82 1056 1081 1080 606
829 3 2 2000 82 118 119 1083 749
830 3 2 2000 82 119 40 798 1083
831 3 2 2000 82 1083 798 572 1082
832 3 2 2000 82 749 1083 1082 649
833 3 2 2000 82 572 795 1084 1082
834 3 2 2000 82 795 18 89 1084
835 3 2 2000 82 1084 89 17 750
836 3 2 2000 82 1082 1084 750 649
837 3 2 2000 82 606 1085 1087 1055
838 3 2 2000 82 1085 544 1086 1087
839 3 2 2000 82 1087 1086 311 312
840 3 2 2000 82 1055 1087 312 313
841 3 2 2000 82 618 1088 1089 809
842 3 2 2000 82 1088 542 985 1089
843 3 2 2000 82 1089 985 250 249
844 3 2 2000 82 809 1089 249 248
845 3 2 2000 82 635 917 1090 963
846 3 2 2000 82 917 528 955 1090
847 3 2 2000 82 1090 955 636 914
848 3 2 2000 82 963 1090 914 569
849 3 2 2000 82 600 1028 1092 726
850 3 2 2000 82 1028 52 773 1092
851 3 2 2000 82 1092 773 691 1091
852 3 2 2000 82 726 1092 1091 707
853 3 2 2000 82 659 720 1096 1095
854 3 2 2000 82 720 664 1093 1096
855 3 2 2000 82 1096 1093 685 1094
856 3 2 2000 82 1095 1096 1094 677
857 3 2 2000 82 504 1097 1100 979
858 3 2 2000 82 1097 616 1098 1100
859 3 2 2000 82 1100 1098 681 1099
860 3 2 2000 82 979 1100 1099 705
861 3 2 2000 82 234 233 1104 1103
862 3 2 2000 82 233 232 1101 1104
863 3 2 2000 82 1104 1101 545 1102
864 3 2 2000 82 1103 1104 1102 616
865 3 2 2000 82 617 1105 1109 1108
866 3 2 2000 82 1105 679 1106 1109
867 3 2 2000 82 1109 1106 602 1107
868 3 2 2000 82 1108 1109 1107 546
869 3 2 2000 82 23 94 1111 1110
870 3 2 2000 82 94 22 93 1111
871 3 2 2000 82 1111 93 21 892
872 3 2 2000 82 1110 1111 892 555
873 3 2 2000 82 652 1112 1114 792
874 3 2 2000 82 1112 271 272 1114
875 3 2 2000 82 1114 272 273 1113
876 3 2 2000 82 792 1114 1113 573
877 3 2 2000 82 309 1115 1118 308
878 3 2 2000 82 1115 509 1116 1118
879 3 2 2000 82 1118 1116 614 1117
880 3 2 2000 82 308 1118 1117 307
881 3 2 2000 82 54 1119 1121 134
882 3 2 2000 82 1119 639 813 1121
883 3 2 2000 82 1121 813 629 1120
884 3 2 2000 82 134 1121 1120 51
885 3 2 2000 82 607 1074 1123 1060
886 3 2 2000 82 1074 505 1122 1123
887 3 2 2000 82 1123 1122 668 762
888 3 2 2000 82 1060 1123 762 674
889 3 2 2000 82 180 179 1127 1126
890 3 2 2000 82 179 178 1124 1127
891 3 2 2000 82 1127 1124 520 1125
892 3 2 2000 82 1126 1127 1125 608
893 3 2 2000 82 542 1088 1128 1079
894 3 2 2000 82 1088 618 911 1128
895 3 2 2000 82 1128 911 671 1015
896 3 2 2000 82 1079 1128 1015 676
897 3 2 2000 82 544 1085 1130 1129
898 3 2 2000 82 1085 606 1080 1130
899 3 2 2000 82 1130 1080 676 1017
900 3 2 2000 82 1129 1130 1017 661
901 3 2 2000 82 548 1131 1134 1133
902 3 2 2000 82 1131 680 1132 1134
903 3 2 2000 82 1134 1132 587 1070
904 3 2 2000 82 1133 1134 1070 534
905 3 2 2000 82 4 1135 1138 76
906 3 2 2000 82 1135 630 1136 1138
907 3 2 2000 82 1138 1136 529 1137
908 3 2 2000 82 76 1138 1137 5
909 3 2 2000 82 661 989 1141 1129
910 3 2 2000 82 989 588 1139 1141
911 3 2 2000 82 1141 1139 509 1140
912 3 2 2000 82 1129 1141 1140 544
913 3 2 2000 82 311 1086 1142 310
914 3 2 2000 82 1086 544 1140 1142
915 3 2 2000 82 1142 1140 509 1115
916 3 2 2000 82 310 1142 1115 309
917 3 2 2000 82 66 1143 1145 146
918 3 2 2000 82 1143 678 1144 1145
919 3 2 2000 82 1145 1144 708 863
920 3 2 2000 82 146 1145 863 63
921 3 2 2000 82 68 867 1147 148
922 3 2 2000 82 867 708 1144 1147
923 3 2 2000 82 1147 1144 678 1146
924 3 2 2000 82 148 1147 1146 69
925 3 2 2000 82 535 1148 1150 789
926 3 2 2000 82 1148 561 1149 1150
927 3 2 2000 82 1150 1149 29 100
928 3 2 2000 82 789 1150 100 28
929 3 2 2000 82 518 820 1153 1152
930 3 2 2000 82 820 655 743 1153
931 3 2 2000 82 1153 743 583 1151
932 3 2 2000 82 1152 1153 1151 577
933 3 2 2000 82 156 953 1155 157
934 3 2 2000 82 953 518 1152 1155
935 3 2 2000 82 1155 1152 577 1154
936 3 2 2000 82 157 1155 1154 158
937 3 2 2000 82 610 1077 1157 1069
938 3 2 2000 82 1077 261 262 1157
939 3 2 2000 82 1157 262 263 1156
940 3 2 2000 82 1069 1157 1156 534
941 3 2 2000 82 516 1158 1162 1161
942 3 2 2000 82 1158 669 1159 1162
943 3 2 2000 82 1162 1159 591 1160
944 3 2 2000 82 1161 1162 1160 609
945 3 2 2000 82 44 1163 1164 115
946 3 2 2000 82 1163 558 1040 1164
947 3 2 2000 82 1164 1040 574 925
948 3 2 2000 82 115 1164 925 46
949 3 2 2000 82 3 74 1167 1166
950 3 2 2000 82 74 2 934 1167
951 3 2 2000 82 1167 934 622 1165
952 3 2 2000 82 1166 1167 1165 523
953 3 2 2000 82 662 1168 1169 1068
954 3 2 2000 82 1168 668 1122 1169
955 3 2 2000 82 1169 1122 505 1076
956 3 2 2000 82 1068 1169 1076 610
957 3 2 2000 82 202 201 1173 1172
958 3 2 2000 82 201 200 1170 1173
959 3 2 2000 82 1173 1170 526 1171
960 3 2 2000 82 1172 1173 1171 611
961 3 2 2000 82 275 1174 1175 274
962 3 2 2000 82 1174 45 793 1175
963 3 2 2000 82 1175 793 573 1113
964 3 2 2000 82 274 1175 1113 273
965 3 2 2000 82 513 1176 1178 1177
966 3 2 2000 82 1176 545 1101 1178
967 3 2 2000 82 1178 1101 232 231
968 3 2 2000 82 1177 1178 231 230
969 3 2 2000 82 246 245 1181 807
970 3 2 2000 82 245 244 1179 1181
971 3 2 2000 82 1181 1179 559 1180
972 3 2 2000 82 807 1181 1180 502
973 3 2 2000 82 62 767 1184 975
974 3 2 2000 82 767 630 1182 1184
975 3 2 2000 82 1184 1182 595 1183
976 3 2 2000 82 975 1184 1183 651
977 3 2 2000 82 520 1185 1188 1187
978 3 2 2000 82 1185 174 173 1188
979 3 2 2000 82 1188 173 172 1186
980 3 2 2000 82 1187 1188 1186 546
981 3 2 2000 82 617 1189 1192 1191
982 3 2 2000 82 1189 170 169 1192
983 3 2 2000 82 1192 169 168 1190
984 3 2 2000 82 1191 1192 1190 503
985 3 2 2000 82 305 306 1194 1193
986 3 2 2000 82 306 307 1117 1194
987 3 2 2000 82 1194 1117 614 991
988 3 2 2000 82 1193 1194 991 552
989 3 2 2000 82 639 1119 1195 1044
990 3 2 2000 82 1119 54 877 1195
991 3 2 2000 82 1195 877 633 970
992 3 2 2000 82 1044 1195 970 571
993 3 2 2000 82 702 1196 1199 1198
994 3 2 2000 82 1196 680 1131 1199
995 3 2 2000 82 1199 1131 548 1197
996 3 2 2000 82 1198 1199 1197 621
997 3 2 2000 82 629 812 1202 1201
998 3 2 2000 82 812 553 1200 1202
999 3 2 2000 82 1202 1200 11 82
1000 3 2 2000 82 1201 1202 82 10
1001 3 2 2000 82 621 1197 1205 1204
1002 3 2 2000 82 1197 548 1203 1205
1003 3 2 2000 82 1205 1203 265 266
1004 3 2 2000 82 1204 1205 266 267
1005 3 2 2000 82 226 1066 1206 227
1006 3 2 2000 82 1066 513 1177 1206
1007 3 2 2000 82 1206 1177 230 229
1008 3 2 2000 82 227 1206 229 228
1009 3 2 2000 82 170 1189 1207 171
1010 3 2 2000 82 1189 617 1108 1207
1011 3 2 2000 82 1207 1108 546 1186
1012 3 2 2000 82 171 1207 1186 172
1013 3 2 2000 82 178 177 1208 1124
1014 3 2 2000 82 177 176 175 1208
1015 3 2 2000 82 1208 175 174 1185
1016 3 2 2000 82 1124 1208 1185 520
1017 3 2 2000 82 637 1209 1212 1211
1018 3 2 2000 82 1209 301 302 1212
1019 3 2 2000 82 1212 302 303 1210
1020 3 2 2000 82 1211 1212 1210 517
1021 3 2 2000 82 673 992 1214 1213
1022 3 2 2000 82 992 614 1116 1214
1023 3 2 2000 82 1214 1116 509 1139
1024 3 2 2000 82 1213 1214 1139 588
1025 3 2 2000 82 608 932 1216 1126
1026 3 2 2000 82 932 522 1215 1216
1027 3 2 2000 82 1216 1215 182 181
1028 3 2 2000 82 1126 1216 181 180
1029 3 2 2000 82 658 1217 1220 1032
1030 3 2 2000 82 1217 503 1218 1220
1031 3 2 2000 82 1220 1218 575 1219
1032 3 2 2000 82 1032 1220 1219 584
1033 3 2 2000 82 502 1180 1223 912
1034 3 2 2000 82 1180 559 1221 1223
1035 3 2 2000 82 1223 1221 632 1222
1036 3 2 2000 82 912 1223 1222 585
1037 3 2 2000 82 609 1064 1225 1161
1038 3 2 2000 82 1064 224 223 1225
1039 3 2 2000 82 1225 223 222 1224
1040 3 2 2000 82 1161 1225 1224 516
1041 3 2 2000 82 642 1226 1229 1228
1042 3 2 2000 82 1226 501 1227 1229
1043 3 2 2000 82 1229 1227 577 1151
1044 3 2 2000 82 1228 1229 1151 583
1045 3 2 2000 82 691 831 1230 1091
1046 3 2 2000 82 831 612 994 1230
1047 3 2 2000 82 1230 994 58 727
1048 3 2 2000 82 1091 1230 727 707
1049 3 2 2000 82 5 1137 1232 77
1050 3 2 2000 82 1137 529 1231 1232
1051 3 2 2000 82 1232 1231 648 818
1052 3 2 2000 82 77 1232 818 6
1053 3 2 2000 82 701 1003 1235 731
1054 3 2 2000 82 1003 675 1233 1235
1055 3 2 2000 82 1235 1233 710 1234
1056 3 2 2000 82 731 1235 1234 38
1057 3 2 2000 82 695 888 1237 1236
1058 3 2 2000 82 888 673 1213 1237
1059 3 2 2000 82 1237 1213 588 988
1060 3 2 2000 82 1236 1237 988 696
1061 3 2 2000 82 545 1176 1239 1238
1062 3 2 2000 82 1176 513 1065 1239
1063 3 2 2000 82 1239 1065 609 1160
1064 3 2 2000 82 1238 1239 1160 591
1065 3 2 2000 82 616 1102 1241 1098
1066 3 2 2000 82 1102 545 1238 1241
1067 3 2 2000 82 1241 1238 591 1240
1068 3 2 2000 82 1098 1241 1240 681
1069 3 2 2000 82 546 1107 1242 1187
1070 3 2 2000 82 1107 602 777 1242
1071 3 2 2000 82 1242 777 608 1125
1072 3 2 2000 82 1187 1242 1125 520
1073 3 2 2000 82 584 1219 1245 1033
1074 3 2 2000 82 1219 575 1243 1245
1075 3 2 2000 82 1245 1243 537 1244
1076 3 2 2000 82 1033 1245 1244 650
1077 3 2 2000 82 680 907 1247 1132
1078 3 2 2000 82 907 666 1246 1247
1079 3 2 2000 82 1247 1246 662 1071
1080 3 2 2000 82 1132 1247 1071 587
1081 3 2 2000 82 670 1248 1251 981
1082 3 2 2000 82 1248 586 1249 1251
1083 3 2 2000 82 1251 1249 531 1250
1084 3 2 2000 82 981 1251 1250 576
1085 3 2 2000 82 158 1154 1253 159
1086 3 2 2000 82 1154 577 1227 1253
1087 3 2 2000 82 1253 1227 501 1252
1088 3 2 2000 82 159 1253 1252 160
1089 3 2 2000 82 202 1172 1256 203
1090 3 2 2000 82 1172 611 1254 1256
1091 3 2 2000 82 1256 1254 530 1255
1092 3 2 2000 82 203 1256 1255 204
1093 3 2 2000 82 244 243 1259 1179
1094 3 2 2000 82 243 242 1257 1259
1095 3 2 2000 82 1259 1257 566 1258
1096 3 2 2000 82 1179 1259 1258 559
1097 3 2 2000 82 621 1204 1262 1261
1098 3 2 2000 82 1204 267 268 1262
1099 3 2 2000 82 1262 268 269 1260
1100 3 2 2000 82 1261 1262 1260 533
1101 3 2 2000 82 652 1263 1264 1112
1102 3 2 2000 82 1263 533 1260 1264
1103 3 2 2000 82 1264 1260 269 270
1104 3 2 2000 82 1112 1264 270 271
1105 3 2 2000 82 166 1265 1266 167
1106 3 2 2000 82 1265 575 1218 1266
1107 3 2 2000 82 1266 1218 503 1190
1108 3 2 2000 82 167 1266 1190 168
1109 3 2 2000 82 683 1267 1271 1270
1110 3 2 2000 82 1267 557 1268 1271
1111 3 2 2000 82 1271 1268 578 1269
1112 3 2 2000 82 1270 1271 1269 593
1113 3 2 2000 82 651 1272 1273 976
1114 3 2 2000 82 1272 523 1165 1273
1115 3 2 2000 82 1273 1165 622 845
1116 3 2 2000 82 976 1273 845 570
1117 3 2 2000 82 70 1274 1277 1062
1118 3 2 2000 82 1274 687 1275 1277
1119 3 2 2000 82 1277 1275 660 1276
1120 3 2 2000 82 1062 1277 1276 686
1121 3 2 2000 82 238 237 1280 1279
1122 3 2 2000 82 237 236 1278 1280
1123 3 2 2000 82 1280 1278 504 978
1124 3 2 2000 82 1279 1280 978 576
1125 3 2 2000 82 626 1281 1283 1282
1126 3 2 2000 82 1281 206 205 1283
1127 3 2 2000 82 1283 205 204 1255
1128 3 2 2000 82 1282 1283 1255 530
1129 3 2 2000 82 236 235 1284 1278
1130 3 2 2000 82 235 234 1103 1284
1131 3 2 2000 82 1284 1103 616 1097
1132 3 2 2000 82 1278 1284 1097 504
1133 3 2 2000 82 164 1285 1286 165
1134 3 2 2000 82 1285 537 1243 1286
1135 3 2 2000 82 1286 1243 575 1265
1136 3 2 2000 82 165 1286 1265 166
1137 3 2 2000 82 263 264 1287 1156
1138 3 2 2000 82 264 265 1203 1287
1139 3 2 2000 82 1287 1203 548 1133
1140 3 2 2000 82 1156 1287 1133 534
1141 3 2 2000 82 665 1288 1292 1291
1142 3 2 2000 82 1288 692 1289 1292
1143 3 2 2000 82 1292 1289 660 1290
1144 3 2 2000 82 1291 1292 1290 613
1145 3 2 2000 82 702 1198 1295 1294
1146 3 2 2000 82 1198 621 1261 1295
1147 3 2 2000 82 1295 1261 533 1293
1148 3 2 2000 82 1294 1295 1293 689
1149 3 2 2000 82 240 239 1297 1296
1150 3 2 2000 82 239 238 1279 1297
1151 3 2 2000 82 1297 1279 576 1250
1152 3 2 2000 82 1296 1297 1250 531
1153 3 2 2000 82 506 889 1298 921
1154 3 2 2000 82 889 695 1236 1298
1155 3 2 2000 82 1298 1236 696 959
1156 3 2 2000 82 921 1298 959 706
1157 3 2 2000 82 555 891 1302 1301
1158 3 2 2000 82 891 596 1299 1302
1159 3 2 2000 82 1302 1299 710 1300
1160 3 2 2000 82 1301 1302 1300 698
1161 3 2 2000 82 641 1303 1305 1304
1162 3 2 2000 82 1303 632 1221 1305
1163 3 2 2000 82 1305 1221 559 1258
1164 3 2 2000 82 1304 1305 1258 566
1165 3 2 2000 82 581 1306 1309 1308
1166 3 2 2000 82 1306 693 1012 1309
1167 3 2 2000 82 1309 1012 60 1307
1168 3 2 2000 82 1308 1309 1307 646
1169 3 2 2000 82 597 1310 1313 1312
1170 3 2 2000 82 1310 565 1311 1313
1171 3 2 2000 82 1313 1311 501 1226
1172 3 2 2000 82 1312 1313 1226 642
1173 3 2 2000 82 586 1314 1316 1249
1174 3 2 2000 82 1314 641 1304 1316
1175 3 2 2000 82 1316 1304 566 1315
1176 3 2 2000 82 1249 1316 1315 531
1177 3 2 2000 82 650 1244 1319 1318
1178 3 2 2000 82 1244 537 1317 1319
1179 3 2 2000 82 1319 1317 565 1310
1180 3 2 2000 82 1318 1319 1310 597
1181 3 2 2000 82 670 1320 1322 1248
1182 3 2 2000 82 1320 677 1321 1322
1183 3 2 2000 82 1322 1321 641 1314
1184 3 2 2000 82 1248 1322 1314 586
1185 3 2 2000 82 531 1315 1323 1296
1186 3 2 2000 82 1315 566 1257 1323
1187 3 2 2000 82 1323 1257 242 241
1188 3 2 2000 82 1296 1323 241 240
1189 3 2 2000 82 510 778 1325 949
1190 3 2 2000 82 778 602 1106 1325
1191 3 2 2000 82 1325 1106 679 1324
1192 3 2 2000 82 949 1325 1324 694
1193 3 2 2000 82 9 1326 1328 81
1194 3 2 2000 82 1326 562 1327 1328
1195 3 2 2000 82 1328 1327 629 1201
1196 3 2 2000 82 81 1328 1201 10
1197 3 2 2000 82 593 1269 1331 755
1198 3 2 2000 82 1269 578 1329 1331
1199 3 2 2000 82 1331 1329 511 1330
1200 3 2 2000 82 755 1331 1330 654
1201 3 2 2000 82 659 1332 1333 1046
1202 3 2 2000 82 1332 705 1099 1333
1203 3 2 2000 82 1333 1099 681 885
1204 3 2 2000 82 1046 1333 885 592
1205 3 2 2000 82 556 1334 1337 1336
1206 3 2 2000 82 1334 631 758 1337
1207 3 2 2000 82 1337 758 515 1335
1208 3 2 2000 82 1336 1337 1335 580
1209 3 2 2000 82 704 1031 1340 1339
1210 3 2 2000 82 1031 650 1318 1340
1211 3 2 2000 82 1340 1318 597 1338
1212 3 2 2000 82 1339 1340 1338 663
1213 3 2 2000 82 303 304 1341 1210
1214 3 2 2000 82 304 305 1193 1341
1215 3 2 2000 82 1341 1193 552 898
1216 3 2 2000 82 1210 1341 898 517
1217 3 2 2000 82 537 1285 1343 1317
1218 3 2 2000 82 1285 164 163 1343
1219 3 2 2000 82 1343 163 162 1342
1220 3 2 2000 82 1317 1343 1342 565
1221 3 2 2000 82 198 197 1347 1346
1222 3 2 2000 82 197 196 1344 1347
1223 3 2 2000 82 1347 1344 538 1345
1224 3 2 2000 82 1346 1347 1345 625
1225 3 2 2000 82 160 1252 1348 161
1226 3 2 2000 82 1252 501 1311 1348
1227 3 2 2000 82 1348 1311 565 1342
1228 3 2 2000 82 161 1348 1342 162
1229 3 2 2000 82 218 1349 1351 219
1230 3 2 2000 82 1349 578 1268 1351
1231 3 2 2000 82 1351 1268 557 1350
1232 3 2 2000 82 219 1351 1350 220
1233 3 2 2000 82 547 1352 1356 1355
1234 3 2 2000 82 1352 687 1353 1356
1235 3 2 2000 82 1356 1353 634 1354
1236 3 2 2000 82 1355 1356 1354 554
1237 3 2 2000 82 47 1357 1358 924
1238 3 2 2000 82 1357 689 1293 1358
1239 3 2 2000 82 1358 1293 533 1263
1240 3 2 2000 82 924 1358 1263 652
1241 3 2 2000 82 29 1149 1362 1361
1242 3 2 2000 82 1149 561 1359 1362
1243 3 2 2000 82 1362 1359 613 1360
1244 3 2 2000 82 1361 1362 1360 547
1245 3 2 2000 82 549 1363 1366 760
1246 3 2 2000 82 1363 638 1364 1366
1247 3 2 2000 82 1366 1364 550 1365
1248 3 2 2000 82 760 1366 1365 568
1249 3 2 2000 82 184 183 1369 1368
1250 3 2 2000 82 183 182 1215 1369
1251 3 2 2000 82 1369 1215 522 1367
1252 3 2 2000 82 1368 1369 1367 556
1253 3 2 2000 82 216 1370 1371 217
1254 3 2 2000 82 1370 511 1329 1371
1255 3 2 2000 82 1371 1329 578 1349
1256 3 2 2000 82 217 1371 1349 218
1257 3 2 2000 82 186 185 1373 1372
1258 3 2 2000 82 185 184 1368 1373
1259 3 2 2000 82 1373 1368 556 1336
1260 3 2 2000 82 1372 1373 1336 580
1261 3 2 2000 82 220 1350 1375 221
1262 3 2 2000 82 1350 557 1374 1375
1263 3 2 2000 82 1375 1374 516 1224
1264 3 2 2000 82 221 1375 1224 222
1265 3 2 2000 82 643 964 1378 1377
1266 3 2 2000 82 964 627 1376 1378
1267 3 2 2000 82 1378 1376 611 1171
1268 3 2 2000 82 1377 1378 1171 526
1269 3 2 2000 82 654 1330 1382 1381
1270 3 2 2000 82 1330 511 1379 1382
1271 3 2 2000 82 1382 1379 567 1380
1272 3 2 2000 82 1381 1382 1380 594
1273 3 2 2000 82 557 1267 1384 1374
1274 3 2 2000 82 1267 683 1383 1384
1275 3 2 2000 82 1384 1383 669 1158
1276 3 2 2000 82 1374 1384 1158 516
1277 3 2 2000 82 188 187 1386 1385
1278 3 2 2000 82 187 186 1372 1386
1279 3 2 2000 82 1386 1372 580 1335
1280 3 2 2000 82 1385 1386 1335 515
1281 3 2 2000 82 200 199 1388 1170
1282 3 2 2000 82 199 198 1346 1388
1283 3 2 2000 82 1388 1346 625 1387
1284 3 2 2000 82 1170 1388 1387 526
1285 3 2 2000 82 664 920 1390 1093
1286 3 2 2000 82 920 706 958 1390
1287 3 2 2000 82 1390 958 657 1389
1288 3 2 2000 82 1093 1390 1389 685
1289 3 2 2000 82 503 1217 1392 1191
1290 3 2 2000 82 1217 658 1391 1392
1291 3 2 2000 82 1392 1391 679 1105
1292 3 2 2000 82 1191 1392 1105 617
1293 3 2 2000 82 585 1222 1394 1058
1294 3 2 2000 82 1222 632 1393 1394
1295 3 2 2000 82 1394 1393 685 1389
1296 3 2 2000 82 1058 1394 1389 657
1297 3 2 2000 82 581 1308 1398 1397
1298 3 2 2000 82 1308 646 1395 1398
1299 3 2 2000 82 1398 1395 653 1396
1300 3 2 2000 82 1397 1398 1396 525
1301 3 2 2000 82 583 742 1400 1228
1302 3 2 2000 82 742 656 880 1400
1303 3 2 2000 82 1400 880 684 1399
1304 3 2 2000 82 1228 1400 1399 642
1305 3 2 2000 82 301 1209 1402 718
1306 3 2 2000 82 1209 637 1401 1402
1307 3 2 2000 82 1402 1401 623 780
1308 3 2 2000 82 718 1402 780 551
1309 3 2 2000 82 625 1345 1405 1404
1310 3 2 2000 82 1345 538 1403 1405
1311 3 2 2000 82 1405 1403 582 1023
1312 3 2 2000 82 1404 1405 1023 645
1313 3 2 2000 82 582 1406 1408 1022
1314 3 2 2000 82 1406 550 1364 1408
1315 3 2 2000 82 1408 1364 638 1407
1316 3 2 2000 82 1022 1408 1407 57
1317 3 2 2000 82 677 1094 1409 1321
1318 3 2 2000 82 1094 685 1393 1409
1319 3 2 2000 82 1409 1393 632 1303
1320 3 2 2000 82 1321 1409 1303 641
1321 3 2 2000 82 547 1360 1410 1352
1322 3 2 2000 82 1360 613 1290 1410
1323 3 2 2000 82 1410 1290 660 1275
1324 3 2 2000 82 1352 1410 1275 687
1325 3 2 2000 82 214 1411 1412 215
1326 3 2 2000 82 1411 567 1379 1412
1327 3 2 2000 82 1412 1379 511 1370
1328 3 2 2000 82 215 1412 1370 216
1329 3 2 2000 82 594 1380 1414 1008
1330 3 2 2000 82 1380 567 1413 1414
1331 3 2 2000 82 1414 1413 525 1396
1332 3 2 2000 82 1008 1414 1396 653
1333 3 2 2000 82 684 879 1416 1415
1334 3 2 2000 82 879 690 968 1416
1335 3 2 2000 82 1416 968 704 1339
1336 3 2 2000 82 1415 1416 1339 663
1337 3 2 2000 82 663 1338 1417 1415
1338 3 2 2000 82 1338 597 1312 1417
1339 3 2 2000 82 1417 1312 642 1399
1340 3 2 2000 82 1415 1417 1399 684
1341 3 2 2000 82 3 1418 1419 75
1342 3 2 2000 82 1418 595 1182 1419
1343 3 2 2000 82 1419 1182 630 1135
1344 3 2 2000 82 75 1419 1135 4
1345 3 2 2000 82 623 1401 1420 997
1346 3 2 2000 82 1401 637 1211 1420
1347 3 2 2000 82 1420 1211 517 897
1348 3 2 2000 82 997 1420 897 564
1349 3 2 2000 82 47 130 1422 1357
1350 3 2 2000 82 130 50 1421 1422
1351 3 2 2000 82 1422 1421 702 1294
1352 3 2 2000 82 1357 1422 1294 689
1353 3 2 2000 82 190 189 1424 1423
1354 3 2 2000 82 189 188 1385 1424
1355 3 2 2000 82 1424 1385 515 757
1356 3 2 2000 82 1423 1424 757 568
1357 3 2 2000 82 527 1026 1428 1427
1358 3 2 2000 82 1026 619 1425 1428
1359 3 2 2000 82 1428 1425 508 1426
1360 3 2 2000 82 1427 1428 1426 700
1361 3 2 2000 82 665 1429 1430 1288
1362 3 2 2000 82 1429 25 96 1430
1363 3 2 2000 82 1430 96 24 1005
1364 3 2 2000 82 1288 1430 1005 692
1365 3 2 2000 82 693 1431 1433 1013
1366 3 2 2000 82 1431 626 1282 1433
1367 3 2 2000 82 1433 1282 530 1432
1368 3 2 2000 82 1013 1433 1432 647
1369 3 2 2000 82 208 1434 1437 209
1370 3 2 2000 82 1434 536 1435 1437
1371 3 2 2000 82 1437 1435 581 1436
1372 3 2 2000 82 209 1437 1436 210
1373 3 2 2000 82 196 195 1439 1344
1374 3 2 2000 82 195 194 1438 1439
1375 3 2 2000 82 1439 1438 582 1403
1376 3 2 2000 82 1344 1439 1403 538
1377 3 2 2000 82 206 1281 1441 207
1378 3 2 2000 82 1281 626 1440 1441
1379 3 2 2000 82 1441 1440 536 1434
1380 3 2 2000 82 207 1441 1434 208
1381 3 2 2000 82 212 1442 1443 213
1382 3 2 2000 82 1442 525 1413 1443
1383 3 2 2000 82 1443 1413 567 1411
1384 3 2 2000 82 213 1443 1411 214
1385 3 2 2000 82 210 1436 1444 211
1386 3 2 2000 82 1436 581 1397 1444
1387 3 2 2000 82 1444 1397 525 1442
1388 3 2 2000 82 211 1444 1442 212
1389 3 2 2000 82 672 950 1445 904
1390 3 2 2000 82 950 694 1324 1445
1391 3 2 2000 82 1445 1324 679 1391
1392 3 2 2000 82 904 1445 1391 658
1393 3 2 2000 82 647 1432 1446 837
1394 3 2 2000 82 1432 530 1254 1446
1395 3 2 2000 82 1446 1254 611 1376
1396 3 2 2000 82 837 1446 1376 627
1397 3 2 2000 82 48 1447 1449 811
1398 3 2 2000 82 1447 640 1042 1449
1399 3 2 2000 82 1449 1042 532 1448
1400 3 2 2000 82 811 1449 1448 553
1401 3 2 2000 82 194 193 1451 1438
1402 3 2 2000 82 193 192 1450 1451
1403 3 2 2000 82 1451 1450 550 1406
1404 3 2 2000 82 1438 1451 1406 582
1405 3 2 2000 82 42 735 1453 116
1406 3 2 2000 82 735 579 1452 1453
1407 3 2 2000 82 1453 1452 558 1163
1408 3 2 2000 82 116 1453 1163 44
1409 3 2 2000 82 12 83 1455 1454
1410 3 2 2000 82 83 11 1200 1455
1411 3 2 2000 82 1455 1200 553 1448
1412 3 2 2000 82 1454 1455 1448 532
1413 3 2 2000 82 192 191 1456 1450
1414 3 2 2000 82 191 190 1423 1456
1415 3 2 2000 82 1456 1423 568 1365
1416 3 2 2000 82 1450 1456 1365 550
1417 3 2 2000 82 666 784 1457 1246
1418 3 2 2000 82 784 697 763 1457
1419 3 2 2000 82 1457 763 668 1168
1420 3 2 2000 82 1246 1457 1168 662
1421 3 2 2000 82 581 1435 1458 1306
1422 3 2 2000 82 1435 536 1440 1458
1423 3 2 2000 82 1458 1440 626 1431
1424 3 2 2000 82 1306 1458 1431 693
1425 3 2 2000 82 532 1041 1460 1454
1426 3 2 2000 82 1041 558 1459 1460
1427 3 2 2000 82 1460 1459 13 84
1428 3 2 2000 82 1454 1460 84 12
1429 3 2 2000 82 8 1461 1463 80
1430 3 2 2000 82 1461 539 1462 1463
1431 3 2 2000 82 1463 1462 562 1326
1432 3 2 2000 82 80 1463 1326 9
1433 3 2 2000 82 24 1464 1465 1002
1434 3 2 2000 82 1464 698 1300 1465
1435 3 2 2000 82 1465 1300 710 1233
1436 3 2 2000 82 1002 1465 1233 675
1437 3 2 2000 82 669 1383 1466 854
1438 3 2 2000 82 1383 683 1270 1466
1439 3 2 2000 82 1466 1270 593 754
1440 3 2 2000 82 854 1466 754 620
1441 3 2 2000 82 630 766 1467 1136
1442 3 2 2000 82 766 644 802 1467
1443 3 2 2000 82 1467 802 648 1231
1444 3 2 2000 82 1136 1467 1231 529
1445 3 2 2000 82 3 1166 1468 1418
1446 3 2 2000 82 1166 523 1272 1468
1447 3 2 2000 82 1468 1272 651 1183
1448 3 2 2000 82 1418 1468 1183 595
1449 3 2 2000 82 14 85 1469 734
1450 3 2 2000 82 85 13 1459 1469
1451 3 2 2000 82 1469 1459 558 1452
1452 3 2 2000 82 734 1469 1452 579
1453 3 2 2000 82 539 771 1470 1462
1454 3 2 2000 82 771 51 1120 1470
1455 3 2 2000 82 1470 1120 629 1327
1456 3 2 2000 82 1462 1470 1327 562
1457 3 2 2000 82 645 972 1471 1404
1458 3 2 2000 82 972 643 1377 1471
1459 3 2 2000 82 1471 1377 526 1387
1460 3 2 2000 82 1404 1471 1387 625
1461 3 2 2000 82 50 850 1472 1421
1462 3 2 2000 82 850 604 908 1472
1463 3 2 2000 82 1472 908 680 1196
1464 3 2 2000 82 1421 1472 1196 702
1465 3 2 2000 82 554 1354 1475 1474
1466 3 2 2000 82 1354 634 1473 1475
1467 3 2 2000 82 1475 1473 69 1146
1468 3 2 2000 82 1474 1475 1146 678
1469 3 2 2000 82 701 730 1476 1004
1470 3 2 2000 82 730 686 1276 1476
1471 3 2 2000 82 1476 1276 660 1289
1472 3 2 2000 82 1004 1476 1289 692
1473 3 2 2000 82 60 874 1477 1307
1474 3 2 2000 82 874 603 1009 1477
1475 3 2 2000 82 1477 1009 653 1395
1476 3 2 2000 82 1307 1477 1395 646
1477 3 2 2000 82 521 752 1478 941
1478 3 2 2000 82 752 654 1381 1478
1479 3 2 2000 82 1478 1381 594 1007
1480 3 2 2000 82 941 1478 1007 688
1481 3 2 2000 82 293 294 1481 1480
1482 3 2 2000 82 294 295 1479 1481
1483 3 2 2000 82 1481 1479 35 107
1484 3 2 2000 82 1480 1481 107 37
1485 3 2 2000 82 293 1480 1482 292
1486 3 2 2000 82 1480 37 108 1482
1487 3 2 2000 82 1482 108 39 716
1488 3 2 2000 82 292 1482 716 291
1489 3 2 2000 82 285 286 1484 1483
1490 3 2 2000 82 286 287 715 1484
1491 3 2 2000 82 1484 715 39 109
1492 3 2 2000 82 1483 1484 109 110
1493 3 2 2000 82 285 1483 1485 284
1494 3 2 2000 82 1483 110 111 1485
1495 3 2 2000 82 1485 111 41 712
1496 3 2 2000 82 284 1485 712 283
1497 3 2 2000 82 277 1486 1487 276
1498 3 2 2000 82 1486 43 113 1487
1499 3 2 2000 82 1487 113 45 1174
1500 3 2 2000 82 276 1487 1174 275
1501 3 2 2000 82 574 1039 1488 923
1502 3 2 2000 82 1039 640 1447 1488
1503 3 2 2000 82 1488 1447 48 127
1504 3 2 2000 82 923 1488 127 47
1505 3 2 2000 82 634 1353 1489 1473
1506 3 2 2000 82 1353 687 1274 1489
1507 3 2 2000 82 1489 1274 70 149
1508 3 2 2000 82 1473 1489 149 69
1509 3 2 2000 82 1 106 1491 73
1510 3 2 2000 82 106 34 1490 1491
1511 3 2 2000 82 1491 1490 667 935
1512 3 2 2000 82 73 1491 935 2
1513 3 2 2000 82 7 817 1492 79
1514 3 2 2000 82 817 519 829 1492
1515 3 2 2000 82 1492 829 539 1461
1516 3 2 2000 82 79 1492 1461 8
1517 3 2 2000 82 555 1301 1493 1110
1518 3 2 2000 82 1301 698 1464 1493
1519 3 2 2000 82 1493 1464 24 95
1520 3 2 2000 82 1110 1493 95 23
1521 3 2 2000 82 665 1494 1495 1429
1522 3 2 2000 82 1494 535 788 1495
1523 3 2 2000 82 1495 788 26 97
1524 3 2 2000 82 1429 1495 97 25
1525 3 2 2000 82 619 1025 1497 1425
1526 3 2 2000 82 1025 31 102 1497
1527 3 2 2000 82 1497 102 30 1496
1528 3 2 2000 82 1425 1497 1496 508
1529 3 2 2000 82 554 1498 1501 1500
1530 3 2 2000 82 1498 682 1499 1501
1531 3 2 2000 82 1501 1499 508 1496
1532 3 2 2000 82 1500 1501 1496 30
1533 3 2 2000 82 29 1361 1502 101
1534 3 2 2000 82 1361 547 1355 1502
1535 3 2 2000 82 1502 1355 554 1500
1536 3 2 2000 82 101 1502 1500 30
1537 3 2 2000 82 527 1427 1503 939
1538 3 2 2000 82 1427 700 1048 1503
1539 3 2 2000 82 1503 1048 667 1490
1540 3 2 2000 82 939 1503 1490 34
1541 3 2 2000 82 295 296 1504 1479
1542 3 2 2000 82 296 297 719 1504
1543 3 2 2000 82 1504 719 551 782
1544 3 2 2000 82 1479 1504 782 35
1545 3 2 2000 82 38 1234 1505 120
1546 3 2 2000 82 1234 710 1299 1505
1547 3 2 2000 82 1505 1299 596 799
1548 3 2 2000 82 120 1505 799 40
1549 3 2 2000 82 277 278 1506 1486
1550 3 2 2000 82 278 279 713 1506
1551 3 2 2000 82 1506 713 41 112
1552 3 2 2000 82 1486 1506 112 43
1553 3 2 2000 82 638 1363 1507 1407
1554 3 2 2000 82 1363 549 728 1507
1555 3 2 2000 82 1507 728 58 137
1556 3 2 2000 82 1407 1507 137 57
1557 3 2 2000 82 613 1359 1508 1291
1558 3 2 2000 82 1359 561 1148 1508
1559 3 2 2000 82 1508 1148 535 1494
1560 3 2 2000 82 1291 1508 1494 665
1561 3 2 2000 82 514 1029 1509 1020
1562 3 2 2000 82 1029 600 725 1509
1563 3 2 2000 82 1509 725 549 759
1564 3 2 2000 82 1020 1509 759 631
1565 3 2 2000 82 66 1510 1511 1143
1566 3 2 2000 82 1510 682 1498 1511
1567 3 2 2000 82 1511 1498 554 1474
1568 3 2 2000 82 1143 1511 1474 678
1569 3 2 2000 82 522 931 1512 1367
1570 3 2 2000 82 931 615 1019 1512
1571 3 2 2000 82 1512 1019 631 1334
1572 3 2 2000 82 1367 1512 1334 556
1573 3 2 2000 82 66 747 1514 1510
1574 3 2 2000 82 747 589 1050 1514
1575 3 2 2000 82 1514 1050 709 1513
1576 3 2 2000 82 1510 1514 1513 682
1577 3 2 2000 82 669 853 1515 1159
1578 3 2 2000 82 853 624 883 1515
1579 3 2 2000 82 1515 883 681 1240
1580 3 2 2000 82 1159 1515 1240 591
1581 3 2 2000 82 705 1332 1516 980
1582 3 2 2000 82 1332 659 1095 1516
1583 3 2 2000 82 1516 1095 677 1320
1584 3 2 2000 82 980 1516 1320 670
1585 3 2 2000 82 508 1499 1517 1426
1586 3 2 2000 82 1499 682 1513 1517
1587 3 2 2000 82 1517 1513 709 1049
1588 3 2 2000 82 1426 1517 1049 700
1589 3 2 2000 82 41 711 1518 712
1590 3 2 2000 82 711 281 282 1518
1591 3 2 2000 82 712 1518 282 283
1592 3 2 2000 82 281 711 1519 280
1593 3 2 2000 82 711 41 713 1519
1594 3 2 2000 82 280 1519 713 279
1595 3 2 2000 82 289 714 1520 288
1596 3 2 2000 82 714 39 715 1520
1597 3 2 2000 82 288 1520 715 287
1598 3 2 2000 82 39 714 1521 716
1599 3 2 2000 82 714 289 290 1521
1600 3 2 2000 82 716 1521 290 291
1601 3 2 2000 82 551 717 1522 718
1602 3 2 2000 82 717 299 300 1522
1603 3 2 2000 82 718 1522 300 301
1604 3 2 2000 82 299 717 1523 298
1605 3 2 2000 82 717 551 719 1523
1606 3 2 2000 82 298 1523 719 297
$EndElements
