$MeshFormat
2.2 0 8
$EndMeshFormat
$PhysicalNames
15
1 831 "boundary"
1 900 "axis"
2 832 "coil1"
2 833 "coil2"
2 834 "coil3"
2 835 "coil4"
2 836 "coil5"
2 837 "coil6"
2 838 "coil7"
2 839 "coil8"
2 840 "coil9"
2 841 "coil10"
2 842 "coil11"
2 1000 "limiter"
2 2000 "interior"
$EndPhysicalNames
$Nodes
1637
1 6.267 -3.046 0
2 7.283 -2.257 0
3 7.899 -1.342 0
4 8.305999999999999 -0.421 0
5 8.395 0.633 0
6 8.27 1.681 0
7 7.904 2.464 0
8 7.4 3.179 0
9 6.587 3.894 0
10 5.753 4.532 0
11 4.904 4.712 0
12 4.311 4.324 0
13 4.126 3.582 0
14 4.076 2.566 0
15 4.046 1.549 0
16 4.046 0.533 0
17 4.067 -0.484 0
18 4.097 -1.5 0
19 4.178 -2.306 0
20 3.9579 -2.5384 0
21 4.3257 -2.6514 0
22 4.5066 -2.941 0
23 4.467 -3.2801 0
24 4.1799 -3.8847 0
25 4.4918 -3.9092 0
26 4.6456 -3.746 0
27 4.9982 -3.7414 0
28 5.2529 -3.9852 0
29 5.2727 -4.2636 0
30 5.565 -4.5559 0
31 5.572 -3.896 0
32 5.6842 -3.5265 0
33 5.9821 -3.2822 0
34 6.3655 -3.2446 0
35 0.946 -5.415 0
36 2.446 -5.415 0
37 0.946 -3.6067 0
38 2.446 -3.6067 0
39 0.946 -1.7983 0
40 2.446 -1.7983 0
41 0.946 1.8183 0
42 2.446 1.8183 0
43 0.946 3.6267 0
44 2.446 3.6267 0
45 0.946 5.435 0
46 2.446 5.435 0
47 2.9431 6.8241 0
48 4.943099999999999 6.8241 0
49 4.943099999999999 8.3241 0
50 2.9431 8.3241 0
51 7.2851 5.7898 0
52 9.2851 5.7898 0
53 9.2851 7.2898 0
54 7.2851 7.2898 0
55 10.9919 2.5252 0
56 12.9919 2.5252 0
57 12.9919 4.0252 0
58 10.9919 4.0252 0
59 10.963 -2.9836 0
60 12.963 -2.9836 0
61 12.963 -1.4836 0
62 10.963 -1.4836 0
63 7.3908 -7.4769 0
64 9.390799999999999 -7.4769 0
65 9.390799999999999 -5.9769 0
66 7.3908 -5.9769 0
67 3.334 -8.2165 0
68 5.334 -8.2165 0
69 5.334 -6.7165 0
70 3.334 -6.7165 0
71 0 16 0
72 0 -16 0
73 6.775 -2.6515 0
74 7.591 -1.7995 0
75 8.102499999999999 -0.8815000000000001 0
76 8.3505 0.106 0
77 8.3325 1.157 0
78 8.087 2.0725 0
79 7.652 2.8215 0
80 6.9935 3.5365 0
81 6.17 4.213 0
82 5.3285 4.622 0
83 4.6075 4.518 0
84 4.218500000000001 3.953 0
85 4.101 3.074 0
86 4.061 2.0575 0
87 4.046 1.041 0
88 4.0565 0.02450000000000008 0
89 4.082000000000001 -0.992 0
90 4.1375 -1.903 0
91 4.06795 -2.4222 0
92 4.1418 -2.5949 0
93 4.41615 -2.7962 0
94 4.4868 -3.11055 0
95 4.323449999999999 -3.5824 0
96 4.33585 -3.89695 0
97 4.5687 -3.8276 0
98 4.821899999999999 -3.7437 0
99 5.12555 -3.8633 0
100 5.2628 -4.1244 0
101 5.418850000000001 -4.409750000000001 0
102 5.5685 -4.22595 0
103 5.6281 -3.71125 0
104 5.83315 -3.40435 0
105 6.1738 -3.2634 0
106 6.31625 -3.1453 0
107 0.946 -4.51085 0
108 0.946 -2.7025 0
109 0.946 -0.8941500000000006 0
110 0.946 0.009999999999998899 0
111 0.946 0.9141499999999996 0
112 0.946 2.7225 0
113 0.946 4.53085 0
114 1.696 5.435 0
115 2.446 4.53085 0
116 2.446 2.7225 0
117 2.446 0.9141500000000006 0
118 2.446 0.01000000000000112 0
119 2.446 -0.8941499999999996 0
120 2.446 -2.7025 0
121 2.446 -4.51085 0
122 1.696 -5.415 0
123 1.696 -3.6067 0
124 1.696 -1.7983 0
125 1.696 1.8183 0
126 1.696 3.6267 0
127 3.943099999999999 6.8241 0
128 4.943099999999999 7.5741 0
129 3.9431 8.3241 0
130 2.9431 7.5741 0
131 8.2851 5.7898 0
132 9.2851 6.5398 0
133 8.2851 7.2898 0
134 7.2851 6.5398 0
135 11.9919 2.5252 0
136 12.9919 3.2752 0
137 11.9919 4.0252 0
138 10.9919 3.2752 0
139 11.963 -2.9836 0
140 12.963 -2.2336 0
141 11.963 -1.4836 0
142 10.963 -2.2336 0
143 8.390799999999999 -7.4769 0
144 9.390799999999999 -6.7269 0
145 8.390799999999999 -5.9769 0
146 7.3908 -6.7269 0
147 4.334 -8.2165 0
148 5.334 -7.4665 0
149 4.334 -6.7165 0
150 3.334 -7.4665 0
151 0.4832484448142235 15.99270055183253 0
152 0.9660559587565695 15.97080886757308 0
153 1.447982013274203 15.93434492187346 0
154 1.928586884085171 15.88334198556886 0
155 2.407432052396536 15.81784659532055 0
156 2.88408060502249 15.7379185111543 0
157 3.358097633037564 15.64363066193355 0
158 3.829050628600918 15.53506907881683 0
159 4.296509879590027 15.41233281676026 0
160 4.760048861683237 15.27553386413673 0
161 5.219244627533904 15.12479704055425 0
162 5.673678192680569 14.96025988296664 0
163 6.12293491784144 14.78207252018059 0
164 6.566604887244104 14.59039753587344 0
165 7.004283282645448 14.38540982024682 0
166 7.435570752700288 14.16729641045136 0
167 7.860073777342033 13.93625631992825 0
168 8.277405026842509 13.69250035682316 0
169 8.687183715223663 13.43625093163836 0
170 9.089035947698489 13.16774185429851 0
171 9.48259506182427 12.88721812081513 0
172 9.867501962056682 12.59493568974481 0
173 10.24340544739981 12.29116124864449 0
174 10.60996253185272 11.97617197073762 0
175 10.96683875736064 11.65025526201261 0
176 11.31370849898476 11.31370849898476 0
177 11.65025526201262 10.96683875736064 0
178 11.97617197073761 10.60996253185273 0
179 12.29116124864449 10.24340544739981 0
180 12.5949356897448 9.867501962056688 0
181 12.88721812081514 9.482595061824265 0
182 13.1677418542985 9.089035947698495 0
183 13.43625093163837 8.687183715223657 0
184 13.69250035682316 8.277405026842514 0
185 13.93625631992825 7.860073777342039 0
186 14.16729641045136 7.435570752700294 0
187 14.38540982024682 7.00428328264544 0
188 14.59039753587344 6.56660488724411 0
189 14.78207252018059 6.122934917841433 0
190 14.96025988296664 5.673678192680575 0
191 15.12479704055424 5.21924462753391 0
192 15.27553386413673 4.760048861683244 0
193 15.41233281676026 4.29650987959002 0
194 15.53506907881683 3.829050628600925 0
195 15.64363066193355 3.358097633037557 0
196 15.7379185111543 2.884080605022497 0
197 15.81784659532055 2.407432052396528 0
198 15.88334198556886 1.928586884085178 0
199 15.93434492187346 1.44798201327421 0
200 15.97080886757308 0.9660559587565906 0
201 15.99270055183253 0.4832484448142303 0
202 16 3.91886975727153e-15 0
203 15.99270055183253 -0.4832484448142225 0
204 15.97080886757308 -0.9660559587565686 0
205 15.93434492187346 -1.447982013274202 0
206 15.88334198556887 -1.928586884085156 0
207 15.81784659532055 -2.40743205239652 0
208 15.7379185111543 -2.884080605022489 0
209 15.64363066193355 -3.358097633037563 0
210 15.53506907881683 -3.829050628600917 0
211 15.41233281676026 -4.296509879590026 0
212 15.27553386413673 -4.760048861683236 0
213 15.12479704055425 -5.219244627533903 0
214 14.96025988296664 -5.673678192680568 0
215 14.78207252018059 -6.122934917841439 0
216 14.59039753587344 -6.566604887244103 0
217 14.38540982024682 -7.004283282645447 0
218 14.16729641045136 -7.435570752700287 0
219 13.93625631992825 -7.860073777342033 0
220 13.69250035682316 -8.277405026842507 0
221 13.43625093163836 -8.687183715223663 0
222 13.16774185429851 -9.089035947698488 0
223 12.88721812081513 -9.482595061824268 0
224 12.59493568974481 -9.86750196205668 0
225 12.29116124864449 -10.24340544739981 0
226 11.97617197073762 -10.60996253185272 0
227 11.65025526201261 -10.96683875736064 0
228 11.31370849898476 -11.31370849898476 0
229 10.96683875736064 -11.65025526201262 0
230 10.60996253185273 -11.97617197073761 0
231 10.24340544739981 -12.29116124864449 0
232 9.867501962056688 -12.5949356897448 0
233 9.482595061824265 -12.88721812081514 0
234 9.089035947698497 -13.1677418542985 0
235 8.687183715223657 -13.43625093163837 0
236 8.277405026842516 -13.69250035682316 0
237 7.86007377734204 -13.93625631992825 0
238 7.435570752700295 -14.16729641045136 0
239 7.004283282645455 -14.38540982024681 0
240 6.566604887244124 -14.59039753587343 0
241 6.122934917841447 -14.78207252018058 0
242 5.673678192680576 -14.96025988296664 0
243 5.219244627533911 -15.12479704055424 0
244 4.760048861683245 -15.27553386413673 0
245 4.296509879590034 -15.41233281676026 0
246 3.829050628600939 -15.53506907881683 0
247 3.358097633037572 -15.64363066193355 0
248 2.884080605022497 -15.7379185111543 0
249 2.407432052396529 -15.81784659532055 0
250 1.928586884085179 -15.88334198556886 0
251 1.44798201327421 -15.93434492187346 0
252 0.9660559587565916 -15.97080886757308 0
253 0.4832484448142313 -15.99270055183253 0
254 0 15.5 0
255 0 15 0
256 0 14.5 0
257 0 14 0
258 0 13.5 0
259 0 13 0
260 0 12.5 0
261 0 12 0
262 0 11.5 0
263 0 11 0
264 0 10.5 0
265 0 10 0
266 0 9.5 0
267 0 9 0
268 0 8.5 0
269 0 8 0
270 0 7.5 0
271 0 7 0
272 0 6.5 0
273 0 6 0
274 0 5.5 0
275 0 5 0
276 0 4.5 0
277 0 4 0
278 0 3.5 0
279 0 3 0
280 0 2.5 0
281 0 2 0
282 0 1.5 0
283 0 1 0
284 0 0.5 0
285 0 0 0
286 0 -0.5 0
287 0 -1 0
288 0 -1.5 0
289 0 -2 0
290 0 -2.5 0
291 0 -3 0
292 0 -3.5 0
293 0 -4 0
294 0 -4.5 0
295 0 -5 0
296 0 -5.5 0
297 0 -6 0
298 0 -6.5 0
299 0 -7 0
300 0 -7.5 0
301 0 -8 0
302 0 -8.5 0
303 0 -9 0
304 0 -9.5 0
305 0 -10 0
306 0 -10.5 0
307 0 -11 0
308 0 -11.5 0
309 0 -12 0
310 0 -12.5 0
311 0 -13 0
312 0 -13.5 0
313 0 -14 0
314 0 -14.5 0
315 0 -15 0
316 0 -15.5 0
317 4.553339518433491 -2.268869022475189 0
318 7.436338442794416 1.348811230390842 0
319 6.246994198771814 -1.654261826389414 0
320 4.994608876908491 0.1703717426858016 0
321 5.463543824934568 -3.249826637359417 0
322 4.892596199586684 3.017524388880778 0
323 4.787350392429157 -3.213856918312774 0
324 4.888342163217965 -0.9151203515503952 0
325 4.882780755943212 3.976089968823327 0
326 6.746405738870497 2.613788011276593 0
327 5.385313541884266 -3.700507254327239 0
328 4.830652874497035 -3.530360031828542 0
329 4.75856185114508 -1.749303488151975 0
330 7.470734603983098 -0.1007737979443886 0
331 5.727297273862165 -2.935985213182053 0
332 5.60018700487359 3.639386374771121 0
333 4.652425479316655 -2.615024479258848 0
334 5.068797611279846 -2.350183569452717 0
335 5.88726889410396 -0.4523540591245715 0
336 4.993431510567879 1.579237826177541 0
337 5.219081500765216 -2.948756859129041 0
338 5.14563689335656 -3.428580028916835 0
339 5.422855780750469 -1.561817329091634 0
340 5.832710315702182 2.731586657857721 0
341 6.931139027779071 -0.9274058894066498 0
342 5.652679968019587 -2.130234690630948 0
343 4.543546665583293 -3.489537435429771 0
344 7.281310202890654 1.928685705560532 0
345 6.106957351323741 -2.431603302612679 0
346 4.843241421089168 -2.8643017847225 0
347 4.401196856618141 -1.925080526503086 0
348 6.375131431967737 1.492941852243654 0
349 6.652662740607399 0.2043650523406895 0
350 5.464772667288882 -2.566138085473659 0
351 4.465211666395824 -3.757359358857442 0
352 5.866952812752898 0.5430498833719212 0
353 7.265973443870529 0.7156688674061594 0
354 4.966493642892858 -3.321218473614805 0
355 5.182359197060888 -3.188668444022938 0
356 5.003215946597186 -3.081306888720908 0
357 5.716448660287886 3.185486516314421 0
358 6.209855157851091 3.312793328928861 0
359 6.093593502436795 3.76669318738556 0
360 5.360738789649717 -2.240209130041832 0
361 5.537767874385028 -1.846026009861291 0
362 5.245826696015158 -1.956000449272175 0
363 6.289558027286339 2.672687334567157 0
364 6.666702869435248 3.253894005638296 0
365 4.887688477764948 3.496807178852052 0
366 4.504390377971607 3.779044984411664 0
367 4.509298099793343 3.299762194440389 0
368 4.289598428309071 -2.115540263251543 0
369 4.249098428309071 -1.712540263251543 0
370 6.828220817429195 1.710813778902093 0
371 6.905734937381077 1.420876541317248 0
372 7.358824322842535 1.638748467975687 0
373 4.42778092557254 -1.624651744075987 0
374 4.823452007181523 -1.332211919851185 0
375 4.492671081608982 -1.207560175775198 0
376 5.655062337427214 -1.007085694108103 0
377 5.834924989761141 -1.608039577740524 0
378 6.067131546437887 -1.053307942756993 0
379 5.684281471267807 1.536089839210598 0
380 6.10392087383496 2.112264255050687 0
381 5.41307091313503 2.155412242017631 0
382 5.424428683409417 -3.475166945843328 0
383 5.534756770942133 -3.61350362716362 0
384 5.573871912467284 -3.388163318679708 0
385 5.362653257644434 2.874555523369249 0
386 4.943013855077282 2.298381107529159 0
387 5.090708815947774 -1.655560408621804 0
388 5.155598971984217 -1.238468840321014 0
389 6.560768585419116 2.053364931760123 0
390 5.246391602230137 3.328455381825949 0
391 5.241483880408401 3.807738171797224 0
392 6.959318092238965 0.4600169598734244 0
393 6.820552437919133 1.104305359824907 0
394 6.513897086287567 0.8486534522921717 0
395 4.534715755283939 2.072618913088771 0
396 4.484298099793342 2.791762194440389 0
397 7.013857970880576 2.271236858418562 0
398 6.791900884193234 -0.3615204185329801 0
399 6.269965817355679 -0.123994503391941 0
400 6.409203960941515 -0.6898799742656107 0
401 5.854698636931082 -3.109092606591027 0
402 5.595420549398367 -3.092905925270735 0
403 5.722821912467284 -3.266013318679708 0
404 4.913679731212463 -2.049743528802346 0
405 4.956019516184507 -2.607242677087608 0
406 5.031161460927192 -2.90652932192577 0
407 5.143939556022531 -2.649470214290879 0
408 5.304590359145564 -3.339203333138126 0
409 5.265475217620413 -3.564543641622037 0
410 6.121042122360318 1.017995867807788 0
411 6.259807776680148 0.3737074678563054 0
412 6.589066613275442 -1.290833857898032 0
413 5.387805528660963 -0.6837372053374833 0
414 5.440938885506226 -0.1409911582193849 0
415 4.941475520063229 -0.3723743044322968 0
416 4.477671081608983 -0.6995601757751975 0
417 4.530804438454245 -0.1568141286570991 0
418 5.879818659671664 -2.280918996621814 0
419 6.176975775047778 -2.042932564501047 0
420 5.949837083395701 -1.892248258510181 0
421 4.747833450202911 -2.739663131990674 0
422 4.860611545298251 -2.482604024355783 0
423 6.694978675661871 -2.34430165130634 0
424 6.764997099385907 -1.955630913194707 0
425 5.341312662849892 -3.099291748244229 0
426 7.073202869435248 2.896394005638296 0
427 7.853169221397208 1.514905615195421 0
428 7.915669221397208 0.990905615195421 0
429 4.811068564856669 -2.309526295963953 0
430 4.655950684789286 -2.009086255313582 0
431 7.351155943332473 1.032240048898501 0
432 7.830486721935264 0.6743344337030798 0
433 7.368354023926814 0.3074475347308854 0
434 7.932867301991549 0.2661131010278057 0
435 5.676593502436795 4.08569318738556 0
436 4.914426437248517 -3.635880015914271 0
437 4.738126437248518 -3.638180015914271 0
438 5.317890377971606 4.254044984411664 0
439 4.893390377971606 4.344044984411664 0
440 4.596890377971606 4.150044984411664 0
441 5.478656770942133 -3.79825362716362 0
442 5.430192161660389 1.061143854774731 0
443 4.504379165989558 -3.623448397143606 0
444 4.555405833197912 -3.751679679428721 0
445 4.594573332791647 -3.617768717714885 0
446 5.266785139284364 -2.458160827463188 0
447 5.558726317654235 -2.348186388052303 0
448 7.325202869435248 2.538894005638296 0
449 5.430780844830695 0.3567108130288614 0
450 4.994020193738185 0.8748047844316714 0
451 7.061698672295249 0.05179562719815042 0
452 7.200936815881084 -0.5140898436755192 0
453 7.415069513889535 -1.134702944703325 0
454 7.107069513889535 -1.592202944703325 0
455 4.505273332791647 -3.384818717714885 0
456 4.665448529006225 -3.351697176871272 0
457 4.627175196214578 -3.246978459156387 0
458 7.888367301991549 -0.2608868989721943 0
459 4.25185 -2.4787 0
460 5.319106770942133 -3.84285362716362 0
461 5.191756770942133 -3.72095362716362 0
462 7.592655101445327 2.196342852780266 0
463 4.51971575528394 1.564118913088771 0
464 4.988144883926798 -3.479470030372688 0
465 4.809001633463096 -3.372108475070658 0
466 5.341927084027049 -2.75744747230135 0
467 4.520304438454246 0.3516858713429007 0
468 5.596034970575523 -2.751061649327856 0
469 5.47318938731369 -2.942371036155547 0
470 4.51971575528394 1.056118913088771 0
471 7.684867301991549 -0.7213868989721943 0
472 7.775655101445327 1.804842852780266 0
473 4.687099770040164 -3.509948733629157 0
474 4.646975196214578 -3.077428459156387 0
475 4.57987935388161 -1.837192007327531 0
476 4.477268187525816 -2.096974774489138 0
477 5.997148636931082 -2.990992606591027 0
478 6.12455 -3.1641 0
479 5.071918446678279 -3.584990014458417 0
480 4.815295906759163 -3.039079351517637 0
481 5.41245 -3.9406 0
482 4.674920710544583 -2.90265089236125 0
483 5.877110853428429 0.04534791212367487 0
484 5.785865009306312 -2.498870694043169 0
485 5.917127312592953 -2.683794257897366 0
486 4.439519759216746 -2.460134511237595 0
487 4.365669759216746 -2.287434511237595 0
488 6.186978675661871 -2.73880165130634 0
489 4.478505833197912 -3.833279679428721 0
490 4.579512739658327 -2.778012239629424 0
491 4.489062739658328 -2.633212239629424 0
492 4.602882498875074 -2.441946750867019 0
493 4.322555833197912 -3.821029679428721 0
494 4.361723332791646 -3.687118717714885 0
495 5.42235 -4.079800000000001 0
496 5.050689595516977 -3.19706460211955 0
497 6.006632440191924 3.421657677542947 0
498 5.381444453349967 -2.014078529725099 0
499 6.388705351524226 3.079791556378105 0
500 4.633792318509966 3.525204785901368 0
501 4.225398952206047 -1.910360175501029 0
502 7.030926692550936 1.590146262731676 0
503 4.581301338121015 -1.38814127990079 0
504 5.852372957875414 -1.222811071535206 0
505 5.733757752745932 1.934588778759638 0
506 5.511019122272945 -3.492277963895552 0
507 5.239579341952248 2.44278295763868 0
508 5.023253265037838 -1.408747056264668 0
509 6.318082495513471 2.279438840459322 0
510 5.125187986801162 3.544333577491741 0
511 6.764589205481887 0.8043252573301675 0
512 4.654009236718187 2.38758740501944 0
513 6.800949124576296 2.011805189693593 0
514 6.49035688749681 -0.3917982987301772 0
515 5.724313699598911 -3.15600395018049 0
516 5.083405081058466 -1.887101462232109 0
517 5.043706844378076 -2.721080737768086 0
518 5.331498086725131 -3.459637973534497 0
519 6.298248995109344 0.7467855959854215 0
520 6.355134040218282 -1.011340591640212 0
521 5.256739978076805 -0.399034222663055 0
522 4.649983680042152 -0.4095828696215311 0
523 5.399488946024132 -0.9764305799221999 0
524 6.002210506038381 -2.072033273211014 0
525 4.854821503895224 -2.609836611144688 0
526 6.545650516698519 -2.114288376334031 0
527 5.276087406352114 -3.209054508468431 0
528 6.911135246290165 3.228929337092198 0
529 8.033779480931472 1.220937076796947 0
530 5.774176649180623 -1.782104615370665 0
531 4.793566326952805 -2.122785360026627 0
532 7.699103962221649 0.8991600325990003 0
533 7.710569349284542 0.4159650231539236 0
534 5.980062334957863 4.02179545825704 0
535 4.824817624832344 -3.672586677276181 0
536 5.411989253605601 4.049158781198149 0
537 5.179926918647737 4.406696656274442 0
538 4.439926918647737 3.960696656274442 0
539 4.364865399862229 3.055174796293592 0
540 5.547171180628088 -3.707669084775747 0
541 5.745171918429504 1.205076520597705 0
542 4.551452777326372 -3.664298931429071 0
543 4.350780721072654 -0.9663734505167985 0
544 5.395416748862772 -2.348852115185774 0
545 7.350135246290165 2.752262670425531 0
546 5.284997733409757 0.7642198174117547 0
547 7.018178790789856 -0.2746048783367829 0
548 7.371046342593023 -1.50880196313555 0
549 4.599299019337483 -3.327831451247515 0
550 8.057244867994365 0.0370754006852038 0
551 4.153866666666667 -2.4986 0
552 5.212137847294755 -3.809035751442413 0
553 7.310571980587049 2.335491238945708 0
554 4.371810503522626 1.898079275392514 0
555 4.921213386760916 -3.390932326352717 0
556 5.250883926444648 -2.621692838018472 0
557 5.709947941644856 -3.352842212453139 0
558 4.369202958969496 0.07312391422860054 0
559 5.470383813972088 -2.816960052594917 0
560 4.678013462492123 0.7608698562877809 0
561 7.891911534661032 -0.6212579326481296 0
562 7.818436734296886 2.02456190185351 0
563 4.361810503522626 1.220412608725847 0
564 7.433624543920722 -0.7900598957836793 0
565 4.720516644169828 -3.411251461857029 0
566 5.441831173387486 3.129499140503206 0
567 7.66254954856169 1.652832311983791 0
568 5.469974199853983 -3.044856236556837 0
569 4.586983464143051 -3.144985639437591 0
570 6.820377742183628 -1.612889238598688 0
571 4.571032742065571 -1.981084345710083 0
572 4.67326651336011 -3.588632489086104 0
573 5.992132424620721 -3.088061737727351 0
574 4.991496589284531 -3.566780020248459 0
575 4.94989110476118 -3.008971854054772 0
576 5.176383478413609 -3.623495761081358 0
577 7.129790262820343 0.2730867072674867 0
578 5.403404513961421 -3.860569084775746 0
579 4.712397271172774 -3.006386234345091 0
580 5.582943527921783 0.08702252231105043 0
581 5.766342430824929 -2.644575533756131 0
582 4.69926025198107 4.337363322941108 0
583 6.135628149154752 0.0983536255293464 0
584 4.352346506144498 -2.408756340825063 0
585 6.033751541728635 -2.80452950526491 0
586 4.418919569254407 -1.724794671551687 0
587 4.534203888798608 -3.80418645295248 0
588 6.204866666666666 -3.190933333333333 0
589 4.494908493105552 -2.73580815975295 0
590 4.37751212501721 -2.166649849659426 0
591 4.667422300135273 -2.806775421327116 0
592 4.75818753634333 -2.411359023728918 0
593 5.74146999554407 -2.375992026239095 0
594 4.510488332583382 -2.511764500578012 0
595 6.552319117107913 -2.578201100870893 0
596 4.396219443993038 -3.710532264762404 0
597 5.4699 -4.238500000000001 0
598 4.39681555519443 -3.551445811809923 0
599 4.378970555465274 -3.850419786285814 0
600 5.365866666666666 -4.048266666666666 0
601 7.025814439544227 1.185807316680218 0
602 1.696 -4.51085 0
603 1.696 -2.7025 0
604 1.696 0.01000000000000005 0
605 1.696 -0.89415 0
606 1.696 0.91415 0
607 1.696 2.7225 0
608 1.696 4.53085 0
609 3.943099999999999 7.5741 0
610 8.2851 6.5398 0
611 11.9919 3.2752 0
612 11.963 -2.2336 0
613 8.390799999999999 -6.7269 0
614 4.334 -7.4665 0
615 4.854465321984095 14.22240769063123 0
616 3.917916460764981 -14.48378782710677 0
617 8.19252145204287 12.54521414699112 0
618 8.099461904932276 -12.542743682602 0
619 1.017749593853595 12.95607505972652 0
620 3.756649303637947 -9.793850760816463 0
621 4.54001692491352 9.99475389187265 0
622 6.118211835458927 -4.303381922117101 0
623 1.054767018984108 -11.93735264669023 0
624 9.149782510855744 8.928920027213968 0
625 13.48938858104816 -6.581991746931652 0
626 7.779799919846681 -8.9374244856964 0
627 10.99647048378657 -10.98493010965057 0
628 10.65347465897895 7.148716670069458 0
629 13.54539187619254 6.684381850307282 0
630 11.98839551897934 -9.067187203921616 0
631 1.05748644852572 -8.776064650860572 0
632 2.950711658277911 14.68441208097964 0
633 8.667705069209608 3.028699412807912 0
634 10.91615595920578 10.9383311862808 0
635 11.2292823204667 -5.97845323553956 0
636 12.24215941016765 8.629404160125825 0
637 8.556919454527819 -2.154150085769461 0
638 8.781476918592057 -4.51936112573886 0
639 14.24196356172501 -4.728883509851566 0
640 14.97299405460959 1.069852266070135 0
641 6.158048706427056 -3.679837756818609 0
642 11.81975228654272 1.261136792418065 0
643 9.003233877616335 0.7565371663586321 0
644 14.99020413025933 -1.114317483090262 0
645 6.666395158688131 -13.59767668469276 0
646 4.277982862857559 4.99376184799234 0
647 1.176442661054281 7.906515537113318 0
648 1.011500253342144 11.03345015777194 0
649 4.865127846095358 -4.082994437343309 0
650 15.10599657730708 -2.833758368753193 0
651 6.615435823000936 13.53982258817904 0
652 15.08368763243221 2.831587035173182 0
653 7.823138433001567 4.264733511762507 0
654 11.11457116776378 -4.501586154818252 0
655 0.9948689484033464 -14.93772519631361 0
656 1.980598055825975 -14.83574684461692 0
657 0.9842570388279253 14.93697552168303 0
658 1.037378301885223 -12.93385746483587 0
659 10.01073313680602 -11.40526442700282 0
660 9.914025681579488 11.41601886067278 0
661 5.059879807083521 -4.918777855198214 0
662 1.060980427698444 10.00597807303805 0
663 12.23106362563803 5.498860152788657 0
664 14.29792420548779 4.873894824366682 0
665 0.7714415328550404 -6.523510250487434 0
666 1.088854405992683 -9.851495686029851 0
667 5.101601766506755 5.460831625703472 0
668 5.70768250676453 -5.340008125194268 0
669 4.048856476997011 -3.065722700955556 0
670 12.97211123270615 7.859515393808642 0
671 12.57980576440412 -8.325423700222993 0
672 3.499784487472293 4.076659917986236 0
673 4.855439996667225 -14.23211692242828 0
674 9.963250035978408 2.649185982906129 0
675 4.979686569240206 -4.293655868802269 0
676 6.872470396576297 4.522350670001854 0
677 6.518660129788171 -9.179466895459345 0
678 2.190293102266558 -8.481140823486037 0
679 5.753809708379828 13.90274852143045 0
680 5.752642776090654 -13.95367162232581 0
681 13.90106701953479 -5.68081552053451 0
682 13.78194813916034 5.723152870632357 0
683 12.74445074995091 -0.0472902270628145 0
684 9.520597794997993 -3.481901100484875 0
685 6.19840330425416 8.47991376123948 0
686 3.516547621580752 -1.567384043842477 0
687 0.8005027656156365 5.976335129120399 0
688 3.297899968387388 5.553232959692289 0
689 7.491255072340905 13.05591656050611 0
690 7.300862949107167 -13.15114448126081 0
691 3.916051591760338 14.47750404441646 0
692 13.05896184040861 -7.439823666961334 0
693 3.406893191806816 2.856456894939689 0
694 13.53323242182013 7.332423288496162 0
695 14.49199687595948 -3.535101636555861 0
696 14.40868087418967 3.54028569324678 0
697 4.025833816493003 13.43668777841161 0
698 7.349277325105327 12.33407312510934 0
699 4.011658137063328 -13.43771452145134 0
700 6.487727585278095 -12.96545359988821 0
701 1.78474237889784 11.06266333115849 0
702 2.075078994448985 -11.83687136791478 0
703 7.739297627906936 -4.187134078246652 0
704 6.294540836435743 9.919136340837269 0
705 10.25249180927388 -10.17123486674931 0
706 7.804771948056378 -9.9477050511014 0
707 11.88077641823712 -7.529333077755743 0
708 12.91331974450164 -5.588503291024308 0
709 9.033279130425832 -1.237460628911396 0
710 3.575123146857719 -2.739653514821682 0
711 5.870220715214182 12.88745251029347 0
712 10.72820190045213 8.427404991827725 0
713 5.193683278382669 -9.496619030114131 0
714 10.55588883268143 5.803348862992388 0
715 2.234785899496598 -9.730762040286876 0
716 9.781527496195626 10.23639283814325 0
717 12.32275065026448 -4.474422584359904 0
718 3.311698506557749 9.447688459440764 0
719 1.968859012293196 14.83239145168752 0
720 1.017659919545075 -13.92720112232847 0
721 1.003092382374549 13.92545919098296 0
722 11.22069928487009 9.631543738169784 0
723 11.45643096954486 -10.00172405226419 0
724 1.006201019503811 12.0036572456702 0
725 14.97795573216224 -0.02636277322425706 0
726 9.667370313684442 3.512479711899305 0
727 4.772254441820645 -4.569963766446373 0
728 1.076451561205914 -10.90854749145636 0
729 11.64507631591514 8.15657388091379 0
730 9.011876470029986 -11.92614391904136 0
731 8.999866235442056 11.97346075033412 0
732 2.954677577518405 -14.68078195773096 0
733 5.944225089880107 -3.967649664847399 0
734 10.76688756567961 -7.422777331870743 0
735 1.085194515603112 8.951791340575722 0
736 8.282639197728216 -2.95034530907924 0
737 1.928929497913025 -7.004897556945251 0
738 9.138820579798329 -8.861969951929787 0
739 14.99836821460169 2.092154698655336 0
740 15.02692279803139 -2.12139988584932 0
741 13.92216348111039 -0.05914866277791447 0
742 10.11325573050503 -4.598786842037382 0
743 6.294666098319323 5.437320293564989 0
744 9.439316363827482 -0.2268708524921847 0
745 12.19493281324096 7.11385781770432 0
746 4.980914364633411 -13.19424091789535 0
747 7.564375879778988 8.620223485417768 0
748 5.117149484198054 -5.901409250869762 0
749 12.780934949271 1.239073521391706 0
750 11.47729263748601 0.2830936180069126 0
751 1.012173570020049 -7.951969333394404 0
752 13.14454642307748 4.68292035841055 0
753 6.195351704076361 7.020578819532494 0
754 4.06828262595095 5.682578805558225 0
755 5.874790644893793 -13.0195749610798 0
756 4.971281892793264 13.21016923038878 0
757 13.93100470365346 1.155057774835826 0
758 10.33315039246643 0.9998134990914846 0
759 14.0405491633927 2.32766355623147 0
760 13.5752717815343 -3.79806359070003 0
761 13.97677338995108 -1.289352185187498 0
762 9.256452406616717 1.814621713942837 0
763 3.439798189933456 -0.7819582305512035 0
764 6.694187626596039 12.52357173022648 0
765 9.395259292591117 -2.011620125792869 0
766 1.403375030907374 6.630774560368014 0
767 13.30509713005748 -4.589407612103568 0
768 12.41396690654447 -6.457015377082647 0
769 3.023301868992958 13.63245402127069 0
770 4.129015600825417 12.40414274339221 0
771 4.083365904441607 -12.35723147399129 0
772 7.95096866863473 11.34716389458701 0
773 6.734769085278868 -10.67263639192443 0
774 4.184440897547972 -4.992197071613345 0
775 2.055781897941636 -12.81319701616805 0
776 2.085324864965264 12.0731399048294 0
777 5.807200690086886 12.20708197121916 0
778 5.240210486769332 -10.86012887370239 0
779 4.540814899589451 -4.236712134639128 0
780 3.165232677210946 11.09857338720531 0
781 7.116324980903922 -3.458313903845537 0
782 2.051666029246885 12.79464882666399 0
783 10.78248294484944 -8.750506391082832 0
784 6.907988029302967 -12.40574545197923 0
785 3.019690628005612 -13.64507021035559 0
786 7.615930498118805 9.934104522221137 0
787 2.141640061779742 -10.83264252737776 0
788 2.011984625588237 13.7981036640696 0
789 3.653674265529468 -3.867303904865533 0
790 2.021200403800638 -13.80881568161751 0
791 6.152088422657773 -12.063932581115 0
792 6.162399124060755 -6.508100607394764 0
793 8.786002111613184 10.81573679324866 0
794 2.308238000879898 10.1015361021664 0
795 8.756309561210193 -10.47558316133946 0
796 6.51298303825171 -4.907462355933964 0
797 11.80499294484627 -8.130426496419222 0
798 5.222479314058381 12.22620618207114 0
799 5.138160328387144 -12.10732190992517 0
800 3.336109783909719 -5.295952974041416 0
801 4.553892975431473 -5.576789482135045 0
802 12.19812091242471 -5.316718521213686 0
803 1.990554851316536 7.88428627139708 0
804 5.131015731602147 11.29725653813565 0
805 9.293891545493072 4.622959042586221 0
806 4.089137225149371 -4.384170372045896 0
807 14.12670666273084 -2.432416983334442 0
808 8.492026587676458 9.950614188417878 0
809 2.929933635334407 -10.82486489509043 0
810 3.036371069580685 -11.58640106170261 0
811 3.093011243162776 12.5640169907252 0
812 3.887257064766269 -3.386328713866026 0
813 4.197311510322564 11.59520441842442 0
814 6.584744712295055 -3.969144057921555 0
815 3.445534530536456 -4.333860669746231 0
816 2.09780233754224 8.73174487475036 0
817 3.05349904153272 -12.60343765070891 0
818 6.411114817879029 11.41159498185301 0
819 7.624415878580074 -11.59090489807659 0
820 4.051091318624476 -11.19398956082234 0
821 10.3151151534561 4.854868829043292 0
822 6.375962202104747 -7.822352776561552 0
823 6.870507481534466 -4.316116993794885 0
824 3.43330822426337 -3.355817289809194 0
825 0.4729999999999999 1.90915 0
826 0.4729999999999999 1.40915 0
827 0.4729999999999999 2.40915 0
828 0.4729999999999999 -1.89915 0
829 0.4729999999999999 -1.39915 0
830 0.4729999999999999 -2.39915 0
831 0.3857207664275197 -6.761755125243717 0
832 0.3857207664275197 -7.261755125243717 0
833 0.3857207664275197 -6.261755125243717 0
834 5.9874897860241 -10.76638263281341 0
835 6.626714607533519 -9.926051643691887 0
836 5.85617170408542 -9.338042962786739 0
837 5.216946882576 -10.17837395190826 0
838 5.92183074505476 -10.05221279780007 0
839 11.39347622915973 5.651104507890523 0
840 10.43550199306876 5.32910884601784 0
841 10.65350757672805 4.440034414521646 0
842 11.61148181281902 4.762030076394328 0
843 11.02349190294389 5.045569461206084 0
844 3.390822157223087 -4.814906821893823 0
845 2.945767265268228 -3.970280334873115 0
846 2.89105489195486 -5.355476487020709 0
847 2.918411078611544 -4.662878410946913 0
848 3.741446595903408 2.711228447469844 0
849 2.926446595903408 2.337378447469844 0
850 3.246 1.68365 0
851 3.493723297951704 2.197439223734922 0
852 3.246 0.2715000000000004 0
853 3.246 0.9775750000000002 0
854 3.058156556077867 13.09823550599795 0
855 3.611013421994096 12.48407986705871 0
856 4.07742470865921 12.92041526090191 0
857 3.524567842742981 13.53457089984115 0
858 3.567790632368539 13.00932538344993 0
859 9.086138459296027 -5.24813056286943 0
860 8.260387273249496 -4.353247601992756 0
861 7.565048813953467 -5.082017039123325 0
862 8.325593636624747 -5.165073800996377 0
863 2.942899094966728 -0.3859791152756012 0
864 3.753399094966728 -0.6329791152756017 0
865 3.499699547483364 -0.1807395576378006 0
866 11.82162461350558 -6.217734306311104 0
867 10.99808494307315 -6.700615283705152 0
868 11.32383199195836 -7.476055204813243 0
869 12.14737166239079 -6.993174227419195 0
870 11.57272830273197 -6.846894755562174 0
871 13.66367000767644 6.20376736046982 0
872 12.87016234471675 6.899119834005801 0
873 12.2129982194395 6.306358985246488 0
874 13.00650588239918 5.611006511710507 0
875 12.93833411355797 6.255063172858154 0
876 2.031825327417561 13.29637624536679 0
877 2.57233863620483 12.6793329086946 0
878 2.517643247290597 13.71527884267015 0
879 2.544990941747714 13.19730587568237 0
880 9.886233378146956 0.3864713232996499 0
881 10.20115818191374 -0.8552354262460924 0
882 11.22014631874301 -0.6002531909965437 0
883 10.90522151497622 0.6414535585491986 0
884 10.55318984844498 -0.1068909338484469 0
885 7.554119216500784 5.027266755881254 0
886 8.558514989247321 4.443846277174364 0
887 9.289495772746536 5.20637952129311 0
888 8.421807494623661 5.116823138587183 0
889 9.938992205653939 8.678162509520847 0
890 10.97445059266111 9.029474364998753 0
891 10.50111339053286 9.933968288156517 0
892 9.465655003525686 9.582656432678609 0
893 10.2200527980934 9.306065398838681 0
894 1.350185515384033 -6.764203903716343 0
895 2.187464748956513 -6.209948778472626 0
896 0.8587207664275205 -5.969255125243717 0
897 1.523092757692018 -6.089601951858171 0
898 3.129121960186861 11.83129518896525 0
899 3.681272093766755 11.34688890281486 0
900 4.16316355557399 11.99967358090832 0
901 3.646142757880425 11.91548438493678 0
902 4.755363923047679 -3.914497218671654 0
903 5.059013923047679 -4.034097218671655 0
904 4.940456961523839 -3.888898609335827 0
905 1.924687515453687 6.032887280184006 0
906 1.101938898261505 6.303554844744207 0
907 0.8732513828078181 5.7056675645602 0
908 1.398969449130751 5.869277422372104 0
909 3.806773810790376 -1.533692021921238 0
910 3.737223810790376 -2.052892021921239 0
911 3.937361905395188 -1.977946010960619 0
912 2.981273810790376 -1.682842021921238 0
913 3.01056157342886 -2.268976757410841 0
914 3.76651157342886 -2.639026757410841 0
915 3.373892692109618 -2.16093438966604 0
916 9.794801399541573 1.407217606517161 0
917 10.66252519623322 1.762506749545742 0
918 10.4775750179892 2.587192991453065 0
919 9.609851221297561 2.231903848424483 0
920 10.13618820876539 1.997205298985113 0
921 3.87348354468296 -15.0094284529618 0
922 3.436297019141693 -14.58228489241887 0
923 2.919379091270451 -15.20935023444263 0
924 3.397197326089632 -15.11295777717621 0
925 5.022350883253377 6.142465812851736 0
926 5.698133932413039 5.44907595963423 0
927 6.245008901197842 6.228949556548741 0
928 5.56922585203818 6.922339409766247 0
929 5.63367989222561 6.185707684700239 0
930 8.962078737913163 2.421660563375374 0
931 8.285852534604803 2.746349706403956 0
932 8.763226203308358 1.747810856971419 0
933 8.524539368956582 2.247080281687687 0
934 2.987006763635435 14.15843305112517 0
935 2.459785335285554 14.75840176633358 0
936 1.990421818940717 14.31524755787856 0
937 2.488714291288075 14.23684030450186 0
938 3.545324651818973 -9.005175380408231 0
939 2.762146551133279 -8.348820411743018 0
940 2.212539500881578 -9.105951431886457 0
941 2.995717601567272 -9.762306400551671 0
942 2.878932076350276 -9.055563406147344 0
943 8.245421751105589 3.646716462285209 0
944 9.167537691447025 3.270589562353608 0
945 9.480630929588758 4.067719377242763 0
946 8.863026340347172 3.857217919763987 0
947 7.58529995992334 -8.207162242848201 0
948 8.459310249822504 -8.899697218813094 0
949 9.264810289899163 -8.169434975964894 0
950 8.425055124911252 -8.188298609406548 0
951 13.94946843553073 -0.6742504239827063 0
952 13.33330711553065 -0.05321944492036448 0
953 12.85372537497545 -0.7654451135314073 0
954 13.46988669497554 -1.386476092593749 0
955 13.40159690525309 -0.7198477687570569 0
956 9.815310174831424 3.080832847402717 0
957 9.388694456372294 2.751246705389045 0
958 9.151037356795024 -4.000631113111868 0
959 8.901618496363104 -3.216123204782057 0
960 8.010968412817576 -3.568739693662946 0
961 8.581002884806299 -3.784685403387406 0
962 4.74155846245676 9.159426945936325 0
963 3.925857715735635 9.721221175656707 0
964 3.127399253278875 8.885894229720382 0
965 3.934478857867818 9.022660587828353 0
966 10.0788437828398 -7.449838665935371 0
967 9.960651762323886 -8.80623817150631 0
968 10.77468525526453 -8.086641861476787 0
969 10.01974777258184 -8.128038418720843 0
970 4.475166291010308 -9.645234895465297 0
971 5.263841639191335 -8.856559515057066 0
972 4.404583145505153 -8.930867447732648 0
973 9.217441255427872 8.109360013606983 0
974 9.969287329489473 7.219258335034729 0
975 10.69083827971554 7.788060830948591 0
976 9.954139767571707 7.948710422277789 0
977 6.883381101052373 -7.649626388280776 0
978 6.447311165946458 -8.500909836010448 0
979 7.149230024817426 -9.058445690577873 0
980 7.0163055629349 -8.354036039429324 0
981 5.854981101052373 -8.019426388280776 0
982 5.855576402568897 -8.678734675533757 0
983 9.752027865252513 -5.287843421018691 0
984 9.81692676275151 -4.040343971261128 0
985 9.451532611023769 -4.644237267065279 0
986 11.03878558388189 -3.742593077409126 0
987 11.71866090901413 -4.488004369589078 0
988 12.64287532513224 -3.729011292179952 0
989 11.84083045450706 -3.735802184794539 0
990 8.357079195317365 8.774571756315867 0
991 7.424737939889494 7.955011742708884 0
992 8.321089597658682 8.032185878157932 0
993 5.176747522830264 11.7617313601034 0
994 4.675747457441899 12.31517446273168 0
995 4.664163620962356 11.44623047828003 0
996 4.669955539202127 11.88070247050585 0
997 8.947565070504261 -9.668776556634622 0
998 7.792285933951529 -9.442564768398901 0
999 8.280540754633286 -10.21164410622043 0
1000 8.369925502227895 -9.555670662516762 0
1001 2.18821298063817 -10.28170228383232 0
1002 2.535786848557075 -10.82875371123409 0
1003 3.343291469486177 -10.30935782795345 0
1004 2.765752225062173 -10.29553005589288 0
1005 3.811989811927365 -2.902688107888619 0
1006 4.187278238498505 -2.858561350477778 0
1007 3.976894905963682 -2.74879405394431 0
1008 10.241798897499 -3.232750550242437 0
1009 10.6139134491344 -4.550186498427816 0
1010 10.4278561733167 -3.891468524335126 0
1011 1.623889775396139 -8.628602737173305 0
1012 1.073170427259202 -9.313780168445211 0
1013 1.661820152744641 -9.791128863158365 0
1014 1.64285496407039 -9.209865800165835 0
1015 7.18104174325688 11.37937943822001 0
1016 6.352827827157387 10.66536566134514 0
1017 6.955235667277274 9.926620431529203 0
1018 7.783449583376767 10.64063420840407 0
1019 7.068138705267077 10.65299993487461 0
1020 3.852624801062233 10.54666363953898 0
1021 2.736735339045422 10.60005474468585 0
1022 2.809968253718824 9.774612280803582 0
1023 3.331296527390528 10.16063796017128 0
1024 3.51567438253447 -13.54139236590347 0
1025 2.987184102762009 -14.16292608404328 0
1026 3.964787298914155 -13.96075117427906 0
1027 3.475985700838081 -14.06183862916117 0
1028 12.11087169371846 0.117901695472049 0
1029 12.03693584685923 -0.6828491522639756 0
1030 11.40582614327136 1.893168396209033 0
1031 12.30034361790687 1.250105156904886 0
1032 12.8864174746355 1.882136760695853 0
1033 12.14612180895343 1.887652578452443 0
1034 4.645650902696904 -11.02705921726236 0
1035 3.903870311131211 -10.4939201608194 0
1036 4.560408596853605 -10.33614705636383 0
1037 3.120499984193694 6.188666479846145 0
1038 2.173237515453687 6.727437280184007 0
1039 2.871949984193694 5.494116479846144 0
1040 2.52259374982369 6.110776880015075 0
1041 10.31004116023335 -5.97767661776978 0
1042 11.17192674411524 -5.240019695178907 0
1043 10.46197730468388 -5.263931558098799 0
1044 11.18663910818363 8.291989436370757 0
1045 11.94361786304139 8.392989020519808 0
1046 11.73142934751887 9.130473949147804 0
1047 11.45903422785125 8.711231692759281 0
1048 7.782819598864108 -2.60367265453962 0
1049 7.199662490451962 -2.857656951922769 0
1050 7.427811304405429 -3.822723991046094 0
1051 7.605315451634769 -3.213198322792857 0
1052 5.921124353213528 -3.603168878409305 0
1053 6.261774353213529 -3.462218878409305 0
1054 6.047462176606764 -3.433284439204653 0
1055 11.71370161644571 -5.647585878376623 0
1056 12.2604357813446 -4.895570552786795 0
1057 11.71618126272992 -5.067795123982851 0
1058 5.57075165212708 8.402006880619739 0
1059 6.246472070344952 9.199525051038375 0
1060 5.417278880674632 9.95694511635496 0
1061 5.494015266400856 9.17947599848735 0
1062 7.590153188948896 9.277164003819452 0
1063 8.8209045492661 9.439767107815923 0
1064 8.053978542897632 9.942359355319509 0
1065 8.205528869107498 9.358465555817688 0
1066 1.948722948189184 15.35786671862819 0
1067 2.917396131650201 15.21116529606697 0
1068 2.433608693841045 15.28812418082706 0
1069 11.64852246201437 0.772115205212489 0
1070 11.15552382912379 1.267310977379116 0
1071 3.568432472987163 -12.4803345623501 0
1072 4.067228611533041 -11.77561051740681 0
1073 3.54373119410258 -11.39019531126247 0
1074 3.044935055556703 -12.09491935620576 0
1075 3.556081833544872 -11.93526493680629 0
1076 13.35596982646223 1.197065648113766 0
1077 12.76269284961096 0.5958916471644459 0
1078 13.92658409238192 0.5479545560289554 0
1079 13.34463847099644 0.5719231015967007 0
1080 4.835516328257834 10.64600521500415 0
1081 4.258394211012295 10.9964470589095 0
1082 5.771065274740588 11.35442575999433 0
1083 5.59417207770761 10.65568543817464 0
1084 6.881389592016573 8.550068623328624 0
1085 6.918312629646924 9.238344527428913 0
1086 13.98577693352308 1.741360665533648 0
1087 13.51622458169635 2.426431778115735 0
1088 13.43609720407929 1.81174871311475 0
1089 10.17912964629556 -1.747610062896435 0
1090 9.457928543794555 -2.746760613138872 0
1091 10.21046427189728 -2.490180306569436 0
1092 7.700162427019722 -12.84694408193141 0
1093 7.861938891756175 -12.0668242903393 0
1094 7.26620195394152 -11.99832517502791 0
1095 7.104425489205067 -12.77844496662002 0
1096 7.483182190480621 -12.42263462847966 0
1097 1.48773350211466 -14.88673602046527 0
1098 0.9804624535799693 -15.45426703194334 0
1099 1.954592469955577 -15.35954441509289 0
1100 1.467857757694436 -15.41054047116936 0
1101 2.554640469737178 -12.70831733343848 0
1102 2.555725032014835 -11.7116362148087 0
1103 2.065430446195311 -12.32503419204141 0
1104 2.555182750876007 -12.20997677412359 0
1105 1.082652983599299 -10.3800215887431 0
1106 1.609045811492828 -10.87059500941706 0
1107 1.635432982118735 -10.33086193628771 0
1108 10.32963515684222 3.768839855949653 0
1109 10.40360508741571 3.178016423701359 0
1110 2.631464748956513 -6.860698778472626 0
1111 2.059611300089792 -7.743019190215644 0
1112 2.696805650044896 -7.604759595107822 0
1113 0.9751564987922468 15.45389219462806 0
1114 1.476558025560561 14.88468348668527 0
1115 1.462270019417382 15.40951420427937 0
1116 3.916787132764734 -3.876001952432766 0
1117 3.549604398032962 -4.100582287305882 0
1118 3.767335877842914 -4.359015520896063 0
1119 4.134518612574686 -4.134435186022948 0
1120 3.842061505303824 -4.117508736664416 0
1121 12.55572032846318 -5.452610906118997 0
1122 13.10920843727956 -5.088955451563939 0
1123 12.81392389016098 -4.531915098231736 0
1124 12.68482210931208 -4.992263002175367 0
1125 10.19444247153658 -6.713757641852576 0
1126 13.54485333136542 -2.708008491667221 0
1127 14.05174002634096 -1.86088458426097 0
1128 13.50737001317048 -2.047242292130485 0
1129 2.520445515903125 -13.72694294598655 0
1130 3.036594834769166 -13.12425393053225 0
1131 2.038491150871137 -13.31100634889278 0
1132 2.537542992820152 -13.21763013971252 0
1133 11.92000456457805 7.635215849309055 0
1134 11.42420373610996 7.131287243886889 0
1135 11.30542142214679 7.711638340128824 0
1136 13.70029043709483 3.78274284662339 0
1137 14.22461501879118 2.933974624739125 0
1138 13.60825750939559 3.104587312369562 0
1139 5.758112544940054 -3.931824832423699 0
1140 6.051136898153581 -3.823743710833004 0
1141 5.839618449076791 -3.767496855416502 0
1142 9.920494416340713 5.796574431496194 0
1143 10.60468174583019 6.476032766530923 0
1144 9.944890872915092 6.507916383265461 0
1145 6.552651222237534 11.96758335603974 0
1146 7.650122996870029 11.84061850984817 0
1147 7.021732475850683 12.4288224276679 0
1148 7.101387109553782 11.90410093294396 0
1149 0.4974344742016736 -14.96886259815681 0
1150 0.4903414595079516 -15.48078157499467 0
1151 0.4921285194139626 14.96848776084152 0
1152 0.4876884821140939 15.48059415633703 0
1153 3.683091297169168 5.617905882625257 0
1154 3.39884222792984 4.814946438839263 0
1155 3.888883675164927 4.535210882989288 0
1156 4.173132744404255 5.338170326775282 0
1157 3.785987486167047 5.076558382807272 0
1158 6.19687750416526 7.750246290385987 0
1159 5.56998875208263 7.662173145192993 0
1160 7.269770516667624 -10.31017072151291 0
1161 7.209500270742525 -9.684308206045392 0
1162 6.850534846599489 -3.713728980883546 0
1163 6.727626096914761 -4.14263052585822 0
1164 7.304902554720702 -4.251625536020768 0
1165 7.077718700660095 -3.982677258452157 0
1166 0.9936747106012369 14.431217356333 0
1167 0.5015461911872752 13.96272959549148 0
1168 0.4968373553006185 14.4656086781665 0
1169 0.5088299597725374 -13.96360056116424 0
1170 1.006264433974211 -14.43246315932104 0
1171 0.5031322169871055 -14.46623157966052 0
1172 4.047512020752468 -12.89747299772132 0
1173 3.542053427760817 -13.01086346412678 0
1174 1.507538503981393 13.86178142752628 0
1175 1.492048264770976 14.37323245710578 0
1176 3.33505489195486 -6.006226487020708 0
1177 2.761259820455686 -6.108087632746667 0
1178 12.02568332964483 -9.934613007160438 0
1179 11.22645072666571 -10.49332708095738 0
1180 11.48632122726209 -10.79744632075165 0
1181 11.7588059876551 -10.3683662641786 0
1182 1.545762942234537 12.0383985752498 0
1183 1.008850636422977 11.51855370172107 0
1184 1.398121316119992 11.04805674446521 0
1185 1.935033621931552 11.56790161799394 0
1186 1.471942129177265 11.54322765985751 0
1187 0.508874796926797 12.97803752986326 0
1188 1.010420988114072 13.44076712535474 0
1189 0.5052104940570361 13.47038356267737 0
1190 1.011975306678703 12.47986615269836 0
1191 0.5031005097519055 12.0018286228351 0
1192 0.5059876533393517 12.48993307634918 0
1193 2.000899229813307 -14.32228126311722 0
1194 1.519430161672856 -13.86800840197299 0
1195 1.50358183189376 -14.37737221121913 0
1196 3.478172905757104 -1.17467113719684 0
1197 2.962086452878552 -1.03441056859842 0
1198 3.780086452878552 -1.08333556859842 0
1199 1.027519110715149 -13.43052929358217 0
1200 0.5186891509426115 -12.96692873241794 0
1201 0.5137595553575744 -13.46526464679109 0
1202 2.46763781667219 -14.75826440117394 0
1203 2.43753493453436 -15.28805549824724 0
1204 12.20560765581266 0.6840034261884674 0
1205 9.804503349474585 4.738913935814757 0
1206 9.862498882907648 5.267744183655475 0
1207 5.189185407578238 -11.48372539181378 0
1208 5.645124375522458 -12.08562724552009 0
1209 6.443428753968321 -11.36828448651972 0
1210 5.816307080773279 -11.42600493916675 0
1211 8.555669187481131 -12.23444380082168 0
1212 8.884093015620088 -11.20086354019041 0
1213 8.190362719895134 -11.03324402970803 0
1214 8.373015953688132 -11.63384391526485 0
1215 9.939117549431353 -12.00010005837381 0
1216 9.511304803418003 -11.66570417302209 0
1217 9.05045620886424 -12.54694288666993 0
1218 9.496949932621133 -12.27646114691861 0
1219 8.892934173527621 11.39459877179139 0
1220 9.283764803904406 10.52606481569596 0
1221 9.847776588887559 10.82620584940802 0
1222 9.456945958510772 11.69473980550345 0
1223 9.370355381207588 11.1104023105997 0
1224 4.257928238498505 -3.172911350477778 0
1225 4.337039119249253 -2.98455567523889 0
1226 0.7016875154536866 6.815387280184007 0
1227 0.4002513828078182 5.9881675645602 0
1228 0.5509694491307524 6.401777422372104 0
1229 0.5273835094920543 -11.96867632334512 0
1230 1.065609290095011 -11.4229500690733 0
1231 0.5382257806029571 -10.95427374572818 0
1232 0.5328046450475057 -11.46147503453665 0
1233 6.740225852038181 7.155189409766247 0
1234 6.789883049159662 5.613560146782494 0
1235 6.765054450598921 6.38437477827437 0
1236 1.53470781155024 12.87536194319525 0
1237 1.521123157765817 13.36857168536076 0
1238 11.4461639649717 10.77414685906676 0
1239 11.06842762203794 10.28493746222529 0
1240 11.90781748730745 9.749522850113236 0
1241 11.67979443534121 10.26417145481255 0
1242 2.494041666287658 -14.24260367358025 0
1243 1.54658009991343 -12.87352724050196 0
1244 1.533005130793144 -13.37076782123747 0
1245 1.684609214289171 10.05375708760223 0
1246 2.046490189888869 10.58209971666244 0
1247 1.036240340520294 10.519714115405 0
1248 1.541365265204583 10.55090691603372 0
1249 8.87265818191374 -0.3239354262460925 0
1250 9.221275120721907 0.2648331569332236 0
1251 8.699116938808167 0.6947685831793161 0
1252 8.785887560360955 0.1854165784666119 0
1253 1.564923006716546 -11.88711200730251 0
1254 1.046072660434666 -12.43560505576305 0
1255 1.555751553314988 -12.38031962390223 0
1256 0.5230363302173338 -12.46780252788153 0
1257 6.776599562030377 -6.242500303697382 0
1258 6.26918066308275 -7.165226691978158 0
1259 6.829990331541375 -6.946063345989079 0
1260 5.748199562030377 -6.612300303697381 0
1261 5.801590331541375 -7.315863345989078 0
1262 4.922407207667782 -4.188325153072789 0
1263 5.126193284620103 -4.278627934401134 0
1264 5.092603603833892 -4.156362576536395 0
1265 3.970942704126671 13.95709591141403 0
1266 3.433381625019125 14.58095806269805 0
1267 3.478974733881053 14.0577644812696 0
1268 3.872551110180628 15.00628656161665 0
1269 3.395739629028344 15.1122943623158 0
1270 0.5057501266710718 11.01672507888597 0
1271 0.5044253182114886 11.50927685086053 0
1272 11.38543923191439 -8.908846797502223 0
1273 10.51748737706166 -9.460870628916068 0
1274 10.85446138940937 -10.08647945950675 0
1275 11.7224132442621 -9.534455628092905 0
1276 11.11995031066188 -9.497663128504486 0
1277 2.972892243736147 3.851679958993118 0
1278 2.92242111396492 4.672898219419631 0
1279 8.419779326128017 -2.55224769742435 0
1280 8.227959727263908 -1.748075042884731 0
1281 8.005389663064008 -2.175873848712175 0
1282 2.068495447106075 12.4338943657467 0
1283 1.54023537689239 12.45688025922253 0
1284 15.47190146109133 1.017954112413363 0
1285 14.97547489338591 0.5217447464229388 0
1286 15.48897786608112 -0.01318138661212657 0
1287 15.48408772260922 0.5024965956185845 0
1288 0.4729999999999999 5.217499999999999 0
1289 0.4366256914039086 5.602833782280101 0
1290 10.50360181029629 -11.19509726832669 0
1291 10.80321650781965 -11.48055104019409 0
1292 10.37350362884805 -11.74312925848559 0
1293 4.807744429175234 -14.75382539328251 0
1294 4.386678228716103 -14.35795237476753 0
1295 4.341594054153068 -14.88514259576389 0
1296 9.236297747126656 -0.7321657407017903 0
1297 9.214269211508475 -1.624540377352133 0
1298 9.707713696711107 -1.239887901799112 0
1299 10.76305924552925 11.45725157850921 0
1300 9.890763821818085 12.0054772752088 0
1301 10.41509082039263 11.17717502347679 0
1302 10.32924813389622 11.73416813606064 0
1303 9.044451091570274 12.57060130231631 0
1304 8.234963239442688 13.11885725190714 0
1305 8.596193843742462 12.25933744866262 0
1306 8.641688779483063 12.84779419015049 0
1307 0.5444272029963422 -9.925747843014927 0
1308 0.5413264917996496 -10.44001079437155 0
1309 6.810807722027377 7.852629016547434 0
1310 2.203020169211069 9.416640488458381 0
1311 1.073087471650778 9.478884706806889 0
1312 1.591498426572675 8.841768107663041 0
1313 1.638053820430923 9.447762597632634 0
1314 5.002800883253378 5.086415812851736 0
1315 6.023833049159662 4.984660146782494 0
1316 5.51331696620652 5.035537979817115 0
1317 0.5304902138492213 10.00298903651903 0
1318 0.5425972578015559 8.97589567028786 0
1319 0.5365437358253882 9.489442353403442 0
1320 11.22923750588708 -11.22635241235308 0
1321 9.469770510167521 12.2909789631593 0
1322 11.20915887474188 11.21470268151063 0
1323 0.5060867850100248 -7.975984666697202 0
1324 0.5287432242628594 -8.888032325430286 0
1325 1.034830009272884 -8.364016992127487 0
1326 0.5174150046364421 -8.432008496063743 0
1327 2.108359528114363 -11.33475694764627 0
1328 1.586984409104687 -11.37885350835978 0
1329 12.70495063223307 8.859220053912159 0
1330 12.30932373416701 9.306534505486034 0
1331 8.071745060338801 11.94618902078906 0
1332 7.841888262191889 12.80056535374861 0
1333 7.420266198723117 12.69499484280772 0
1334 7.746005629530959 12.32059193179839 0
1335 4.918177180650318 -13.71317892016181 0
1336 4.496286250848369 -13.31597771967335 0
1337 4.441482239782236 -13.83696504722043 0
1338 12.57806868663892 -9.078111575810052 0
1339 12.30481568253862 -9.508525344958587 0
1340 4.912873607388679 13.71628846051 0
1341 4.385258456872217 14.34995586752384 0
1342 4.498557854643134 13.32342850440019 0
1343 4.441908155757675 13.83669218596202 0
1344 10.0670692531584 4.253876895882205 0
1345 9.129843142116524 1.285579440150735 0
1346 8.731171571058262 1.221289720075367 0
1347 3.54349124489642 -3.611560597337364 0
1348 2.939654112131685 -3.481258644904597 0
1349 3.244629255082324 -3.79092046610524 0
1350 2.983152352457546 -11.20563297839652 0
1351 2.545755940285955 -11.2701949630214 0
1352 10.13161247303995 -10.78824964687606 0
1353 10.67903159985283 -10.64078836391672 0
1354 9.50440068524204 -10.32340901404438 0
1355 9.507852744330021 -10.99455659353323 0
1356 10.45810210546275 10.55557165581665 0
1357 7.053345447670921 13.29786957434257 0
1358 6.654811724798487 13.03169715920276 0
1359 7.037538961760802 12.86334600100524 0
1360 2.625278771088105 11.58585664601735 0
1361 2.335884480488487 11.0839781813399 0
1362 6.69785780729053 -12.68559952593372 0
1363 6.577061371983113 -13.28156514229048 0
1364 6.98362905389765 -13.37441058297679 0
1365 6.84074343059409 -13.03000505445525 0
1366 4.807257091833666 14.74897077738398 0
1367 4.340884168231121 14.88114434214205 0
1368 14.98407993121078 -0.5703401281572594 0
1369 15.4805064989162 -1.040186720923415 0
1370 15.48839024152166 -0.5267942864857409 0
1371 5.713160484385615 -14.45696575264622 0
1372 5.304041386378939 -14.09289427237704 0
1373 5.261643006956425 -14.60884565646564 0
1374 0.5882213305271407 7.953257768556659 0
1375 1.130818588328697 8.429153438844521 0
1376 0.5654092941643478 8.46457671942226 0
1377 1.289908845980827 7.268645048740666 0
1378 0.6449544229904136 7.384322524370333 0
1379 7.463412912520597 13.61160648547874 0
1380 7.850981019766961 13.36841083683843 0
1381 12.1923993546252 -8.227925098321107 0
1382 12.81938380240637 -7.882623683592163 0
1383 12.46986912932286 -7.484578372358539 0
1384 11.84288468154169 -7.829879787087483 0
1385 12.33113424197403 -7.856251735339823 0
1386 8.976089373559468 -2.082885105781165 0
1387 8.938853934961287 -2.649504155281611 0
1388 3.943946487715736 -6.146644741067522 0
1389 4.369166936489722 -5.284493276874195 0
1390 3.760275340728846 -5.14407502282738 0
1391 3.852110914222291 -5.645359881947451 0
1392 8.188433465887396 -13.11762201971258 0
1393 7.368216850903731 -13.65922044585609 0
1394 7.780118102180881 -13.39160020092983 0
1395 15.45513239180013 -2.024993384967238 0
1396 15.00856346414536 -1.617858684469791 0
1397 15.47145419300941 -1.532920348871996 0
1398 8.621426451352395 -12.83534736623002 0
1399 6.59102035512252 14.06511006202624 0
1400 7.028814365158184 13.84163969729469 0
1401 0.518120170260147 10.5098570577025 0
1402 4.314976062369411 -4.310441253342512 0
1403 4.136789061348672 -4.688183721829621 0
1404 4.478347669684309 -4.781080419029859 0
1405 4.656534670705048 -4.403337950542751 0
1406 4.39666186602686 -4.545760836186186 0
1407 1.583498756185409 7.895400904255199 0
1408 2.044178594429388 8.308015573073719 0
1409 1.587498591379042 8.36858450595912 0
1410 6.616500022966127 -14.0940371102831 0
1411 6.993956168271552 -13.8799102016118 0
1412 3.443511331794379 -10.84977656960796 0
1413 3.504215685560545 -3.047735402315438 0
1414 3.66028264451482 -3.37107300183761 0
1415 3.96805677088164 -3.226025707410791 0
1416 3.736136228221092 -3.136880554863115 0
1417 5.427852504763602 -13.10690793948758 0
1418 5.813716710492224 -13.48662329170281 0
1419 5.36594694557127 -13.59990110593231 0
1420 14.30935176934516 -2.983759309945152 0
1421 13.26913589076715 -3.390831795350015 0
1422 14.03363432874689 -3.666582613627945 0
1423 13.78924383005616 -3.187295552647583 0
1424 5.812015211797005 13.39510051586196 0
1425 5.304137515181961 14.06257810603084 0
1426 5.420751304003724 13.04881087034112 0
1427 5.362444409592842 13.55569448818598 0
1428 6.181259115085944 -12.992514280484 0
1429 6.209518967389393 -13.77567415350929 0
1430 6.195389041237668 -13.38409421699665 0
1431 6.184622765690381 13.72128555480474 0
1432 6.282204170905111 12.70551212025997 0
1433 6.233413468297746 13.21339883753236 0
1434 6.53003822598037 -12.23483901654711 0
1435 6.013439533775784 -12.5417537710974 0
1436 6.355648670533157 -12.61367664851556 0
1437 6.166226942615419 -14.27887333684493 0
1438 8.639014349644821 10.38317549083327 0
1439 9.052334676585254 9.982915961755937 0
1440 6.729735198288148 4.208175335000927 0
1441 6.58356824744781 4.979835481783422 0
1442 6.376784123723905 4.59641774089171 0
1443 13.27417521072839 -7.010907706946493 0
1444 12.95167774379632 -6.51950356200715 0
1445 12.71077343655959 -7.002040967182844 0
1446 7.179592481929471 -11.13177064500051 0
1447 7.730066618281379 -10.67170737561047 0
1448 12.58352202297356 7.48668660575648 0
1449 13.53931214900634 7.008402569401722 0
1450 13.25267182726314 7.595969341152402 0
1451 13.06141708598995 7.247544587579101 0
1452 5.838710702650534 12.54726724075631 0
1453 6.109157753982958 11.80933847653608 0
1454 6.195680962444034 12.25742529839802 0
1455 0.5365852136296008 -9.406890084222605 0
1456 5.713743950530199 14.43150420219854 0
1457 6.153778841765911 14.25167903749266 0
1458 15.41080307179325 2.857833820097839 0
1459 15.04102792351695 2.461870866914259 0
1460 15.44085510008528 2.010370791370257 0
1461 15.42943725941875 2.434651459655393 0
1462 5.261691071357933 14.59368757329254 0
1463 13.61312912542999 -7.437697209830811 0
1464 13.13615306061364 -8.30141436353275 0
1465 13.37782006116731 -7.871348730467098 0
1466 4.806886391257497 -5.24778366866663 0
1467 4.835521229814764 -5.739099366502403 0
1468 5.412415995481292 -5.620708688032015 0
1469 5.383781156924026 -5.129392990196241 0
1470 5.109651193369395 -5.434246178349323 0
1471 2.466827425658268 7.35419313569854 0
1472 1.878368135819548 7.311419092219603 0
1473 4.875970505530425 -4.431809817624321 0
1474 4.916067124452083 -4.744370810822293 0
1475 5.16628990354176 -4.591188927599108 0
1476 5.021130204536093 -4.511499372611715 0
1477 12.68780502435776 5.090890255599604 0
1478 13.72123531428264 4.778407591388616 0
1479 14.03993617232407 5.298523847499519 0
1480 13.36387059834091 5.194707051549561 0
1481 12.6071353214369 8.244459776967233 0
1482 13.33230579476465 8.068460210325577 0
1483 13.02169312653763 8.465821746095443 0
1484 14.0398930584608 -6.574298317087877 0
1485 13.8297925154876 -7.00759549479597 0
1486 13.85026441613575 7.383997020598228 0
1487 13.59446407359569 7.728021559247221 0
1488 12.28410064169173 -8.696305452072304 0
1489 12.86017578666505 -8.691744583647983 0
1490 14.45005960663631 -0.04275571800108576 0
1491 14.45199937913152 1.11245502045298 0
1492 14.45102949288392 0.534849651225947 0
1493 13.69522780029148 -6.131403633733081 0
1494 13.40719338201821 -5.634659405779409 0
1495 12.66364332552305 -6.022759334053477 0
1496 13.17943556290727 -6.077081483893279 0
1497 11.29373794484786 -8.440466443751026 0
1498 11.78891929326979 -8.568385947911665 0
1499 14.06789470603299 6.625493368775697 0
1500 13.96236098462658 7.006342926023582 0
1501 14.98568113460564 1.581003482362735 0
1502 15.46001302823955 1.514492747818472 0
1503 4.610763116414375 -12.23227669195823 0
1504 4.62820700955564 -11.6296679546103 0
1505 8.368485390123958 11.08145034391783 0
1506 8.48233961693321 11.67039389629023 0
1507 5.059537346510278 -12.65078141391026 0
1508 4.553524683631372 -12.77412720581579 0
1509 13.44018445579589 -4.1937356014018 0
1510 13.77353034589124 -4.659145560977567 0
1511 14.36698021884225 -4.131992573203714 0
1512 13.90358233731907 -4.162864087302758 0
1513 5.096880603425823 12.71818770622996 0
1514 4.587152656042517 12.81930148356594 0
1515 1.470551533966537 -7.478433445169827 0
1516 0.9281361501970284 -7.370094285206772 0
1517 14.74618425331094 3.185936364209981 0
1518 14.51945868899719 2.209909127443403 0
1519 14.63282147115406 2.697922745826692 0
1520 14.35330253983873 4.207090258806731 0
1521 13.06822321153874 4.354060179205275 0
1522 13.71076287568874 4.280575219006002 0
1523 5.536488440143031 -12.59626759250383 0
1524 4.642617030470903 -5.014432043848243 0
1525 14.43066345125071 -5.677246856607539 0
1526 14.23865016023603 -6.12716927578726 0
1527 14.0715152906299 -5.204849515193038 0
1528 13.59036186395473 -5.146902483378488 0
1529 5.514840002072633 12.21664407664515 0
1530 5.64295263840661 11.78553491831974 0
1531 5.467795653038178 12.63272747349314 0
1532 8.466139565212917 -1.289730314455698 0
1533 8.669398873563328 -0.8068328703508952 0
1534 1.547220654681337 -8.053518091171567 0
1535 2.52045116877112 8.52792243737518 0
1536 2.493639297214694 7.941057786536859 0
1537 14.37110401106349 5.698415531656466 0
1538 14.22287126392851 6.163351139155627 0
1539 6.031218462669517 -4.13551579348225 0
1540 6.351478273876991 -4.136262990019328 0
1541 6.371396709361056 -3.824490907370082 0
1542 6.201307586015286 -3.980003350426166 0
1543 4.516307449794725 -4.072956067319565 0
1544 4.325413031184706 -4.103695626671256 0
1545 14.57681473038111 -2.276908434591881 0
1546 14.4834887601052 -1.20183483413888 0
1547 14.53015174524316 -1.73937163436538 0
1548 15.42195754423069 -2.858919486887841 0
1549 14.79899672663328 -3.184430002654527 0
1550 15.01353297738816 -3.682076132578389 0
1551 15.22131369428342 -3.271263817846045 0
1552 14.97187497650325 3.684668160923853 0
1553 15.19490745762224 3.272016998623769 0
1554 15.06645968766924 -2.477579127301257 0
1555 15.44215314149489 -2.442505589848888 0
1556 14.75874871293087 -4.744466185767401 0
1557 14.59815616559207 -5.21204707136347 0
1558 14.88965651780125 -4.21425122639687 0
1559 8.211231966510795 10.51190484961867 0
1560 14.46677418337076 -0.6222952760699829 0
1561 4.505691312975475 6.253339402779112 0
1562 4.689792314682157 5.227296736847906 0
1563 4.597741813828816 5.740318069813509 0
1564 14.78672903481226 4.816971843024962 0
1565 14.8828176782995 4.251800069198375 0
1566 3.453338839639555 3.466558406462962 0
1567 2.949669419819778 3.094529203231482 0
1568 4.29449143142878 4.65888092399617 0
1569 4.648646157341078 4.872648368423953 0
1570 14.58236660643915 5.258884237516714 0
1571 2.598808703646468 12.13259477735597 0
1572 14.6879057285072 -2.730669218623204 0
1573 3.812892243736147 3.829329958993118 0
1574 4.053691837582463 4.244105441494645 0
1575 7.611569216500784 3.721866755881253 0
1576 7.347804414788932 4.39354209088218 0
1577 7.170652207394467 3.96502104544109 0
1578 4.033578532383134 -3.635514356933013 0
1579 3.788534888639777 -3.623537477135188 0
1580 11.30878496840311 -7.958260824282135 0
1581 9.508038260131741 0.8360253817251923 0
1582 8.72111446938619 -1.686307710118432 0
1583 3.777169419819777 3.270279203231481 0
1584 7.068843731974297 5.003551118832338 0
1585 14.48572903406436 1.661182073948192 0
1586 2.665209711244972 9.151267359089381 0
1587 5.225574742099027 -6.308954625434881 0
1588 5.935040815412642 -5.924054366294516 0
1589 5.580307778755834 -6.116504495864698 0
1590 3.76380560928588 -4.751545271861722 0
1591 13.04152989046406 -3.961373446790876 0
1592 12.18867247098438 -5.835172606215051 0
1593 0.4729999999999999 -5.2075 0
1594 0.4729999999999999 -3.80335 0
1595 0.4729999999999999 -4.505424999999999 0
1596 0.4729999999999999 -3.10125 0
1597 0.4729999999999999 0.004999999999999583 0
1598 0.4729999999999999 -0.6970750000000001 0
1599 0.4729999999999999 0.707075 0
1600 0.4729999999999999 3.81335 0
1601 0.4729999999999999 4.515425 0
1602 3.813095648584584 6.221002941312628 0
1603 4.584760614907381 -6.227799683251201 0
1604 6.740912490451962 -3.351456951922769 0
1605 6.757956245225981 -3.001478475961385 0
1606 7.948710875552794 3.234108231142604 0
1607 4.14575338544082 -3.404212853705396 0
1608 4.702971372842405 -4.159853285991218 0
1609 4.635835686421203 -3.993726642995609 0
1610 5.841605917729463 -4.429640961058551 0
1611 5.799859231334758 -4.180732896741126 0
1612 6.11033277250812 -5.123735240564116 0
1613 6.315597436855318 -4.605422139025532 0
1614 5.636341253382265 -4.947954062597134 0
1615 5.975969345118791 -4.776688100811333 0
1616 5.401315578462013 -4.769571495098121 0
1617 6.556154599906508 -3.587973929646426 0
1618 0.4293603832137602 -5.734627562621858 0
1619 2.975107842780273 -2.875117701157719 0
1620 0.4729999999999999 3.111250000000001 0
1621 12.33985251217888 4.558045127799802 0
1622 4.789470939186415 -4.29583155180777 0
1623 11.40883998263484 6.391195875888705 0
1624 6.951891519125855 -5.442181177966981 0
1625 6.443466167269249 -5.683117772130749 0
1626 12.26356994300748 7.939837813138144 0
1627 6.691745259893088 -4.611789674864424 0
1628 7.128397036923278 -4.846903356993875 0
1629 9.732526223782962 -9.564823592775346 0
1630 6.854815353954921 -11.68330483077381 0
1631 6.52161176688504 -4.374026332441876 0
1632 0.3153333333333332 1.6061 0
1633 0.3153333333333332 2.272766666666667 0
1634 0.3153333333333332 -1.599433333333333 0
1635 0.3153333333333332 -2.2661 0
1636 0.2571471776183466 -7.174503416829144 0
1637 0.2571471776183466 -6.507836750162477 0
$EndNodes
$Elements
1720
1 1 2 831 157 71 151
2 1 2 831 157 151 152
3 1 2 831 157 152 153
4 1 2 831 157 153 154
5 1 2 831 157 154 155
6 1 2 831 157 155 156
7 1 2 831 157 156 157
8 1 2 831 157 157 158
9 1 2 831 157 158 159
10 1 2 831 157 159 160
11 1 2 831 157 160 161
12 1 2 831 157 161 162
13 1 2 831 157 162 163
14 1 2 831 157 163 164
15 1 2 831 157 164 165
16 1 2 831 157 165 166
17 1 2 831 157 166 167
18 1 2 831 157 167 168
19 1 2 831 157 168 169
20 1 2 831 157 169 170
21 1 2 831 157 170 171
22 1 2 831 157 171 172
23 1 2 831 157 172 173
24 1 2 831 157 173 174
25 1 2 831 157 174 175
26 1 2 831 157 175 176
27 1 2 831 157 176 177
28 1 2 831 157 177 178
29 1 2 831 157 178 179
30 1 2 831 157 179 180
31 1 2 831 157 180 181
32 1 2 831 157 181 182
33 1 2 831 157 182 183
34 1 2 831 157 183 184
35 1 2 831 157 184 185
36 1 2 831 157 185 186
37 1 2 831 157 186 187
38 1 2 831 157 187 188
39 1 2 831 157 188 189
40 1 2 831 157 189 190
41 1 2 831 157 190 191
42 1 2 831 157 191 192
43 1 2 831 157 192 193
44 1 2 831 157 193 194
45 1 2 831 157 194 195
46 1 2 831 157 195 196
47 1 2 831 157 196 197
48 1 2 831 157 197 198
49 1 2 831 157 198 199
50 1 2 831 157 199 200
51 1 2 831 157 200 201
52 1 2 831 157 201 202
53 1 2 831 157 202 203
54 1 2 831 157 203 204
55 1 2 831 157 204 205
56 1 2 831 157 205 206
57 1 2 831 157 206 207
58 1 2 831 157 207 208
59 1 2 831 157 208 209
60 1 2 831 157 209 210
61 1 2 831 157 210 211
62 1 2 831 157 211 212
63 1 2 831 157 212 213
64 1 2 831 157 213 214
65 1 2 831 157 214 215
66 1 2 831 157 215 216
67 1 2 831 157 216 217
68 1 2 831 157 217 218
69 1 2 831 157 218 219
70 1 2 831 157 219 220
71 1 2 831 157 220 221
72 1 2 831 157 221 222
73 1 2 831 157 222 223
74 1 2 831 157 223 224
75 1 2 831 157 224 225
76 1 2 831 157 225 226
77 1 2 831 157 226 227
78 1 2 831 157 227 228
79 1 2 831 157 228 229
80 1 2 831 157 229 230
81 1 2 831 157 230 231
82 1 2 831 157 231 232
83 1 2 831 157 232 233
84 1 2 831 157 233 234
85 1 2 831 157 234 235
86 1 2 831 157 235 236
87 1 2 831 157 236 237
88 1 2 831 157 237 238
89 1 2 831 157 238 239
90 1 2 831 157 239 240
91 1 2 831 157 240 241
92 1 2 831 157 241 242
93 1 2 831 157 242 243
94 1 2 831 157 243 244
95 1 2 831 157 244 245
96 1 2 831 157 245 246
97 1 2 831 157 246 247
98 1 2 831 157 247 248
99 1 2 831 157 248 249
100 1 2 831 157 249 250
101 1 2 831 157 250 251
102 1 2 831 157 251 252
103 1 2 831 157 252 253
104 1 2 831 157 253 72
105 1 2 900 158 71 254
106 1 2 900 158 254 255
107 1 2 900 158 255 256
108 1 2 900 158 256 257
109 1 2 900 158 257 258
110 1 2 900 158 258 259
111 1 2 900 158 259 260
112 1 2 900 158 260 261
113 1 2 900 158 261 262
114 1 2 900 158 262 263
115 1 2 900 158 263 264
116 1 2 900 158 264 265
117 1 2 900 158 265 266
118 1 2 900 158 266 267
119 1 2 900 158 267 268
120 1 2 900 158 268 269
121 1 2 900 158 269 270
122 1 2 900 158 270 271
123 1 2 900 158 271 272
124 1 2 900 158 272 273
125 1 2 900 158 273 274
126 1 2 900 158 274 275
127 1 2 900 158 275 276
128 1 2 900 158 276 277
129 1 2 900 158 277 278
130 1 2 900 158 278 279
131 1 2 900 158 279 280
132 1 2 900 158 280 281
133 1 2 900 158 281 282
134 1 2 900 158 282 283
135 1 2 900 158 283 284
136 1 2 900 158 284 285
137 1 2 900 158 285 286
138 1 2 900 158 286 287
139 1 2 900 158 287 288
140 1 2 900 158 288 289
141 1 2 900 158 289 290
142 1 2 900 158 290 291
143 1 2 900 158 291 292
144 1 2 900 158 292 293
145 1 2 900 158 293 294
146 1 2 900 158 294 295
147 1 2 900 158 295 296
148 1 2 900 158 296 297
149 1 2 900 158 297 298
150 1 2 900 158 298 299
151 1 2 900 158 299 300
152 1 2 900 158 300 301
153 1 2 900 158 301 302
154 1 2 900 158 302 303
155 1 2 900 158 303 304
156 1 2 900 158 304 305
157 1 2 900 158 305 306
158 1 2 900 158 306 307
159 1 2 900 158 307 308
160 1 2 900 158 308 309
161 1 2 900 158 309 310
162 1 2 900 158 310 311
163 1 2 900 158 311 312
164 1 2 900 158 312 313
165 1 2 900 158 313 314
166 1 2 900 158 314 315
167 1 2 900 158 315 316
168 1 2 900 158 316 72
169 3 2 1000 70 323 354 496 356
170 3 2 1000 70 354 338 355 496
171 3 2 1000 70 356 496 355 337
172 3 2 1000 70 332 357 497 359
173 3 2 1000 70 357 340 358 497
174 3 2 1000 70 359 497 358 9
175 3 2 1000 70 334 360 498 362
176 3 2 1000 70 360 342 361 498
177 3 2 1000 70 362 498 361 339
178 3 2 1000 70 9 358 499 364
179 3 2 1000 70 358 340 363 499
180 3 2 1000 70 364 499 363 326
181 3 2 1000 70 322 365 500 367
182 3 2 1000 70 365 325 366 500
183 3 2 1000 70 367 500 366 13
184 3 2 1000 70 19 368 501 90
185 3 2 1000 70 368 347 369 501
186 3 2 1000 70 90 501 369 18
187 3 2 1000 70 344 370 502 372
188 3 2 1000 70 370 348 371 502
189 3 2 1000 70 372 502 371 318
190 3 2 1000 70 18 373 503 375
191 3 2 1000 70 373 329 374 503
192 3 2 1000 70 375 503 374 324
193 3 2 1000 70 335 376 504 378
194 3 2 1000 70 376 339 377 504
195 3 2 1000 70 378 504 377 319
196 3 2 1000 70 336 379 505 381
197 3 2 1000 70 379 348 380 505
198 3 2 1000 70 381 505 380 340
199 3 2 1000 70 321 382 506 384
200 3 2 1000 70 382 327 383 506
201 3 2 1000 70 384 506 383 32
202 3 2 1000 70 336 381 507 386
203 3 2 1000 70 381 340 385 507
204 3 2 1000 70 386 507 385 322
205 3 2 1000 70 329 387 508 374
206 3 2 1000 70 387 339 388 508
207 3 2 1000 70 374 508 388 324
208 3 2 1000 70 340 380 509 363
209 3 2 1000 70 380 348 389 509
210 3 2 1000 70 363 509 389 326
211 3 2 1000 70 322 390 510 365
212 3 2 1000 70 390 332 391 510
213 3 2 1000 70 365 510 391 325
214 3 2 1000 70 349 392 511 394
215 3 2 1000 70 392 353 393 511
216 3 2 1000 70 394 511 393 348
217 3 2 1000 70 14 395 512 396
218 3 2 1000 70 395 336 386 512
219 3 2 1000 70 396 512 386 322
220 3 2 1000 70 326 389 513 397
221 3 2 1000 70 389 348 370 513
222 3 2 1000 70 397 513 370 344
223 3 2 1000 70 341 398 514 400
224 3 2 1000 70 398 349 399 514
225 3 2 1000 70 400 514 399 335
226 3 2 1000 70 33 401 515 403
227 3 2 1000 70 401 331 402 515
228 3 2 1000 70 403 515 402 321
229 3 2 1000 70 334 362 516 404
230 3 2 1000 70 362 339 387 516
231 3 2 1000 70 404 516 387 329
232 3 2 1000 70 334 405 517 407
233 3 2 1000 70 405 346 406 517
234 3 2 1000 70 407 517 406 337
235 3 2 1000 70 321 408 518 382
236 3 2 1000 70 408 338 409 518
237 3 2 1000 70 382 518 409 327
238 3 2 1000 70 348 410 519 394
239 3 2 1000 70 410 352 411 519
240 3 2 1000 70 394 519 411 349
241 3 2 1000 70 319 412 520 378
242 3 2 1000 70 412 341 400 520
243 3 2 1000 70 378 520 400 335
244 3 2 1000 70 324 413 521 415
245 3 2 1000 70 413 335 414 521
246 3 2 1000 70 415 521 414 320
247 3 2 1000 70 17 416 522 417
248 3 2 1000 70 416 324 415 522
249 3 2 1000 70 417 522 415 320
250 3 2 1000 70 324 388 523 413
251 3 2 1000 70 388 339 376 523
252 3 2 1000 70 413 523 376 335
253 3 2 1000 70 342 418 524 420
254 3 2 1000 70 418 345 419 524
255 3 2 1000 70 420 524 419 319
256 3 2 1000 70 333 421 525 422
257 3 2 1000 70 421 346 405 525
258 3 2 1000 70 422 525 405 334
259 3 2 1000 70 319 419 526 424
260 3 2 1000 70 419 345 423 526
261 3 2 1000 70 424 526 423 2
262 3 2 1000 70 337 355 527 425
263 3 2 1000 70 355 338 408 527
264 3 2 1000 70 425 527 408 321
265 3 2 1000 70 9 364 528 80
266 3 2 1000 70 364 326 426 528
267 3 2 1000 70 80 528 426 8
268 3 2 1000 70 6 427 529 77
269 3 2 1000 70 427 318 428 529
270 3 2 1000 70 77 529 428 5
271 3 2 1000 70 339 361 530 377
272 3 2 1000 70 361 342 420 530
273 3 2 1000 70 377 530 420 319
274 3 2 1000 70 317 429 531 430
275 3 2 1000 70 429 334 404 531
276 3 2 1000 70 430 531 404 329
277 3 2 1000 70 318 431 532 428
278 3 2 1000 70 431 353 432 532
279 3 2 1000 70 428 532 432 5
280 3 2 1000 70 5 432 533 434
281 3 2 1000 70 432 353 433 533
282 3 2 1000 70 434 533 433 330
283 3 2 1000 70 10 435 534 81
284 3 2 1000 70 435 332 359 534
285 3 2 1000 70 81 534 359 9
286 3 2 1000 70 27 436 535 98
287 3 2 1000 70 436 328 437 535
288 3 2 1000 70 98 535 437 26
289 3 2 1000 70 325 391 536 438
290 3 2 1000 70 391 332 435 536
291 3 2 1000 70 438 536 435 10
292 3 2 1000 70 11 439 537 82
293 3 2 1000 70 439 325 438 537
294 3 2 1000 70 82 537 438 10
295 3 2 1000 70 13 366 538 84
296 3 2 1000 70 366 325 440 538
297 3 2 1000 70 84 538 440 12
298 3 2 1000 70 14 396 539 85
299 3 2 1000 70 396 322 367 539
300 3 2 1000 70 85 539 367 13
301 3 2 1000 70 32 383 540 103
302 3 2 1000 70 383 327 441 540
303 3 2 1000 70 103 540 441 31
304 3 2 1000 70 336 442 541 379
305 3 2 1000 70 442 352 410 541
306 3 2 1000 70 379 541 410 348
307 3 2 1000 70 343 443 542 445
308 3 2 1000 70 443 351 444 542
309 3 2 1000 70 445 542 444 26
310 3 2 1000 70 18 375 543 89
311 3 2 1000 70 375 324 416 543
312 3 2 1000 70 89 543 416 17
313 3 2 1000 70 334 446 544 360
314 3 2 1000 70 446 350 447 544
315 3 2 1000 70 360 544 447 342
316 3 2 1000 70 8 426 545 79
317 3 2 1000 70 426 326 448 545
318 3 2 1000 70 79 545 448 7
319 3 2 1000 70 320 449 546 450
320 3 2 1000 70 449 352 442 546
321 3 2 1000 70 450 546 442 336
322 3 2 1000 70 330 451 547 452
323 3 2 1000 70 451 349 398 547
324 3 2 1000 70 452 547 398 341
325 3 2 1000 70 3 453 548 74
326 3 2 1000 70 453 341 454 548
327 3 2 1000 70 74 548 454 2
328 3 2 1000 70 23 455 549 457
329 3 2 1000 70 455 343 456 549
330 3 2 1000 70 457 549 456 323
331 3 2 1000 70 5 434 550 76
332 3 2 1000 70 434 330 458 550
333 3 2 1000 70 76 550 458 4
334 3 2 1000 70 20 92 551 91
335 3 2 1000 70 92 21 459 551
336 3 2 1000 70 91 551 459 19
337 3 2 1000 70 28 460 552 99
338 3 2 1000 70 460 327 461 552
339 3 2 1000 70 99 552 461 27
340 3 2 1000 70 326 397 553 448
341 3 2 1000 70 397 344 462 553
342 3 2 1000 70 448 553 462 7
343 3 2 1000 70 15 463 554 86
344 3 2 1000 70 463 336 395 554
345 3 2 1000 70 86 554 395 14
346 3 2 1000 70 328 464 555 465
347 3 2 1000 70 464 338 354 555
348 3 2 1000 70 465 555 354 323
349 3 2 1000 70 337 466 556 407
350 3 2 1000 70 466 350 446 556
351 3 2 1000 70 407 556 446 334
352 3 2 1000 70 33 403 557 104
353 3 2 1000 70 403 321 384 557
354 3 2 1000 70 104 557 384 32
355 3 2 1000 70 17 417 558 88
356 3 2 1000 70 417 320 467 558
357 3 2 1000 70 88 558 467 16
358 3 2 1000 70 331 468 559 469
359 3 2 1000 70 468 350 466 559
360 3 2 1000 70 469 559 466 337
361 3 2 1000 70 320 450 560 467
362 3 2 1000 70 450 336 470 560
363 3 2 1000 70 467 560 470 16
364 3 2 1000 70 4 458 561 75
365 3 2 1000 70 458 330 471 561
366 3 2 1000 70 75 561 471 3
367 3 2 1000 70 7 462 562 78
368 3 2 1000 70 462 344 472 562
369 3 2 1000 70 78 562 472 6
370 3 2 1000 70 16 470 563 87
371 3 2 1000 70 470 336 463 563
372 3 2 1000 70 87 563 463 15
373 3 2 1000 70 330 452 564 471
374 3 2 1000 70 452 341 453 564
375 3 2 1000 70 471 564 453 3
376 3 2 1000 70 323 456 565 465
377 3 2 1000 70 456 343 473 565
378 3 2 1000 70 465 565 473 328
379 3 2 1000 70 322 385 566 390
380 3 2 1000 70 385 340 357 566
381 3 2 1000 70 390 566 357 332
382 3 2 1000 70 6 472 567 427
383 3 2 1000 70 472 344 372 567
384 3 2 1000 70 427 567 372 318
385 3 2 1000 70 331 469 568 402
386 3 2 1000 70 469 337 425 568
387 3 2 1000 70 402 568 425 321
388 3 2 1000 70 23 457 569 94
389 3 2 1000 70 457 323 474 569
390 3 2 1000 70 94 569 474 22
391 3 2 1000 70 2 454 570 424
392 3 2 1000 70 454 341 412 570
393 3 2 1000 70 424 570 412 319
394 3 2 1000 70 329 475 571 430
395 3 2 1000 70 475 347 476 571
396 3 2 1000 70 430 571 476 317
397 3 2 1000 70 328 473 572 437
398 3 2 1000 70 473 343 445 572
399 3 2 1000 70 437 572 445 26
400 3 2 1000 70 1 477 573 478
401 3 2 1000 70 477 331 401 573
402 3 2 1000 70 478 573 401 33
403 3 2 1000 70 27 479 574 436
404 3 2 1000 70 479 338 464 574
405 3 2 1000 70 436 574 464 328
406 3 2 1000 70 337 406 575 356
407 3 2 1000 70 406 346 480 575
408 3 2 1000 70 356 575 480 323
409 3 2 1000 70 327 409 576 461
410 3 2 1000 70 409 338 479 576
411 3 2 1000 70 461 576 479 27
412 3 2 1000 70 330 433 577 451
413 3 2 1000 70 433 353 392 577
414 3 2 1000 70 451 577 392 349
415 3 2 1000 70 31 441 578 481
416 3 2 1000 70 441 327 460 578
417 3 2 1000 70 481 578 460 28
418 3 2 1000 70 323 480 579 474
419 3 2 1000 70 480 346 482 579
420 3 2 1000 70 474 579 482 22
421 3 2 1000 70 335 483 580 414
422 3 2 1000 70 483 352 449 580
423 3 2 1000 70 414 580 449 320
424 3 2 1000 70 345 484 581 485
425 3 2 1000 70 484 350 468 581
426 3 2 1000 70 485 581 468 331
427 3 2 1000 70 12 440 582 83
428 3 2 1000 70 440 325 439 582
429 3 2 1000 70 83 582 439 11
430 3 2 1000 70 349 411 583 399
431 3 2 1000 70 411 352 483 583
432 3 2 1000 70 399 583 483 335
433 3 2 1000 70 21 486 584 459
434 3 2 1000 70 486 317 487 584
435 3 2 1000 70 459 584 487 19
436 3 2 1000 70 1 488 585 477
437 3 2 1000 70 488 345 485 585
438 3 2 1000 70 477 585 485 331
439 3 2 1000 70 18 369 586 373
440 3 2 1000 70 369 347 475 586
441 3 2 1000 70 373 586 475 329
442 3 2 1000 70 26 444 587 97
443 3 2 1000 70 444 351 489 587
444 3 2 1000 70 97 587 489 25
445 3 2 1000 70 34 106 588 105
446 3 2 1000 70 106 1 478 588
447 3 2 1000 70 105 588 478 33
448 3 2 1000 70 22 490 589 93
449 3 2 1000 70 490 333 491 589
450 3 2 1000 70 93 589 491 21
451 3 2 1000 70 317 476 590 487
452 3 2 1000 70 476 347 368 590
453 3 2 1000 70 487 590 368 19
454 3 2 1000 70 22 482 591 490
455 3 2 1000 70 482 346 421 591
456 3 2 1000 70 490 591 421 333
457 3 2 1000 70 333 422 592 492
458 3 2 1000 70 422 334 429 592
459 3 2 1000 70 492 592 429 317
460 3 2 1000 70 342 447 593 418
461 3 2 1000 70 447 350 484 593
462 3 2 1000 70 418 593 484 345
463 3 2 1000 70 21 491 594 486
464 3 2 1000 70 491 333 492 594
465 3 2 1000 70 486 594 492 317
466 3 2 1000 70 2 423 595 73
467 3 2 1000 70 423 345 488 595
468 3 2 1000 70 73 595 488 1
469 3 2 1000 70 24 493 596 494
470 3 2 1000 70 493 351 443 596
471 3 2 1000 70 494 596 443 343
472 3 2 1000 70 31 495 597 102
473 3 2 1000 70 495 29 101 597
474 3 2 1000 70 102 597 101 30
475 3 2 1000 70 24 494 598 95
476 3 2 1000 70 494 343 455 598
477 3 2 1000 70 95 598 455 23
478 3 2 1000 70 25 489 599 96
479 3 2 1000 70 489 351 493 599
480 3 2 1000 70 96 599 493 24
481 3 2 1000 70 28 100 600 481
482 3 2 1000 70 100 29 495 600
483 3 2 1000 70 481 600 495 31
484 3 2 1000 70 348 393 601 371
485 3 2 1000 70 393 353 431 601
486 3 2 1000 70 371 601 431 318
487 3 2 832 71 35 107 602 122
488 3 2 832 71 107 37 123 602
489 3 2 832 71 602 123 38 121
490 3 2 832 71 122 602 121 36
491 3 2 833 72 37 108 603 123
492 3 2 833 72 108 39 124 603
493 3 2 833 72 603 124 40 120
494 3 2 833 72 123 603 120 38
495 3 2 834 73 118 119 605 604
496 3 2 834 73 119 40 124 605
497 3 2 834 73 605 124 39 109
498 3 2 834 73 604 605 109 110
499 3 2 834 73 110 111 606 604
500 3 2 834 73 111 41 125 606
501 3 2 834 73 606 125 42 117
502 3 2 834 73 604 606 117 118
503 3 2 835 74 41 112 607 125
504 3 2 835 74 112 43 126 607
505 3 2 835 74 607 126 44 116
506 3 2 835 74 125 607 116 42
507 3 2 836 75 43 113 608 126
508 3 2 836 75 113 45 114 608
509 3 2 836 75 608 114 46 115
510 3 2 836 75 126 608 115 44
511 3 2 837 76 47 127 609 130
512 3 2 837 76 127 48 128 609
513 3 2 837 76 609 128 49 129
514 3 2 837 76 130 609 129 50
515 3 2 838 77 51 131 610 134
516 3 2 838 77 131 52 132 610
517 3 2 838 77 610 132 53 133
518 3 2 838 77 134 610 133 54
519 3 2 839 78 55 135 611 138
520 3 2 839 78 135 56 136 611
521 3 2 839 78 611 136 57 137
522 3 2 839 78 138 611 137 58
523 3 2 840 79 59 139 612 142
524 3 2 840 79 139 60 140 612
525 3 2 840 79 612 140 61 141
526 3 2 840 79 142 612 141 62
527 3 2 841 80 63 143 613 146
528 3 2 841 80 143 64 144 613
529 3 2 841 80 613 144 65 145
530 3 2 841 80 146 613 145 66
531 3 2 842 81 67 147 614 150
532 3 2 842 81 147 68 148 614
533 3 2 842 81 614 148 69 149
534 3 2 842 81 150 614 149 70
535 3 2 2000 82 778 834 838 837
536 3 2 2000 82 834 773 835 838
537 3 2 2000 82 838 835 677 836
538 3 2 2000 82 837 838 836 713
539 3 2 2000 82 663 839 843 842
540 3 2 2000 82 839 714 840 843
541 3 2 2000 82 843 840 821 841
542 3 2 2000 82 842 843 841 58
543 3 2 2000 82 800 844 847 846
544 3 2 2000 82 844 815 845 847
545 3 2 2000 82 847 845 38 121
546 3 2 2000 82 846 847 121 36
547 3 2 2000 82 15 86 851 850
548 3 2 2000 82 86 14 848 851
549 3 2 2000 82 851 848 693 849
550 3 2 2000 82 850 851 849 42
551 3 2 2000 82 15 850 853 87
552 3 2 2000 82 850 42 117 853
553 3 2 2000 82 853 117 118 852
554 3 2 2000 82 87 853 852 16
555 3 2 2000 82 769 854 858 857
556 3 2 2000 82 854 811 855 858
557 3 2 2000 82 858 855 770 856
558 3 2 2000 82 857 858 856 697
559 3 2 2000 82 65 859 862 145
560 3 2 2000 82 859 638 860 862
561 3 2 2000 82 862 860 703 861
562 3 2 2000 82 145 862 861 66
563 3 2 2000 82 17 88 865 864
564 3 2 2000 82 88 16 852 865
565 3 2 2000 82 865 852 118 863
566 3 2 2000 82 864 865 863 763
567 3 2 2000 82 768 866 870 869
568 3 2 2000 82 866 635 867 870
569 3 2 2000 82 870 867 734 868
570 3 2 2000 82 869 870 868 707
571 3 2 2000 82 682 871 875 874
572 3 2 2000 82 871 629 872 875
573 3 2 2000 82 875 872 745 873
574 3 2 2000 82 874 875 873 663
575 3 2 2000 82 788 876 879 878
576 3 2 2000 82 876 782 877 879
577 3 2 2000 82 879 877 811 854
578 3 2 2000 82 878 879 854 769
579 3 2 2000 82 758 880 884 883
580 3 2 2000 82 880 744 881 884
581 3 2 2000 82 884 881 62 882
582 3 2 2000 82 883 884 882 750
583 3 2 2000 82 52 131 888 887
584 3 2 2000 82 131 51 885 888
585 3 2 2000 82 888 885 653 886
586 3 2 2000 82 887 888 886 805
587 3 2 2000 82 624 889 893 892
588 3 2 2000 82 889 712 890 893
589 3 2 2000 82 893 890 722 891
590 3 2 2000 82 892 893 891 716
591 3 2 2000 82 665 894 897 896
592 3 2 2000 82 894 737 895 897
593 3 2 2000 82 897 895 36 122
594 3 2 2000 82 896 897 122 35
595 3 2 2000 82 811 898 901 855
596 3 2 2000 82 898 780 899 901
597 3 2 2000 82 901 899 813 900
598 3 2 2000 82 855 901 900 770
599 3 2 2000 82 26 902 904 98
600 3 2 2000 82 902 649 903 904
601 3 2 2000 82 904 903 28 99
602 3 2 2000 82 98 904 99 27
603 3 2 2000 82 45 114 908 907
604 3 2 2000 82 114 46 905 908
605 3 2 2000 82 908 905 766 906
606 3 2 2000 82 907 908 906 687
607 3 2 2000 82 18 909 911 90
608 3 2 2000 82 909 686 910 911
609 3 2 2000 82 911 910 20 91
610 3 2 2000 82 90 911 91 19
611 3 2 2000 82 20 910 915 914
612 3 2 2000 82 910 686 912 915
613 3 2 2000 82 915 912 40 913
614 3 2 2000 82 914 915 913 710
615 3 2 2000 82 762 916 920 919
616 3 2 2000 82 916 758 917 920
617 3 2 2000 82 920 917 55 918
618 3 2 2000 82 919 920 918 674
619 3 2 2000 82 248 247 924 923
620 3 2 2000 82 247 246 921 924
621 3 2 2000 82 924 921 616 922
622 3 2 2000 82 923 924 922 732
623 3 2 2000 82 48 925 929 928
624 3 2 2000 82 925 667 926 929
625 3 2 2000 82 929 926 743 927
626 3 2 2000 82 928 929 927 753
627 3 2 2000 82 762 930 933 932
628 3 2 2000 82 930 633 931 933
629 3 2 2000 82 933 931 7 78
630 3 2 2000 82 932 933 78 6
631 3 2 2000 82 769 934 937 878
632 3 2 2000 82 934 632 935 937
633 3 2 2000 82 937 935 719 936
634 3 2 2000 82 878 937 936 788
635 3 2 2000 82 620 938 942 941
636 3 2 2000 82 938 67 939 942
637 3 2 2000 82 942 939 678 940
638 3 2 2000 82 941 942 940 715
639 3 2 2000 82 653 943 946 886
640 3 2 2000 82 943 633 944 946
641 3 2 2000 82 946 944 726 945
642 3 2 2000 82 886 946 945 805
643 3 2 2000 82 63 947 950 143
644 3 2 2000 82 947 626 948 950
645 3 2 2000 82 950 948 738 949
646 3 2 2000 82 143 950 949 64
647 3 2 2000 82 761 951 955 954
648 3 2 2000 82 951 741 952 955
649 3 2 2000 82 955 952 683 953
650 3 2 2000 82 954 955 953 61
651 3 2 2000 82 726 944 957 956
652 3 2 2000 82 944 633 930 957
653 3 2 2000 82 957 930 762 919
654 3 2 2000 82 956 957 919 674
655 3 2 2000 82 703 860 961 960
656 3 2 2000 82 860 638 958 961
657 3 2 2000 82 961 958 684 959
658 3 2 2000 82 960 961 959 736
659 3 2 2000 82 49 962 965 129
660 3 2 2000 82 962 621 963 965
661 3 2 2000 82 965 963 718 964
662 3 2 2000 82 129 965 964 50
663 3 2 2000 82 734 966 969 968
664 3 2 2000 82 966 64 949 969
665 3 2 2000 82 969 949 738 967
666 3 2 2000 82 968 969 967 783
667 3 2 2000 82 67 938 972 147
668 3 2 2000 82 938 620 970 972
669 3 2 2000 82 972 970 713 971
670 3 2 2000 82 147 972 971 68
671 3 2 2000 82 624 973 976 889
672 3 2 2000 82 973 53 974 976
673 3 2 2000 82 976 974 628 975
674 3 2 2000 82 889 976 975 712
675 3 2 2000 82 626 947 980 979
676 3 2 2000 82 947 63 977 980
677 3 2 2000 82 980 977 822 978
678 3 2 2000 82 979 980 978 677
679 3 2 2000 82 713 836 982 971
680 3 2 2000 82 836 677 978 982
681 3 2 2000 82 982 978 822 981
682 3 2 2000 82 971 982 981 68
683 3 2 2000 82 684 958 985 984
684 3 2 2000 82 958 638 859 985
685 3 2 2000 82 985 859 65 983
686 3 2 2000 82 984 985 983 742
687 3 2 2000 82 59 986 989 139
688 3 2 2000 82 986 654 987 989
689 3 2 2000 82 989 987 717 988
690 3 2 2000 82 139 989 988 60
691 3 2 2000 82 53 973 992 133
692 3 2 2000 82 973 624 990 992
693 3 2 2000 82 992 990 747 991
694 3 2 2000 82 133 992 991 54
695 3 2 2000 82 804 993 996 995
696 3 2 2000 82 993 798 994 996
697 3 2 2000 82 996 994 770 900
698 3 2 2000 82 995 996 900 813
699 3 2 2000 82 795 997 1000 999
700 3 2 2000 82 997 738 948 1000
701 3 2 2000 82 1000 948 626 998
702 3 2 2000 82 999 1000 998 706
703 3 2 2000 82 620 941 1004 1003
704 3 2 2000 82 941 715 1001 1004
705 3 2 2000 82 1004 1001 787 1002
706 3 2 2000 82 1003 1004 1002 809
707 3 2 2000 82 21 92 1007 1006
708 3 2 2000 82 92 20 914 1007
709 3 2 2000 82 1007 914 710 1005
710 3 2 2000 82 1006 1007 1005 669
711 3 2 2000 82 654 986 1010 1009
712 3 2 2000 82 986 59 1008 1010
713 3 2 2000 82 1010 1008 684 984
714 3 2 2000 82 1009 1010 984 742
715 3 2 2000 82 678 1011 1014 940
716 3 2 2000 82 1011 631 1012 1014
717 3 2 2000 82 1014 1012 666 1013
718 3 2 2000 82 940 1014 1013 715
719 3 2 2000 82 772 1015 1019 1018
720 3 2 2000 82 1015 818 1016 1019
721 3 2 2000 82 1019 1016 704 1017
722 3 2 2000 82 1018 1019 1017 786
723 3 2 2000 82 621 1020 1023 963
724 3 2 2000 82 1020 780 1021 1023
725 3 2 2000 82 1023 1021 794 1022
726 3 2 2000 82 963 1023 1022 718
727 3 2 2000 82 699 1024 1027 1026
728 3 2 2000 82 1024 785 1025 1027
729 3 2 2000 82 1027 1025 732 922
730 3 2 2000 82 1026 1027 922 616
731 3 2 2000 82 61 953 1029 141
732 3 2 2000 82 953 683 1028 1029
733 3 2 2000 82 1029 1028 750 882
734 3 2 2000 82 141 1029 882 62
735 3 2 2000 82 55 1030 1033 135
736 3 2 2000 82 1030 642 1031 1033
737 3 2 2000 82 1033 1031 749 1032
738 3 2 2000 82 135 1033 1032 56
739 3 2 2000 82 820 1034 1036 1035
740 3 2 2000 82 1034 778 837 1036
741 3 2 2000 82 1036 837 713 970
742 3 2 2000 82 1035 1036 970 620
743 3 2 2000 82 688 1037 1040 1039
744 3 2 2000 82 1037 47 1038 1040
745 3 2 2000 82 1040 1038 766 905
746 3 2 2000 82 1039 1040 905 46
747 3 2 2000 82 654 1009 1043 1042
748 3 2 2000 82 1009 742 983 1043
749 3 2 2000 82 1043 983 65 1041
750 3 2 2000 82 1042 1043 1041 635
751 3 2 2000 82 712 1044 1047 890
752 3 2 2000 82 1044 729 1045 1047
753 3 2 2000 82 1047 1045 636 1046
754 3 2 2000 82 890 1047 1046 722
755 3 2 2000 82 703 960 1051 1050
756 3 2 2000 82 960 736 1048 1051
757 3 2 2000 82 1051 1048 2 1049
758 3 2 2000 82 1050 1051 1049 781
759 3 2 2000 82 34 105 1054 1053
760 3 2 2000 82 105 33 104 1054
761 3 2 2000 82 1054 104 32 1052
762 3 2 2000 82 1053 1054 1052 641
763 3 2 2000 82 717 987 1057 1056
764 3 2 2000 82 987 654 1042 1057
765 3 2 2000 82 1057 1042 635 1055
766 3 2 2000 82 1056 1057 1055 802
767 3 2 2000 82 621 962 1061 1060
768 3 2 2000 82 962 49 1058 1061
769 3 2 2000 82 1061 1058 685 1059
770 3 2 2000 82 1060 1061 1059 704
771 3 2 2000 82 786 1062 1065 1064
772 3 2 2000 82 1062 747 990 1065
773 3 2 2000 82 1065 990 624 1063
774 3 2 2000 82 1064 1065 1063 808
775 3 2 2000 82 154 1066 1068 155
776 3 2 2000 82 1066 719 935 1068
777 3 2 2000 82 1068 935 632 1067
778 3 2 2000 82 155 1068 1067 156
779 3 2 2000 82 55 917 1070 1030
780 3 2 2000 82 917 758 883 1070
781 3 2 2000 82 1070 883 750 1069
782 3 2 2000 82 1030 1070 1069 642
783 3 2 2000 82 817 1071 1075 1074
784 3 2 2000 82 1071 771 1072 1075
785 3 2 2000 82 1075 1072 820 1073
786 3 2 2000 82 1074 1075 1073 810
787 3 2 2000 82 757 1076 1079 1078
788 3 2 2000 82 1076 749 1077 1079
789 3 2 2000 82 1079 1077 683 952
790 3 2 2000 82 1078 1079 952 741
791 3 2 2000 82 804 995 1081 1080
792 3 2 2000 82 995 813 899 1081
793 3 2 2000 82 1081 899 780 1020
794 3 2 2000 82 1080 1081 1020 621
795 3 2 2000 82 621 1060 1083 1080
796 3 2 2000 82 1060 704 1016 1083
797 3 2 2000 82 1083 1016 818 1082
798 3 2 2000 82 1080 1083 1082 804
799 3 2 2000 82 685 1084 1085 1059
800 3 2 2000 82 1084 747 1062 1085
801 3 2 2000 82 1085 1062 786 1017
802 3 2 2000 82 1059 1085 1017 704
803 3 2 2000 82 749 1076 1088 1032
804 3 2 2000 82 1076 757 1086 1088
805 3 2 2000 82 1088 1086 759 1087
806 3 2 2000 82 1032 1088 1087 56
807 3 2 2000 82 684 1008 1091 1090
808 3 2 2000 82 1008 59 142 1091
809 3 2 2000 82 1091 142 62 1089
810 3 2 2000 82 1090 1091 1089 765
811 3 2 2000 82 690 1092 1096 1095
812 3 2 2000 82 1092 618 1093 1096
813 3 2 2000 82 1096 1093 819 1094
814 3 2 2000 82 1095 1096 1094 784
815 3 2 2000 82 656 1097 1100 1099
816 3 2 2000 82 1097 655 1098 1100
817 3 2 2000 82 1100 1098 252 251
818 3 2 2000 82 1099 1100 251 250
819 3 2 2000 82 775 1101 1104 1103
820 3 2 2000 82 1101 817 1074 1104
821 3 2 2000 82 1104 1074 810 1102
822 3 2 2000 82 1103 1104 1102 702
823 3 2 2000 82 715 1013 1107 1001
824 3 2 2000 82 1013 666 1105 1107
825 3 2 2000 82 1107 1105 728 1106
826 3 2 2000 82 1001 1107 1106 787
827 3 2 2000 82 674 918 1109 956
828 3 2 2000 82 918 55 138 1109
829 3 2 2000 82 1109 138 58 1108
830 3 2 2000 82 956 1109 1108 726
831 3 2 2000 82 678 939 1112 1111
832 3 2 2000 82 939 67 150 1112
833 3 2 2000 82 1112 150 70 1110
834 3 2 2000 82 1111 1112 1110 737
835 3 2 2000 82 152 1113 1115 153
836 3 2 2000 82 1113 657 1114 1115
837 3 2 2000 82 1115 1114 719 1066
838 3 2 2000 82 153 1115 1066 154
839 3 2 2000 82 24 1116 1120 1119
840 3 2 2000 82 1116 789 1117 1120
841 3 2 2000 82 1120 1117 815 1118
842 3 2 2000 82 1119 1120 1118 806
843 3 2 2000 82 717 1056 1124 1123
844 3 2 2000 82 1056 802 1121 1124
845 3 2 2000 82 1124 1121 708 1122
846 3 2 2000 82 1123 1124 1122 767
847 3 2 2000 82 635 1041 1125 867
848 3 2 2000 82 1041 65 144 1125
849 3 2 2000 82 1125 144 64 966
850 3 2 2000 82 867 1125 966 734
851 3 2 2000 82 761 954 1128 1127
852 3 2 2000 82 954 61 140 1128
853 3 2 2000 82 1128 140 60 1126
854 3 2 2000 82 1127 1128 1126 807
855 3 2 2000 82 790 1129 1132 1131
856 3 2 2000 82 1129 785 1130 1132
857 3 2 2000 82 1132 1130 817 1101
858 3 2 2000 82 1131 1132 1101 775
859 3 2 2000 82 745 1133 1135 1134
860 3 2 2000 82 1133 729 1044 1135
861 3 2 2000 82 1135 1044 712 975
862 3 2 2000 82 1134 1135 975 628
863 3 2 2000 82 696 1136 1138 1137
864 3 2 2000 82 1136 57 136 1138
865 3 2 2000 82 1138 136 56 1087
866 3 2 2000 82 1137 1138 1087 759
867 3 2 2000 82 641 1052 1141 1140
868 3 2 2000 82 1052 32 103 1141
869 3 2 2000 82 1141 103 31 1139
870 3 2 2000 82 1140 1141 1139 733
871 3 2 2000 82 628 974 1144 1143
872 3 2 2000 82 974 53 132 1144
873 3 2 2000 82 1144 132 52 1142
874 3 2 2000 82 1143 1144 1142 714
875 3 2 2000 82 764 1145 1148 1147
876 3 2 2000 82 1145 818 1015 1148
877 3 2 2000 82 1148 1015 772 1146
878 3 2 2000 82 1147 1148 1146 698
879 3 2 2000 82 72 253 1150 316
880 3 2 2000 82 253 252 1098 1150
881 3 2 2000 82 1150 1098 655 1149
882 3 2 2000 82 316 1150 1149 315
883 3 2 2000 82 71 254 1152 151
884 3 2 2000 82 254 255 1151 1152
885 3 2 2000 82 1152 1151 657 1113
886 3 2 2000 82 151 1152 1113 152
887 3 2 2000 82 754 1153 1157 1156
888 3 2 2000 82 1153 688 1154 1157
889 3 2 2000 82 1157 1154 672 1155
890 3 2 2000 82 1156 1157 1155 646
891 3 2 2000 82 685 1058 1159 1158
892 3 2 2000 82 1058 49 128 1159
893 3 2 2000 82 1159 128 48 928
894 3 2 2000 82 1158 1159 928 753
895 3 2 2000 82 706 998 1161 1160
896 3 2 2000 82 998 626 979 1161
897 3 2 2000 82 1161 979 677 835
898 3 2 2000 82 1160 1161 835 773
899 3 2 2000 82 703 1050 1165 1164
900 3 2 2000 82 1050 781 1162 1165
901 3 2 2000 82 1165 1162 814 1163
902 3 2 2000 82 1164 1165 1163 823
903 3 2 2000 82 721 1166 1168 1167
904 3 2 2000 82 1166 657 1151 1168
905 3 2 2000 82 1168 1151 255 256
906 3 2 2000 82 1167 1168 256 257
907 3 2 2000 82 720 1169 1171 1170
908 3 2 2000 82 1169 313 314 1171
909 3 2 2000 82 1171 314 315 1149
910 3 2 2000 82 1170 1171 1149 655
911 3 2 2000 82 785 1024 1173 1130
912 3 2 2000 82 1024 699 1172 1173
913 3 2 2000 82 1173 1172 771 1071
914 3 2 2000 82 1130 1173 1071 817
915 3 2 2000 82 788 936 1175 1174
916 3 2 2000 82 936 719 1114 1175
917 3 2 2000 82 1175 1114 657 1166
918 3 2 2000 82 1174 1175 1166 721
919 3 2 2000 82 800 846 1177 1176
920 3 2 2000 82 846 36 895 1177
921 3 2 2000 82 1177 895 737 1110
922 3 2 2000 82 1176 1177 1110 70
923 3 2 2000 82 224 1178 1181 225
924 3 2 2000 82 1178 723 1179 1181
925 3 2 2000 82 1181 1179 627 1180
926 3 2 2000 82 225 1181 1180 226
927 3 2 2000 82 776 1182 1186 1185
928 3 2 2000 82 1182 724 1183 1186
929 3 2 2000 82 1186 1183 648 1184
930 3 2 2000 82 1185 1186 1184 701
931 3 2 2000 82 721 1167 1189 1188
932 3 2 2000 82 1167 257 258 1189
933 3 2 2000 82 1189 258 259 1187
934 3 2 2000 82 1188 1189 1187 619
935 3 2 2000 82 724 1190 1192 1191
936 3 2 2000 82 1190 619 1187 1192
937 3 2 2000 82 1192 1187 259 260
938 3 2 2000 82 1191 1192 260 261
939 3 2 2000 82 655 1097 1195 1170
940 3 2 2000 82 1097 656 1193 1195
941 3 2 2000 82 1195 1193 790 1194
942 3 2 2000 82 1170 1195 1194 720
943 3 2 2000 82 118 119 1197 863
944 3 2 2000 82 119 40 912 1197
945 3 2 2000 82 1197 912 686 1196
946 3 2 2000 82 863 1197 1196 763
947 3 2 2000 82 686 909 1198 1196
948 3 2 2000 82 909 18 89 1198
949 3 2 2000 82 1198 89 17 864
950 3 2 2000 82 1196 1198 864 763
951 3 2 2000 82 720 1199 1201 1169
952 3 2 2000 82 1199 658 1200 1201
953 3 2 2000 82 1201 1200 311 312
954 3 2 2000 82 1169 1201 312 313
955 3 2 2000 82 732 1202 1203 923
956 3 2 2000 82 1202 656 1099 1203
957 3 2 2000 82 1203 1099 250 249
958 3 2 2000 82 923 1203 249 248
959 3 2 2000 82 749 1031 1204 1077
960 3 2 2000 82 1031 642 1069 1204
961 3 2 2000 82 1204 1069 750 1028
962 3 2 2000 82 1077 1204 1028 683
963 3 2 2000 82 714 1142 1206 840
964 3 2 2000 82 1142 52 887 1206
965 3 2 2000 82 1206 887 805 1205
966 3 2 2000 82 840 1206 1205 821
967 3 2 2000 82 773 834 1210 1209
968 3 2 2000 82 834 778 1207 1210
969 3 2 2000 82 1210 1207 799 1208
970 3 2 2000 82 1209 1210 1208 791
971 3 2 2000 82 618 1211 1214 1093
972 3 2 2000 82 1211 730 1212 1214
973 3 2 2000 82 1214 1212 795 1213
974 3 2 2000 82 1093 1214 1213 819
975 3 2 2000 82 234 233 1218 1217
976 3 2 2000 82 233 232 1215 1218
977 3 2 2000 82 1218 1215 659 1216
978 3 2 2000 82 1217 1218 1216 730
979 3 2 2000 82 731 1219 1223 1222
980 3 2 2000 82 1219 793 1220 1223
981 3 2 2000 82 1223 1220 716 1221
982 3 2 2000 82 1222 1223 1221 660
983 3 2 2000 82 23 94 1225 1224
984 3 2 2000 82 94 22 93 1225
985 3 2 2000 82 1225 93 21 1006
986 3 2 2000 82 1224 1225 1006 669
987 3 2 2000 82 766 1226 1228 906
988 3 2 2000 82 1226 271 272 1228
989 3 2 2000 82 1228 272 273 1227
990 3 2 2000 82 906 1228 1227 687
991 3 2 2000 82 309 1229 1232 308
992 3 2 2000 82 1229 623 1230 1232
993 3 2 2000 82 1232 1230 728 1231
994 3 2 2000 82 308 1232 1231 307
995 3 2 2000 82 54 1233 1235 134
996 3 2 2000 82 1233 753 927 1235
997 3 2 2000 82 1235 927 743 1234
998 3 2 2000 82 134 1235 1234 51
999 3 2 2000 82 721 1188 1237 1174
1000 3 2 2000 82 1188 619 1236 1237
1001 3 2 2000 82 1237 1236 782 876
1002 3 2 2000 82 1174 1237 876 788
1003 3 2 2000 82 180 179 1241 1240
1004 3 2 2000 82 179 178 1238 1241
1005 3 2 2000 82 1241 1238 634 1239
1006 3 2 2000 82 1240 1241 1239 722
1007 3 2 2000 82 656 1202 1242 1193
1008 3 2 2000 82 1202 732 1025 1242
1009 3 2 2000 82 1242 1025 785 1129
1010 3 2 2000 82 1193 1242 1129 790
1011 3 2 2000 82 658 1199 1244 1243
1012 3 2 2000 82 1199 720 1194 1244
1013 3 2 2000 82 1244 1194 790 1131
1014 3 2 2000 82 1243 1244 1131 775
1015 3 2 2000 82 662 1245 1248 1247
1016 3 2 2000 82 1245 794 1246 1248
1017 3 2 2000 82 1248 1246 701 1184
1018 3 2 2000 82 1247 1248 1184 648
1019 3 2 2000 82 4 1249 1252 76
1020 3 2 2000 82 1249 744 1250 1252
1021 3 2 2000 82 1252 1250 643 1251
1022 3 2 2000 82 76 1252 1251 5
1023 3 2 2000 82 775 1103 1255 1243
1024 3 2 2000 82 1103 702 1253 1255
1025 3 2 2000 82 1255 1253 623 1254
1026 3 2 2000 82 1243 1255 1254 658
1027 3 2 2000 82 311 1200 1256 310
1028 3 2 2000 82 1200 658 1254 1256
1029 3 2 2000 82 1256 1254 623 1229
1030 3 2 2000 82 310 1256 1229 309
1031 3 2 2000 82 66 1257 1259 146
1032 3 2 2000 82 1257 792 1258 1259
1033 3 2 2000 82 1259 1258 822 977
1034 3 2 2000 82 146 1259 977 63
1035 3 2 2000 82 68 981 1261 148
1036 3 2 2000 82 981 822 1258 1261
1037 3 2 2000 82 1261 1258 792 1260
1038 3 2 2000 82 148 1261 1260 69
1039 3 2 2000 82 649 1262 1264 903
1040 3 2 2000 82 1262 675 1263 1264
1041 3 2 2000 82 1264 1263 29 100
1042 3 2 2000 82 903 1264 100 28
1043 3 2 2000 82 632 934 1267 1266
1044 3 2 2000 82 934 769 857 1267
1045 3 2 2000 82 1267 857 697 1265
1046 3 2 2000 82 1266 1267 1265 691
1047 3 2 2000 82 156 1067 1269 157
1048 3 2 2000 82 1067 632 1266 1269
1049 3 2 2000 82 1269 1266 691 1268
1050 3 2 2000 82 157 1269 1268 158
1051 3 2 2000 82 724 1191 1271 1183
1052 3 2 2000 82 1191 261 262 1271
1053 3 2 2000 82 1271 262 263 1270
1054 3 2 2000 82 1183 1271 1270 648
1055 3 2 2000 82 630 1272 1276 1275
1056 3 2 2000 82 1272 783 1273 1276
1057 3 2 2000 82 1276 1273 705 1274
1058 3 2 2000 82 1275 1276 1274 723
1059 3 2 2000 82 44 1277 1278 115
1060 3 2 2000 82 1277 672 1154 1278
1061 3 2 2000 82 1278 1154 688 1039
1062 3 2 2000 82 115 1278 1039 46
1063 3 2 2000 82 3 74 1281 1280
1064 3 2 2000 82 74 2 1048 1281
1065 3 2 2000 82 1281 1048 736 1279
1066 3 2 2000 82 1280 1281 1279 637
1067 3 2 2000 82 776 1282 1283 1182
1068 3 2 2000 82 1282 782 1236 1283
1069 3 2 2000 82 1283 1236 619 1190
1070 3 2 2000 82 1182 1283 1190 724
1071 3 2 2000 82 202 201 1287 1286
1072 3 2 2000 82 201 200 1284 1287
1073 3 2 2000 82 1287 1284 640 1285
1074 3 2 2000 82 1286 1287 1285 725
1075 3 2 2000 82 275 1288 1289 274
1076 3 2 2000 82 1288 45 907 1289
1077 3 2 2000 82 1289 907 687 1227
1078 3 2 2000 82 274 1289 1227 273
1079 3 2 2000 82 627 1290 1292 1291
1080 3 2 2000 82 1290 659 1215 1292
1081 3 2 2000 82 1292 1215 232 231
1082 3 2 2000 82 1291 1292 231 230
1083 3 2 2000 82 246 245 1295 921
1084 3 2 2000 82 245 244 1293 1295
1085 3 2 2000 82 1295 1293 673 1294
1086 3 2 2000 82 921 1295 1294 616
1087 3 2 2000 82 62 881 1298 1089
1088 3 2 2000 82 881 744 1296 1298
1089 3 2 2000 82 1298 1296 709 1297
1090 3 2 2000 82 1089 1298 1297 765
1091 3 2 2000 82 634 1299 1302 1301
1092 3 2 2000 82 1299 174 173 1302
1093 3 2 2000 82 1302 173 172 1300
1094 3 2 2000 82 1301 1302 1300 660
1095 3 2 2000 82 731 1303 1306 1305
1096 3 2 2000 82 1303 170 169 1306
1097 3 2 2000 82 1306 169 168 1304
1098 3 2 2000 82 1305 1306 1304 617
1099 3 2 2000 82 305 306 1308 1307
1100 3 2 2000 82 306 307 1231 1308
1101 3 2 2000 82 1308 1231 728 1105
1102 3 2 2000 82 1307 1308 1105 666
1103 3 2 2000 82 753 1233 1309 1158
1104 3 2 2000 82 1233 54 991 1309
1105 3 2 2000 82 1309 991 747 1084
1106 3 2 2000 82 1158 1309 1084 685
1107 3 2 2000 82 816 1310 1313 1312
1108 3 2 2000 82 1310 794 1245 1313
1109 3 2 2000 82 1313 1245 662 1311
1110 3 2 2000 82 1312 1313 1311 735
1111 3 2 2000 82 743 926 1316 1315
1112 3 2 2000 82 926 667 1314 1316
1113 3 2 2000 82 1316 1314 11 82
1114 3 2 2000 82 1315 1316 82 10
1115 3 2 2000 82 735 1311 1319 1318
1116 3 2 2000 82 1311 662 1317 1319
1117 3 2 2000 82 1319 1317 265 266
1118 3 2 2000 82 1318 1319 266 267
1119 3 2 2000 82 226 1180 1320 227
1120 3 2 2000 82 1180 627 1291 1320
1121 3 2 2000 82 1320 1291 230 229
1122 3 2 2000 82 227 1320 229 228
1123 3 2 2000 82 170 1303 1321 171
1124 3 2 2000 82 1303 731 1222 1321
1125 3 2 2000 82 1321 1222 660 1300
1126 3 2 2000 82 171 1321 1300 172
1127 3 2 2000 82 178 177 1322 1238
1128 3 2 2000 82 177 176 175 1322
1129 3 2 2000 82 1322 175 174 1299
1130 3 2 2000 82 1238 1322 1299 634
1131 3 2 2000 82 751 1323 1326 1325
1132 3 2 2000 82 1323 301 302 1326
1133 3 2 2000 82 1326 302 303 1324
1134 3 2 2000 82 1325 1326 1324 631
1135 3 2 2000 82 787 1106 1328 1327
1136 3 2 2000 82 1106 728 1230 1328
1137 3 2 2000 82 1328 1230 623 1253
1138 3 2 2000 82 1327 1328 1253 702
1139 3 2 2000 82 722 1046 1330 1240
1140 3 2 2000 82 1046 636 1329 1330
1141 3 2 2000 82 1330 1329 182 181
1142 3 2 2000 82 1240 1330 181 180
1143 3 2 2000 82 772 1331 1334 1146
1144 3 2 2000 82 1331 617 1332 1334
1145 3 2 2000 82 1334 1332 689 1333
1146 3 2 2000 82 1146 1334 1333 698
1147 3 2 2000 82 616 1294 1337 1026
1148 3 2 2000 82 1294 673 1335 1337
1149 3 2 2000 82 1337 1335 746 1336
1150 3 2 2000 82 1026 1337 1336 699
1151 3 2 2000 82 723 1178 1339 1275
1152 3 2 2000 82 1178 224 223 1339
1153 3 2 2000 82 1339 223 222 1338
1154 3 2 2000 82 1275 1339 1338 630
1155 3 2 2000 82 756 1340 1343 1342
1156 3 2 2000 82 1340 615 1341 1343
1157 3 2 2000 82 1343 1341 691 1265
1158 3 2 2000 82 1342 1343 1265 697
1159 3 2 2000 82 805 945 1344 1205
1160 3 2 2000 82 945 726 1108 1344
1161 3 2 2000 82 1344 1108 58 841
1162 3 2 2000 82 1205 1344 841 821
1163 3 2 2000 82 5 1251 1346 77
1164 3 2 2000 82 1251 643 1345 1346
1165 3 2 2000 82 1346 1345 762 932
1166 3 2 2000 82 77 1346 932 6
1167 3 2 2000 82 815 1117 1349 845
1168 3 2 2000 82 1117 789 1347 1349
1169 3 2 2000 82 1349 1347 824 1348
1170 3 2 2000 82 845 1349 1348 38
1171 3 2 2000 82 809 1002 1351 1350
1172 3 2 2000 82 1002 787 1327 1351
1173 3 2 2000 82 1351 1327 702 1102
1174 3 2 2000 82 1350 1351 1102 810
1175 3 2 2000 82 659 1290 1353 1352
1176 3 2 2000 82 1290 627 1179 1353
1177 3 2 2000 82 1353 1179 723 1274
1178 3 2 2000 82 1352 1353 1274 705
1179 3 2 2000 82 730 1216 1355 1212
1180 3 2 2000 82 1216 659 1352 1355
1181 3 2 2000 82 1355 1352 705 1354
1182 3 2 2000 82 1212 1355 1354 795
1183 3 2 2000 82 660 1221 1356 1301
1184 3 2 2000 82 1221 716 891 1356
1185 3 2 2000 82 1356 891 722 1239
1186 3 2 2000 82 1301 1356 1239 634
1187 3 2 2000 82 698 1333 1359 1147
1188 3 2 2000 82 1333 689 1357 1359
1189 3 2 2000 82 1359 1357 651 1358
1190 3 2 2000 82 1147 1359 1358 764
1191 3 2 2000 82 794 1021 1361 1246
1192 3 2 2000 82 1021 780 1360 1361
1193 3 2 2000 82 1361 1360 776 1185
1194 3 2 2000 82 1246 1361 1185 701
1195 3 2 2000 82 784 1362 1365 1095
1196 3 2 2000 82 1362 700 1363 1365
1197 3 2 2000 82 1365 1363 645 1364
1198 3 2 2000 82 1095 1365 1364 690
1199 3 2 2000 82 158 1268 1367 159
1200 3 2 2000 82 1268 691 1341 1367
1201 3 2 2000 82 1367 1341 615 1366
1202 3 2 2000 82 159 1367 1366 160
1203 3 2 2000 82 202 1286 1370 203
1204 3 2 2000 82 1286 725 1368 1370
1205 3 2 2000 82 1370 1368 644 1369
1206 3 2 2000 82 203 1370 1369 204
1207 3 2 2000 82 244 243 1373 1293
1208 3 2 2000 82 243 242 1371 1373
1209 3 2 2000 82 1373 1371 680 1372
1210 3 2 2000 82 1293 1373 1372 673
1211 3 2 2000 82 735 1318 1376 1375
1212 3 2 2000 82 1318 267 268 1376
1213 3 2 2000 82 1376 268 269 1374
1214 3 2 2000 82 1375 1376 1374 647
1215 3 2 2000 82 766 1377 1378 1226
1216 3 2 2000 82 1377 647 1374 1378
1217 3 2 2000 82 1378 1374 269 270
1218 3 2 2000 82 1226 1378 270 271
1219 3 2 2000 82 166 1379 1380 167
1220 3 2 2000 82 1379 689 1332 1380
1221 3 2 2000 82 1380 1332 617 1304
1222 3 2 2000 82 167 1380 1304 168
1223 3 2 2000 82 797 1381 1385 1384
1224 3 2 2000 82 1381 671 1382 1385
1225 3 2 2000 82 1385 1382 692 1383
1226 3 2 2000 82 1384 1385 1383 707
1227 3 2 2000 82 765 1386 1387 1090
1228 3 2 2000 82 1386 637 1279 1387
1229 3 2 2000 82 1387 1279 736 959
1230 3 2 2000 82 1090 1387 959 684
1231 3 2 2000 82 70 1388 1391 1176
1232 3 2 2000 82 1388 801 1389 1391
1233 3 2 2000 82 1391 1389 774 1390
1234 3 2 2000 82 1176 1391 1390 800
1235 3 2 2000 82 238 237 1394 1393
1236 3 2 2000 82 237 236 1392 1394
1237 3 2 2000 82 1394 1392 618 1092
1238 3 2 2000 82 1393 1394 1092 690
1239 3 2 2000 82 740 1395 1397 1396
1240 3 2 2000 82 1395 206 205 1397
1241 3 2 2000 82 1397 205 204 1369
1242 3 2 2000 82 1396 1397 1369 644
1243 3 2 2000 82 236 235 1398 1392
1244 3 2 2000 82 235 234 1217 1398
1245 3 2 2000 82 1398 1217 730 1211
1246 3 2 2000 82 1392 1398 1211 618
1247 3 2 2000 82 164 1399 1400 165
1248 3 2 2000 82 1399 651 1357 1400
1249 3 2 2000 82 1400 1357 689 1379
1250 3 2 2000 82 165 1400 1379 166
1251 3 2 2000 82 263 264 1401 1270
1252 3 2 2000 82 264 265 1317 1401
1253 3 2 2000 82 1401 1317 662 1247
1254 3 2 2000 82 1270 1401 1247 648
1255 3 2 2000 82 779 1402 1406 1405
1256 3 2 2000 82 1402 806 1403 1406
1257 3 2 2000 82 1406 1403 774 1404
1258 3 2 2000 82 1405 1406 1404 727
1259 3 2 2000 82 816 1312 1409 1408
1260 3 2 2000 82 1312 735 1375 1409
1261 3 2 2000 82 1409 1375 647 1407
1262 3 2 2000 82 1408 1409 1407 803
1263 3 2 2000 82 240 239 1411 1410
1264 3 2 2000 82 239 238 1393 1411
1265 3 2 2000 82 1411 1393 690 1364
1266 3 2 2000 82 1410 1411 1364 645
1267 3 2 2000 82 620 1003 1412 1035
1268 3 2 2000 82 1003 809 1350 1412
1269 3 2 2000 82 1412 1350 810 1073
1270 3 2 2000 82 1035 1412 1073 820
1271 3 2 2000 82 669 1005 1416 1415
1272 3 2 2000 82 1005 710 1413 1416
1273 3 2 2000 82 1416 1413 824 1414
1274 3 2 2000 82 1415 1416 1414 812
1275 3 2 2000 82 755 1417 1419 1418
1276 3 2 2000 82 1417 746 1335 1419
1277 3 2 2000 82 1419 1335 673 1372
1278 3 2 2000 82 1418 1419 1372 680
1279 3 2 2000 82 695 1420 1423 1422
1280 3 2 2000 82 1420 807 1126 1423
1281 3 2 2000 82 1423 1126 60 1421
1282 3 2 2000 82 1422 1423 1421 760
1283 3 2 2000 82 711 1424 1427 1426
1284 3 2 2000 82 1424 679 1425 1427
1285 3 2 2000 82 1427 1425 615 1340
1286 3 2 2000 82 1426 1427 1340 756
1287 3 2 2000 82 700 1428 1430 1363
1288 3 2 2000 82 1428 755 1418 1430
1289 3 2 2000 82 1430 1418 680 1429
1290 3 2 2000 82 1363 1430 1429 645
1291 3 2 2000 82 764 1358 1433 1432
1292 3 2 2000 82 1358 651 1431 1433
1293 3 2 2000 82 1433 1431 679 1424
1294 3 2 2000 82 1432 1433 1424 711
1295 3 2 2000 82 784 1434 1436 1362
1296 3 2 2000 82 1434 791 1435 1436
1297 3 2 2000 82 1436 1435 755 1428
1298 3 2 2000 82 1362 1436 1428 700
1299 3 2 2000 82 645 1429 1437 1410
1300 3 2 2000 82 1429 680 1371 1437
1301 3 2 2000 82 1437 1371 242 241
1302 3 2 2000 82 1410 1437 241 240
1303 3 2 2000 82 624 892 1439 1063
1304 3 2 2000 82 892 716 1220 1439
1305 3 2 2000 82 1439 1220 793 1438
1306 3 2 2000 82 1063 1439 1438 808
1307 3 2 2000 82 9 1440 1442 81
1308 3 2 2000 82 1440 676 1441 1442
1309 3 2 2000 82 1442 1441 743 1315
1310 3 2 2000 82 81 1442 1315 10
1311 3 2 2000 82 707 1383 1445 869
1312 3 2 2000 82 1383 692 1443 1445
1313 3 2 2000 82 1445 1443 625 1444
1314 3 2 2000 82 869 1445 1444 768
1315 3 2 2000 82 773 1446 1447 1160
1316 3 2 2000 82 1446 819 1213 1447
1317 3 2 2000 82 1447 1213 795 999
1318 3 2 2000 82 1160 1447 999 706
1319 3 2 2000 82 670 1448 1451 1450
1320 3 2 2000 82 1448 745 872 1451
1321 3 2 2000 82 1451 872 629 1449
1322 3 2 2000 82 1450 1451 1449 694
1323 3 2 2000 82 818 1145 1454 1453
1324 3 2 2000 82 1145 764 1432 1454
1325 3 2 2000 82 1454 1432 711 1452
1326 3 2 2000 82 1453 1454 1452 777
1327 3 2 2000 82 303 304 1455 1324
1328 3 2 2000 82 304 305 1307 1455
1329 3 2 2000 82 1455 1307 666 1012
1330 3 2 2000 82 1324 1455 1012 631
1331 3 2 2000 82 651 1399 1457 1431
1332 3 2 2000 82 1399 164 163 1457
1333 3 2 2000 82 1457 163 162 1456
1334 3 2 2000 82 1431 1457 1456 679
1335 3 2 2000 82 198 197 1461 1460
1336 3 2 2000 82 197 196 1458 1461
1337 3 2 2000 82 1461 1458 652 1459
1338 3 2 2000 82 1460 1461 1459 739
1339 3 2 2000 82 160 1366 1462 161
1340 3 2 2000 82 1366 615 1425 1462
1341 3 2 2000 82 1462 1425 679 1456
1342 3 2 2000 82 161 1462 1456 162
1343 3 2 2000 82 218 1463 1465 219
1344 3 2 2000 82 1463 692 1382 1465
1345 3 2 2000 82 1465 1382 671 1464
1346 3 2 2000 82 219 1465 1464 220
1347 3 2 2000 82 661 1466 1470 1469
1348 3 2 2000 82 1466 801 1467 1470
1349 3 2 2000 82 1470 1467 748 1468
1350 3 2 2000 82 1469 1470 1468 668
1351 3 2 2000 82 47 1471 1472 1038
1352 3 2 2000 82 1471 803 1407 1472
1353 3 2 2000 82 1472 1407 647 1377
1354 3 2 2000 82 1038 1472 1377 766
1355 3 2 2000 82 29 1263 1476 1475
1356 3 2 2000 82 1263 675 1473 1476
1357 3 2 2000 82 1476 1473 727 1474
1358 3 2 2000 82 1475 1476 1474 661
1359 3 2 2000 82 663 1477 1480 874
1360 3 2 2000 82 1477 752 1478 1480
1361 3 2 2000 82 1480 1478 664 1479
1362 3 2 2000 82 874 1480 1479 682
1363 3 2 2000 82 184 183 1483 1482
1364 3 2 2000 82 183 182 1329 1483
1365 3 2 2000 82 1483 1329 636 1481
1366 3 2 2000 82 1482 1483 1481 670
1367 3 2 2000 82 216 1484 1485 217
1368 3 2 2000 82 1484 625 1443 1485
1369 3 2 2000 82 1485 1443 692 1463
1370 3 2 2000 82 217 1485 1463 218
1371 3 2 2000 82 186 185 1487 1486
1372 3 2 2000 82 185 184 1482 1487
1373 3 2 2000 82 1487 1482 670 1450
1374 3 2 2000 82 1486 1487 1450 694
1375 3 2 2000 82 220 1464 1489 221
1376 3 2 2000 82 1464 671 1488 1489
1377 3 2 2000 82 1489 1488 630 1338
1378 3 2 2000 82 221 1489 1338 222
1379 3 2 2000 82 757 1078 1492 1491
1380 3 2 2000 82 1078 741 1490 1492
1381 3 2 2000 82 1492 1490 725 1285
1382 3 2 2000 82 1491 1492 1285 640
1383 3 2 2000 82 768 1444 1496 1495
1384 3 2 2000 82 1444 625 1493 1496
1385 3 2 2000 82 1496 1493 681 1494
1386 3 2 2000 82 1495 1496 1494 708
1387 3 2 2000 82 671 1381 1498 1488
1388 3 2 2000 82 1381 797 1497 1498
1389 3 2 2000 82 1498 1497 783 1272
1390 3 2 2000 82 1488 1498 1272 630
1391 3 2 2000 82 188 187 1500 1499
1392 3 2 2000 82 187 186 1486 1500
1393 3 2 2000 82 1500 1486 694 1449
1394 3 2 2000 82 1499 1500 1449 629
1395 3 2 2000 82 200 199 1502 1284
1396 3 2 2000 82 199 198 1460 1502
1397 3 2 2000 82 1502 1460 739 1501
1398 3 2 2000 82 1284 1502 1501 640
1399 3 2 2000 82 778 1034 1504 1207
1400 3 2 2000 82 1034 820 1072 1504
1401 3 2 2000 82 1504 1072 771 1503
1402 3 2 2000 82 1207 1504 1503 799
1403 3 2 2000 82 617 1331 1506 1305
1404 3 2 2000 82 1331 772 1505 1506
1405 3 2 2000 82 1506 1505 793 1219
1406 3 2 2000 82 1305 1506 1219 731
1407 3 2 2000 82 699 1336 1508 1172
1408 3 2 2000 82 1336 746 1507 1508
1409 3 2 2000 82 1508 1507 799 1503
1410 3 2 2000 82 1172 1508 1503 771
1411 3 2 2000 82 695 1422 1512 1511
1412 3 2 2000 82 1422 760 1509 1512
1413 3 2 2000 82 1512 1509 767 1510
1414 3 2 2000 82 1511 1512 1510 639
1415 3 2 2000 82 697 856 1514 1342
1416 3 2 2000 82 856 770 994 1514
1417 3 2 2000 82 1514 994 798 1513
1418 3 2 2000 82 1342 1514 1513 756
1419 3 2 2000 82 301 1323 1516 832
1420 3 2 2000 82 1323 751 1515 1516
1421 3 2 2000 82 1516 1515 737 894
1422 3 2 2000 82 832 1516 894 665
1423 3 2 2000 82 739 1459 1519 1518
1424 3 2 2000 82 1459 652 1517 1519
1425 3 2 2000 82 1519 1517 696 1137
1426 3 2 2000 82 1518 1519 1137 759
1427 3 2 2000 82 696 1520 1522 1136
1428 3 2 2000 82 1520 664 1478 1522
1429 3 2 2000 82 1522 1478 752 1521
1430 3 2 2000 82 1136 1522 1521 57
1431 3 2 2000 82 791 1208 1523 1435
1432 3 2 2000 82 1208 799 1507 1523
1433 3 2 2000 82 1523 1507 746 1417
1434 3 2 2000 82 1435 1523 1417 755
1435 3 2 2000 82 661 1474 1524 1466
1436 3 2 2000 82 1474 727 1404 1524
1437 3 2 2000 82 1524 1404 774 1389
1438 3 2 2000 82 1466 1524 1389 801
1439 3 2 2000 82 214 1525 1526 215
1440 3 2 2000 82 1525 681 1493 1526
1441 3 2 2000 82 1526 1493 625 1484
1442 3 2 2000 82 215 1526 1484 216
1443 3 2 2000 82 708 1494 1528 1122
1444 3 2 2000 82 1494 681 1527 1528
1445 3 2 2000 82 1528 1527 639 1510
1446 3 2 2000 82 1122 1528 1510 767
1447 3 2 2000 82 798 993 1530 1529
1448 3 2 2000 82 993 804 1082 1530
1449 3 2 2000 82 1530 1082 818 1453
1450 3 2 2000 82 1529 1530 1453 777
1451 3 2 2000 82 777 1452 1531 1529
1452 3 2 2000 82 1452 711 1426 1531
1453 3 2 2000 82 1531 1426 756 1513
1454 3 2 2000 82 1529 1531 1513 798
1455 3 2 2000 82 3 1532 1533 75
1456 3 2 2000 82 1532 709 1296 1533
1457 3 2 2000 82 1533 1296 744 1249
1458 3 2 2000 82 75 1533 1249 4
1459 3 2 2000 82 737 1515 1534 1111
1460 3 2 2000 82 1515 751 1325 1534
1461 3 2 2000 82 1534 1325 631 1011
1462 3 2 2000 82 1111 1534 1011 678
1463 3 2 2000 82 47 130 1536 1471
1464 3 2 2000 82 130 50 1535 1536
1465 3 2 2000 82 1536 1535 816 1408
1466 3 2 2000 82 1471 1536 1408 803
1467 3 2 2000 82 190 189 1538 1537
1468 3 2 2000 82 189 188 1499 1538
1469 3 2 2000 82 1538 1499 629 871
1470 3 2 2000 82 1537 1538 871 682
1471 3 2 2000 82 641 1140 1542 1541
1472 3 2 2000 82 1140 733 1539 1542
1473 3 2 2000 82 1542 1539 622 1540
1474 3 2 2000 82 1541 1542 1540 814
1475 3 2 2000 82 779 1543 1544 1402
1476 3 2 2000 82 1543 25 96 1544
1477 3 2 2000 82 1544 96 24 1119
1478 3 2 2000 82 1402 1544 1119 806
1479 3 2 2000 82 807 1545 1547 1127
1480 3 2 2000 82 1545 740 1396 1547
1481 3 2 2000 82 1547 1396 644 1546
1482 3 2 2000 82 1127 1547 1546 761
1483 3 2 2000 82 208 1548 1551 209
1484 3 2 2000 82 1548 650 1549 1551
1485 3 2 2000 82 1551 1549 695 1550
1486 3 2 2000 82 209 1551 1550 210
1487 3 2 2000 82 196 195 1553 1458
1488 3 2 2000 82 195 194 1552 1553
1489 3 2 2000 82 1553 1552 696 1517
1490 3 2 2000 82 1458 1553 1517 652
1491 3 2 2000 82 206 1395 1555 207
1492 3 2 2000 82 1395 740 1554 1555
1493 3 2 2000 82 1555 1554 650 1548
1494 3 2 2000 82 207 1555 1548 208
1495 3 2 2000 82 212 1556 1557 213
1496 3 2 2000 82 1556 639 1527 1557
1497 3 2 2000 82 1557 1527 681 1525
1498 3 2 2000 82 213 1557 1525 214
1499 3 2 2000 82 210 1550 1558 211
1500 3 2 2000 82 1550 695 1511 1558
1501 3 2 2000 82 1558 1511 639 1556
1502 3 2 2000 82 211 1558 1556 212
1503 3 2 2000 82 786 1064 1559 1018
1504 3 2 2000 82 1064 808 1438 1559
1505 3 2 2000 82 1559 1438 793 1505
1506 3 2 2000 82 1018 1559 1505 772
1507 3 2 2000 82 761 1546 1560 951
1508 3 2 2000 82 1546 644 1368 1560
1509 3 2 2000 82 1560 1368 725 1490
1510 3 2 2000 82 951 1560 1490 741
1511 3 2 2000 82 48 1561 1563 925
1512 3 2 2000 82 1561 754 1156 1563
1513 3 2 2000 82 1563 1156 646 1562
1514 3 2 2000 82 925 1563 1562 667
1515 3 2 2000 82 194 193 1565 1552
1516 3 2 2000 82 193 192 1564 1565
1517 3 2 2000 82 1565 1564 664 1520
1518 3 2 2000 82 1552 1565 1520 696
1519 3 2 2000 82 42 849 1567 116
1520 3 2 2000 82 849 693 1566 1567
1521 3 2 2000 82 1567 1566 672 1277
1522 3 2 2000 82 116 1567 1277 44
1523 3 2 2000 82 12 83 1569 1568
1524 3 2 2000 82 83 11 1314 1569
1525 3 2 2000 82 1569 1314 667 1562
1526 3 2 2000 82 1568 1569 1562 646
1527 3 2 2000 82 192 191 1570 1564
1528 3 2 2000 82 191 190 1537 1570
1529 3 2 2000 82 1570 1537 682 1479
1530 3 2 2000 82 1564 1570 1479 664
1531 3 2 2000 82 780 898 1571 1360
1532 3 2 2000 82 898 811 877 1571
1533 3 2 2000 82 1571 877 782 1282
1534 3 2 2000 82 1360 1571 1282 776
1535 3 2 2000 82 695 1549 1572 1420
1536 3 2 2000 82 1549 650 1554 1572
1537 3 2 2000 82 1572 1554 740 1545
1538 3 2 2000 82 1420 1572 1545 807
1539 3 2 2000 82 646 1155 1574 1568
1540 3 2 2000 82 1155 672 1573 1574
1541 3 2 2000 82 1574 1573 13 84
1542 3 2 2000 82 1568 1574 84 12
1543 3 2 2000 82 8 1575 1577 80
1544 3 2 2000 82 1575 653 1576 1577
1545 3 2 2000 82 1577 1576 676 1440
1546 3 2 2000 82 80 1577 1440 9
1547 3 2 2000 82 24 1578 1579 1116
1548 3 2 2000 82 1578 812 1414 1579
1549 3 2 2000 82 1579 1414 824 1347
1550 3 2 2000 82 1116 1579 1347 789
1551 3 2 2000 82 783 1497 1580 968
1552 3 2 2000 82 1497 797 1384 1580
1553 3 2 2000 82 1580 1384 707 868
1554 3 2 2000 82 968 1580 868 734
1555 3 2 2000 82 744 880 1581 1250
1556 3 2 2000 82 880 758 916 1581
1557 3 2 2000 82 1581 916 762 1345
1558 3 2 2000 82 1250 1581 1345 643
1559 3 2 2000 82 3 1280 1582 1532
1560 3 2 2000 82 1280 637 1386 1582
1561 3 2 2000 82 1582 1386 765 1297
1562 3 2 2000 82 1532 1582 1297 709
1563 3 2 2000 82 14 85 1583 848
1564 3 2 2000 82 85 13 1573 1583
1565 3 2 2000 82 1583 1573 672 1566
1566 3 2 2000 82 848 1583 1566 693
1567 3 2 2000 82 653 885 1584 1576
1568 3 2 2000 82 885 51 1234 1584
1569 3 2 2000 82 1584 1234 743 1441
1570 3 2 2000 82 1576 1584 1441 676
1571 3 2 2000 82 759 1086 1585 1518
1572 3 2 2000 82 1086 757 1491 1585
1573 3 2 2000 82 1585 1491 640 1501
1574 3 2 2000 82 1518 1585 1501 739
1575 3 2 2000 82 50 964 1586 1535
1576 3 2 2000 82 964 718 1022 1586
1577 3 2 2000 82 1586 1022 794 1310
1578 3 2 2000 82 1535 1586 1310 816
1579 3 2 2000 82 668 1468 1589 1588
1580 3 2 2000 82 1468 748 1587 1589
1581 3 2 2000 82 1589 1587 69 1260
1582 3 2 2000 82 1588 1589 1260 792
1583 3 2 2000 82 815 844 1590 1118
1584 3 2 2000 82 844 800 1390 1590
1585 3 2 2000 82 1590 1390 774 1403
1586 3 2 2000 82 1118 1590 1403 806
1587 3 2 2000 82 60 988 1591 1421
1588 3 2 2000 82 988 717 1123 1591
1589 3 2 2000 82 1591 1123 767 1509
1590 3 2 2000 82 1421 1591 1509 760
1591 3 2 2000 82 635 866 1592 1055
1592 3 2 2000 82 866 768 1495 1592
1593 3 2 2000 82 1592 1495 708 1121
1594 3 2 2000 82 1055 1592 1121 802
1595 3 2 2000 82 293 294 1595 1594
1596 3 2 2000 82 294 295 1593 1595
1597 3 2 2000 82 1595 1593 35 107
1598 3 2 2000 82 1594 1595 107 37
1599 3 2 2000 82 293 1594 1596 292
1600 3 2 2000 82 1594 37 108 1596
1601 3 2 2000 82 1596 108 39 830
1602 3 2 2000 82 292 1596 830 291
1603 3 2 2000 82 285 286 1598 1597
1604 3 2 2000 82 286 287 829 1598
1605 3 2 2000 82 1598 829 39 109
1606 3 2 2000 82 1597 1598 109 110
1607 3 2 2000 82 285 1597 1599 284
1608 3 2 2000 82 1597 110 111 1599
1609 3 2 2000 82 1599 111 41 826
1610 3 2 2000 82 284 1599 826 283
1611 3 2 2000 82 277 1600 1601 276
1612 3 2 2000 82 1600 43 113 1601
1613 3 2 2000 82 1601 113 45 1288
1614 3 2 2000 82 276 1601 1288 275
1615 3 2 2000 82 688 1153 1602 1037
1616 3 2 2000 82 1153 754 1561 1602
1617 3 2 2000 82 1602 1561 48 127
1618 3 2 2000 82 1037 1602 127 47
1619 3 2 2000 82 748 1467 1603 1587
1620 3 2 2000 82 1467 801 1388 1603
1621 3 2 2000 82 1603 1388 70 149
1622 3 2 2000 82 1587 1603 149 69
1623 3 2 2000 82 1 106 1605 73
1624 3 2 2000 82 106 34 1604 1605
1625 3 2 2000 82 1605 1604 781 1049
1626 3 2 2000 82 73 1605 1049 2
1627 3 2 2000 82 7 931 1606 79
1628 3 2 2000 82 931 633 943 1606
1629 3 2 2000 82 1606 943 653 1575
1630 3 2 2000 82 79 1606 1575 8
1631 3 2 2000 82 669 1415 1607 1224
1632 3 2 2000 82 1415 812 1578 1607
1633 3 2 2000 82 1607 1578 24 95
1634 3 2 2000 82 1224 1607 95 23
1635 3 2 2000 82 779 1608 1609 1543
1636 3 2 2000 82 1608 649 902 1609
1637 3 2 2000 82 1609 902 26 97
1638 3 2 2000 82 1543 1609 97 25
1639 3 2 2000 82 733 1139 1611 1539
1640 3 2 2000 82 1139 31 102 1611
1641 3 2 2000 82 1611 102 30 1610
1642 3 2 2000 82 1539 1611 1610 622
1643 3 2 2000 82 668 1612 1615 1614
1644 3 2 2000 82 1612 796 1613 1615
1645 3 2 2000 82 1615 1613 622 1610
1646 3 2 2000 82 1614 1615 1610 30
1647 3 2 2000 82 29 1475 1616 101
1648 3 2 2000 82 1475 661 1469 1616
1649 3 2 2000 82 1616 1469 668 1614
1650 3 2 2000 82 101 1616 1614 30
1651 3 2 2000 82 641 1541 1617 1053
1652 3 2 2000 82 1541 814 1162 1617
1653 3 2 2000 82 1617 1162 781 1604
1654 3 2 2000 82 1053 1617 1604 34
1655 3 2 2000 82 295 296 1618 1593
1656 3 2 2000 82 296 297 833 1618
1657 3 2 2000 82 1618 833 665 896
1658 3 2 2000 82 1593 1618 896 35
1659 3 2 2000 82 38 1348 1619 120
1660 3 2 2000 82 1348 824 1413 1619
1661 3 2 2000 82 1619 1413 710 913
1662 3 2 2000 82 120 1619 913 40
1663 3 2 2000 82 277 278 1620 1600
1664 3 2 2000 82 278 279 827 1620
1665 3 2 2000 82 1620 827 41 112
1666 3 2 2000 82 1600 1620 112 43
1667 3 2 2000 82 752 1477 1621 1521
1668 3 2 2000 82 1477 663 842 1621
1669 3 2 2000 82 1621 842 58 137
1670 3 2 2000 82 1521 1621 137 57
1671 3 2 2000 82 727 1473 1622 1405
1672 3 2 2000 82 1473 675 1262 1622
1673 3 2 2000 82 1622 1262 649 1608
1674 3 2 2000 82 1405 1622 1608 779
1675 3 2 2000 82 628 1143 1623 1134
1676 3 2 2000 82 1143 714 839 1623
1677 3 2 2000 82 1623 839 663 873
1678 3 2 2000 82 1134 1623 873 745
1679 3 2 2000 82 66 1624 1625 1257
1680 3 2 2000 82 1624 796 1612 1625
1681 3 2 2000 82 1625 1612 668 1588
1682 3 2 2000 82 1257 1625 1588 792
1683 3 2 2000 82 636 1045 1626 1481
1684 3 2 2000 82 1045 729 1133 1626
1685 3 2 2000 82 1626 1133 745 1448
1686 3 2 2000 82 1481 1626 1448 670
1687 3 2 2000 82 66 861 1628 1624
1688 3 2 2000 82 861 703 1164 1628
1689 3 2 2000 82 1628 1164 823 1627
1690 3 2 2000 82 1624 1628 1627 796
1691 3 2 2000 82 783 967 1629 1273
1692 3 2 2000 82 967 738 997 1629
1693 3 2 2000 82 1629 997 795 1354
1694 3 2 2000 82 1273 1629 1354 705
1695 3 2 2000 82 819 1446 1630 1094
1696 3 2 2000 82 1446 773 1209 1630
1697 3 2 2000 82 1630 1209 791 1434
1698 3 2 2000 82 1094 1630 1434 784
1699 3 2 2000 82 622 1613 1631 1540
1700 3 2 2000 82 1613 796 1627 1631
1701 3 2 2000 82 1631 1627 823 1163
1702 3 2 2000 82 1540 1631 1163 814
1703 3 2 2000 82 41 825 1632 826
1704 3 2 2000 82 825 281 282 1632
1705 3 2 2000 82 826 1632 282 283
1706 3 2 2000 82 281 825 1633 280
1707 3 2 2000 82 825 41 827 1633
1708 3 2 2000 82 280 1633 827 279
1709 3 2 2000 82 289 828 1634 288
1710 3 2 2000 82 828 39 829 1634
1711 3 2 2000 82 288 1634 829 287
1712 3 2 2000 82 39 828 1635 830
1713 3 2 2000 82 828 289 290 1635
1714 3 2 2000 82 830 1635 290 291
1715 3 2 2000 82 665 831 1636 832
1716 3 2 2000 82 831 299 300 1636
1717 3 2 2000 82 832 1636 300 301
1718 3 2 2000 82 299 831 1637 298
1719 3 2 2000 82 831 665 833 1637
1720 3 2 2000 82 298 1637 833 297
$EndElements
