Point ID,Points_0,Points_1,Points_2,Points_Magnitude,psi
0,4.553428489e+00,-1.557763208e+00,0.000000000e+00,4.812518801e+00,-8.610260810e-02
1,4.521610677e+00,-1.416145525e+00,0.000000000e+00,4.738188605e+00,-8.610260810e-02
2,8.104014601e+00,-2.403179666e-01,0.000000000e+00,8.107577035e+00,-8.610260810e-02
3,8.101808033e+00,-2.475291910e-01,0.000000000e+00,8.105588449e+00,-8.610260810e-02
4,8.207200457e+00,4.778288470e-01,0.000000000e+00,8.221098452e+00,-8.610260810e-02
5,8.205898165e+00,4.344847395e-01,0.000000000e+00,8.217392633e+00,-8.610260810e-02
6,4.834144853e+00,-3.615637610e+00,0.000000000e+00,6.036703719e+00,-8.610260810e-02
7,4.858517496e+00,-3.600725283e+00,0.000000000e+00,6.047347752e+00,-8.610260810e-02
8,4.193468855e+00,1.336168204e+00,0.000000000e+00,4.401196031e+00,-8.610260810e-02
9,4.195192221e+00,1.358324973e+00,0.000000000e+00,4.409612739e+00,-8.610260810e-02
10,4.184907964e+00,8.331509276e-01,0.000000000e+00,4.267035873e+00,-8.610260810e-02
11,4.185219841e+00,8.503366718e-01,0.000000000e+00,4.270730332e+00,-8.610260810e-02
12,6.849806150e+00,3.367379317e+00,0.000000000e+00,7.632764096e+00,-8.610260810e-02
13,6.858574459e+00,3.360128342e+00,0.000000000e+00,7.637441069e+00,-8.610260810e-02
14,4.323874951e+00,-5.161861049e-01,0.000000000e+00,4.354577211e+00,-8.610260810e-02
15,4.313522164e+00,-4.603592100e-01,0.000000000e+00,4.338018449e+00,-8.610260810e-02
16,4.432488619e+00,-3.747926219e+00,0.000000000e+00,5.804645234e+00,-8.610260810e-02
17,4.478390069e+00,-3.730286842e+00,0.000000000e+00,5.828466139e+00,-8.610260810e-02
18,4.225060168e+00,1.825776532e+00,0.000000000e+00,4.602672415e+00,-8.610260810e-02
19,4.233036521e+00,1.914737651e+00,0.000000000e+00,4.645946455e+00,-8.610260810e-02
20,4.811528892e+00,-2.758821439e+00,0.000000000e+00,5.546341679e+00,-8.610260810e-02
21,4.806114047e+00,-2.736603249e+00,0.000000000e+00,5.530617468e+00,-8.610260810e-02
22,4.783697792e+00,-2.615067078e+00,0.000000000e+00,5.451819915e+00,-8.610260810e-02
23,4.781753344e+00,-2.602514580e+00,0.000000000e+00,5.444102055e+00,-8.610260810e-02
24,5.062783470e+00,-3.796793558e+00,0.000000000e+00,6.328302915e+00,-8.610260810e-02
25,5.064321259e+00,-3.801888980e+00,0.000000000e+00,6.332591068e+00,-8.610260810e-02
26,4.219657097e+00,1.873295529e-01,0.000000000e+00,4.223813251e+00,-8.610260810e-02
27,4.214407231e+00,2.425074301e-01,0.000000000e+00,4.221378704e+00,-8.610260810e-02
28,4.273327813e+00,-2.385801300e-01,0.000000000e+00,4.279982602e+00,-8.610260810e-02
29,4.272520826e+00,-2.336918663e-01,0.000000000e+00,4.278907114e+00,-8.610260810e-02
30,7.888913169e+00,-8.049036573e-01,0.000000000e+00,7.929868907e+00,-8.610260810e-02
31,7.881121718e+00,-8.206920901e-01,0.000000000e+00,7.923737442e+00,-8.610260810e-02
32,5.367888551e+00,-3.293475362e+00,0.000000000e+00,6.297714462e+00,-8.610260810e-02
33,5.345080830e+00,-3.308147743e+00,0.000000000e+00,6.285994795e+00,-8.610260810e-02
34,5.528084373e+00,-3.177258176e+00,0.000000000e+00,6.376102756e+00,-8.610260810e-02
35,5.506944425e+00,-3.191532937e+00,0.000000000e+00,6.364928860e+00,-8.610260810e-02
36,7.881728241e+00,1.998240865e+00,0.000000000e+00,8.131088895e+00,-8.610260810e-02
37,7.893602637e+00,1.971707640e+00,0.000000000e+00,8.136128908e+00,-8.610260810e-02
38,4.314113524e+00,2.531792840e+00,0.000000000e+00,5.002154584e+00,-8.610260810e-02
39,4.324490797e+00,2.595698400e+00,0.000000000e+00,5.043696149e+00,-8.610260810e-02
40,5.222669063e+00,4.008363956e+00,0.000000000e+00,6.583559353e+00,-8.610260810e-02
41,5.274340605e+00,4.017454004e+00,0.000000000e+00,6.630128618e+00,-8.610260810e-02
42,4.755259881e+00,-2.463827743e+00,0.000000000e+00,5.355645963e+00,-8.610260810e-02
43,4.748201747e+00,-2.420736985e+00,0.000000000e+00,5.329670476e+00,-8.610260810e-02
44,7.155742797e+00,3.081431807e+00,0.000000000e+00,7.791012576e+00,-8.610260810e-02
45,7.189875092e+00,3.045617288e+00,0.000000000e+00,7.808334553e+00,-8.610260810e-02
46,8.148365757e+00,1.151556580e+00,0.000000000e+00,8.229334546e+00,-8.610260810e-02
47,8.152976478e+00,1.125899481e+00,0.000000000e+00,8.230350849e+00,-8.610260810e-02
48,4.908375798e+00,-3.338765728e+00,0.000000000e+00,5.936287523e+00,-8.610260810e-02
49,4.908129239e+00,-3.323041565e+00,0.000000000e+00,5.927253822e+00,-8.610260810e-02
50,7.484190791e+00,2.689345892e+00,0.000000000e+00,7.952716085e+00,-8.610260810e-02
51,7.506165499e+00,2.659843475e+00,0.000000000e+00,7.963497210e+00,-8.610260810e-02
52,4.647610183e+00,-3.674754895e+00,0.000000000e+00,5.924871640e+00,-8.610260810e-02
53,4.697435438e+00,-3.658201431e+00,0.000000000e+00,5.953850637e+00,-8.610260810e-02
54,7.682685293e+00,-1.171849296e+00,0.000000000e+00,7.771543224e+00,-8.610260810e-02
55,7.625739846e+00,-1.258791580e+00,0.000000000e+00,7.728936825e+00,-8.610260810e-02
56,7.675096053e+00,2.399876809e+00,0.000000000e+00,8.041548864e+00,-8.610260810e-02
57,7.717378603e+00,2.325199652e+00,0.000000000e+00,8.060054958e+00,-8.610260810e-02
58,4.556659028e+00,-3.705479232e+00,0.000000000e+00,5.873135264e+00,-8.610260810e-02
59,8.013407430e+00,1.667123078e+00,0.000000000e+00,8.184986133e+00,-8.610260810e-02
60,8.028637611e+00,1.621202756e+00,0.000000000e+00,8.190684969e+00,-8.610260810e-02
61,5.703746129e+00,-3.052970656e+00,0.000000000e+00,6.469416491e+00,-8.610260810e-02
62,5.693980157e+00,-3.060851958e+00,0.000000000e+00,6.464535926e+00,-8.610260810e-02
63,4.987272084e+00,-3.633452304e+00,0.000000000e+00,6.170482841e+00,-8.610260810e-02
64,5.005354101e+00,-3.684919629e+00,0.000000000e+00,6.215480862e+00,-8.610260810e-02
65,4.601664326e+00,-3.689444268e+00,0.000000000e+00,5.898077108e+00,-8.610260810e-02
66,4.640781834e+00,-3.677680508e+00,0.000000000e+00,5.921333461e+00,-8.610260810e-02
67,4.559576963e+00,-3.704071759e+00,0.000000000e+00,5.874511867e+00,-8.610260810e-02
68,4.935894218e+00,-3.489509432e+00,0.000000000e+00,6.044809989e+00,-8.610260810e-02
69,4.936328601e+00,-3.451704477e+00,0.000000000e+00,6.023421275e+00,-8.610260810e-02
70,5.050005930e+00,-3.513237358e+00,0.000000000e+00,6.151861233e+00,-8.610260810e-02
71,5.046159143e+00,-3.514805835e+00,0.000000000e+00,6.149600162e+00,-8.610260810e-02
72,4.846681565e+00,-2.949175855e+00,0.000000000e+00,5.673443435e+00,-8.610260810e-02
73,4.837923952e+00,-2.901760243e+00,0.000000000e+00,5.641428957e+00,-8.610260810e-02
74,4.862849070e+00,-3.045069601e+00,0.000000000e+00,5.737573525e+00,-8.610260810e-02
75,4.853738548e+00,-2.999591571e+00,0.000000000e+00,5.705815234e+00,-8.610260810e-02
76,4.658237649e+00,-2.022104264e+00,0.000000000e+00,5.078196890e+00,-8.610260810e-02
77,4.653572340e+00,-1.999553971e+00,0.000000000e+00,5.064973012e+00,-8.610260810e-02
78,5.655604413e+00,-3.087909052e+00,0.000000000e+00,6.443682456e+00,-8.610260810e-02
79,5.648308875e+00,-3.092713041e+00,0.000000000e+00,6.439585942e+00,-8.610260810e-02
80,4.885149628e+00,-3.180762246e+00,0.000000000e+00,5.829402658e+00,-8.610260810e-02
81,4.884947286e+00,-3.173954629e+00,0.000000000e+00,5.825521262e+00,-8.610260810e-02
82,5.270692988e+00,-3.362098093e+00,0.000000000e+00,6.251712418e+00,-8.610260810e-02
83,5.226468725e+00,-3.390747128e+00,0.000000000e+00,6.230019376e+00,-8.610260810e-02
84,5.156883516e+00,-3.441614345e+00,0.000000000e+00,6.199851361e+00,-8.610260810e-02
85,5.112572232e+00,-3.467845275e+00,0.000000000e+00,6.177729816e+00,-8.610260810e-02
86,5.989126105e+00,-2.845440176e+00,0.000000000e+00,6.630698402e+00,-8.610260810e-02
87,5.967061616e+00,-2.861126853e+00,0.000000000e+00,6.617542686e+00,-8.610260810e-02
88,2.266150180e+00,-4.049552454e+00,0.000000000e+00,4.640507700e+00,-8.610260810e-02
89,2.352250000e+00,-4.058015848e+00,0.000000000e+00,4.690476808e+00,-8.610260810e-02
90,1.655592640e+00,-2.088659886e+00,0.000000000e+00,2.665236783e+00,1.230720951e+01
91,1.639183221e+00,-2.137375000e+00,0.000000000e+00,2.693565207e+00,1.230720951e+01
92,6.292600174e+00,-7.799643802e+00,0.000000000e+00,1.002153982e+01,-8.610260810e-02
93,6.296082100e+00,-7.843230183e+00,0.000000000e+00,1.005767913e+01,-8.610260810e-02
94,1.028233395e+01,-3.630243102e-01,0.000000000e+00,1.028874036e+01,1.230720951e+01
95,1.027682867e+01,-4.115903492e-01,0.000000000e+00,1.028506753e+01,1.230720951e+01
96,9.692187110e+00,2.339837841e+00,0.000000000e+00,9.970623456e+00,1.230720951e+01
97,9.702260766e+00,2.311415297e+00,0.000000000e+00,9.973790887e+00,1.230720951e+01
98,1.487157504e+00,-1.580948710e+01,0.000000000e+00,1.587927957e+01,-8.610260810e-02
99,1.825748658e+00,-1.589174406e+01,0.000000000e+00,1.599627730e+01,-8.610260810e-02
100,1.412522567e+00,-1.585126932e+01,0.000000000e+00,1.591408053e+01,-8.610260810e-02
101,1.241359186e+00,-1.594589572e+01,0.000000000e+00,1.599414152e+01,-8.610260810e-02
102,1.014143778e+01,-9.742525345e-01,0.000000000e+00,1.018812682e+01,1.230720951e+01
103,1.009820958e+01,-1.092502890e+00,0.000000000e+00,1.015713539e+01,1.230720951e+01
104,7.260952700e+00,-8.703764853e+00,0.000000000e+00,1.133476761e+01,1.230720951e+01
105,7.285247271e+00,-8.759040314e+00,0.000000000e+00,1.139278785e+01,1.230720951e+01
106,3.808965963e+00,-3.943447828e+00,0.000000000e+00,5.482609094e+00,-8.610260810e-02
107,3.889109162e+00,-3.917127964e+00,0.000000000e+00,5.519878763e+00,-8.610260810e-02
108,4.043621346e+00,-3.872453468e+00,0.000000000e+00,5.598818577e+00,-8.610260810e-02
109,4.103265421e+00,-3.850658842e+00,0.000000000e+00,5.627109438e+00,-8.610260810e-02
110,4.870537028e+00,-1.244462436e+01,0.000000000e+00,1.336378712e+01,-8.610260810e-02
111,4.715224549e+00,-1.261198022e+01,0.000000000e+00,1.346459756e+01,-8.610260810e-02
112,5.143909541e+00,-3.967576168e+00,0.000000000e+00,6.496265544e+00,-8.610260810e-02
113,5.154977180e+00,-4.002319291e+00,0.000000000e+00,6.526281440e+00,-8.610260810e-02
114,5.094242414e+00,-3.868773328e+00,0.000000000e+00,6.396773627e+00,-8.610260810e-02
115,5.105465775e+00,-3.882502553e+00,0.000000000e+00,6.414016437e+00,-8.610260810e-02
116,5.066161962e+00,-3.806453499e+00,0.000000000e+00,6.336804026e+00,-8.610260810e-02
117,6.737333822e+00,-7.098384636e+00,0.000000000e+00,9.786660895e+00,1.230720951e+01
118,6.749175067e+00,-7.165004803e+00,0.000000000e+00,9.843203641e+00,1.230720951e+01
119,6.867200053e+00,-7.662101939e+00,0.000000000e+00,1.028913226e+01,1.230720951e+01
120,6.874887986e+00,-7.685969311e+00,0.000000000e+00,1.031204195e+01,1.230720951e+01
121,1.879041330e+00,-1.430550302e+01,0.000000000e+00,1.442838220e+01,-8.610260810e-02
122,1.609401407e+00,-1.418378328e+01,0.000000000e+00,1.427479881e+01,-8.610260810e-02
123,5.410361525e+00,-1.167534110e+01,0.000000000e+00,1.286800690e+01,-8.610260810e-02
124,5.318922606e+00,-1.183053920e+01,0.000000000e+00,1.297122182e+01,-8.610260810e-02
125,8.211555748e+00,4.923740336e+00,0.000000000e+00,9.574594858e+00,1.230720951e+01
126,8.394184251e+00,4.748817653e+00,0.000000000e+00,9.644355777e+00,1.230720951e+01
127,5.171887074e+00,-4.039611470e+00,0.000000000e+00,6.562535847e+00,-8.610260810e-02
128,5.190311420e+00,-4.071655712e+00,0.000000000e+00,6.596795652e+00,-8.610260810e-02
129,9.438110779e+00,-2.116544984e+00,0.000000000e+00,9.672522822e+00,1.230720951e+01
130,9.405501316e+00,-2.155797288e+00,0.000000000e+00,9.649399823e+00,1.230720951e+01
131,7.793668987e+00,-3.648328516e+00,0.000000000e+00,8.605322611e+00,1.230720951e+01
132,7.765423736e+00,-3.677264071e+00,0.000000000e+00,8.592093857e+00,1.230720951e+01
133,7.432971122e+00,-4.037357778e+00,0.000000000e+00,8.458682966e+00,1.230720951e+01
134,7.422803607e+00,-4.050092466e+00,0.000000000e+00,8.455841908e+00,1.230720951e+01
135,9.354196501e+00,-1.159527285e+01,0.000000000e+00,1.489803157e+01,1.230720951e+01
136,9.405659041e+00,-1.164350359e+01,0.000000000e+00,1.496788555e+01,1.230720951e+01
137,6.000771077e+00,-1.040916245e+01,0.000000000e+00,1.201498716e+01,-8.610260810e-02
138,5.991653362e+00,-1.043781221e+01,0.000000000e+00,1.203527456e+01,-8.610260810e-02
139,2.365000000e-01,-5.508178822e+00,0.000000000e+00,5.513253684e+00,-8.610260810e-02
140,2.438975237e-01,-5.356995214e+00,0.000000000e+00,5.362544519e+00,-8.610260810e-02
141,8.901459670e+00,-1.112194953e+01,0.000000000e+00,1.424548159e+01,1.230720951e+01
142,9.026094171e+00,-1.125762167e+01,0.000000000e+00,1.442929040e+01,1.230720951e+01
143,5.692664602e+00,-1.115970735e+01,0.000000000e+00,1.252778904e+01,-8.610260810e-02
144,5.642408424e+00,-1.125433135e+01,0.000000000e+00,1.258954912e+01,-8.610260810e-02
145,5.243180618e+00,-4.192497599e+00,0.000000000e+00,6.713268884e+00,-8.610260810e-02
146,5.272119367e+00,-4.255435952e+00,0.000000000e+00,6.775247432e+00,-8.610260810e-02
147,8.158446534e+00,-1.022415408e+01,0.000000000e+00,1.308027433e+01,1.230720951e+01
148,8.167501615e+00,-1.023814507e+01,0.000000000e+00,1.309685829e+01,1.230720951e+01
149,9.172014285e+00,3.629411368e+00,0.000000000e+00,9.863998830e+00,1.230720951e+01
150,9.271832149e+00,3.413903112e+00,0.000000000e+00,9.880364663e+00,1.230720951e+01
151,9.055334379e+00,3.867243479e+00,0.000000000e+00,9.846555380e+00,1.230720951e+01
152,9.122193658e+00,3.734387131e+00,0.000000000e+00,9.856980490e+00,1.230720951e+01
153,9.336968775e+00,3.254803251e+00,0.000000000e+00,9.888009411e+00,1.230720951e+01
154,9.378734487e+00,3.158984481e+00,0.000000000e+00,9.896456110e+00,1.230720951e+01
155,3.967282135e+00,-1.338421742e+01,0.000000000e+00,1.395982104e+01,-8.610260810e-02
156,3.714147760e+00,-1.355684219e+01,0.000000000e+00,1.405641718e+01,-8.610260810e-02
157,1.262840833e+00,-1.371177209e+01,0.000000000e+00,1.376980250e+01,-8.610260810e-02
158,1.033674603e+00,-1.333940417e+01,0.000000000e+00,1.337939411e+01,-8.610260810e-02
159,1.283493642e+00,-1.374692695e+01,0.000000000e+00,1.380671418e+01,-8.610260810e-02
160,1.343226408e+00,-1.380628461e+01,0.000000000e+00,1.387147259e+01,-8.610260810e-02
161,7.479758096e-01,-1.253967850e+01,0.000000000e+00,1.256196660e+01,-8.610260810e-02
162,7.353494499e-01,-1.240497124e+01,0.000000000e+00,1.242674737e+01,-8.610260810e-02
163,8.471830726e-01,-1.278315031e+01,0.000000000e+00,1.281119241e+01,-8.610260810e-02
164,2.392862362e-01,-6.092825235e+00,0.000000000e+00,6.097522222e+00,-8.610260810e-02
165,2.540534952e-01,-5.898636510e+00,0.000000000e+00,5.904105001e+00,-8.610260810e-02
166,5.364981891e+00,-4.473247166e+00,0.000000000e+00,6.985196554e+00,-8.610260810e-02
167,5.379858586e+00,-4.505492455e+00,0.000000000e+00,7.017288698e+00,-8.610260810e-02
168,5.427680779e-01,-1.167820455e+01,0.000000000e+00,1.169081086e+01,-8.610260810e-02
169,5.123961714e-01,-1.128732931e+01,0.000000000e+00,1.129895362e+01,-8.610260810e-02
170,6.000735687e-01,-1.183482223e+01,0.000000000e+00,1.185002554e+01,-8.610260810e-02
171,6.239872319e-01,-1.212038515e+01,0.000000000e+00,1.213643672e+01,-8.610260810e-02
172,1.544961722e+00,-1.407849488e+01,0.000000000e+00,1.416301256e+01,-8.610260810e-02
173,8.378322208e+00,-1.051050616e+01,0.000000000e+00,1.344124335e+01,1.230720951e+01
174,8.387863626e+00,-1.052279794e+01,0.000000000e+00,1.345680247e+01,1.230720951e+01
175,9.981170577e+00,1.521051205e+00,0.000000000e+00,1.009640346e+01,1.230720951e+01
176,1.002691988e+01,1.396995225e+00,0.000000000e+00,1.012376995e+01,1.230720951e+01
177,4.355690329e-01,-1.057080693e+01,0.000000000e+00,1.057977691e+01,-8.610260810e-02
178,3.698035317e-01,-1.026724816e+01,0.000000000e+00,1.027390575e+01,-8.610260810e-02
179,4.548816658e-01,-1.071370055e+01,0.000000000e+00,1.072335288e+01,-8.610260810e-02
180,3.715123949e+00,-3.969424713e+00,0.000000000e+00,5.436770964e+00,-8.610260810e-02
181,3.782460540e+00,-3.949413378e+00,0.000000000e+00,5.468534883e+00,-8.610260810e-02
182,6.252561421e+00,-9.362590608e+00,0.000000000e+00,1.125844693e+01,-8.610260810e-02
183,6.243321453e+00,-9.428716150e+00,0.000000000e+00,1.130839295e+01,-8.610260810e-02
184,8.488564457e+00,-3.021375667e+00,0.000000000e+00,9.010240700e+00,1.230720951e+01
185,8.464152885e+00,-3.043648372e+00,0.000000000e+00,8.994758444e+00,1.230720951e+01
186,4.875765404e-01,-1.120894863e+01,0.000000000e+00,1.121954814e+01,-8.610260810e-02
187,4.597857102e-01,-1.073943545e+01,0.000000000e+00,1.074927331e+01,-8.610260810e-02
188,4.552423638e-01,-1.072515159e+01,0.000000000e+00,1.073480890e+01,-8.610260810e-02
189,4.509323860e+00,-1.284095018e+01,0.000000000e+00,1.360970254e+01,-8.610260810e-02
190,4.427321872e+00,-1.294803464e+01,0.000000000e+00,1.368403376e+01,-8.610260810e-02
191,4.309936391e+00,-1.306786943e+01,0.000000000e+00,1.376026028e+01,-8.610260810e-02
192,4.126783255e+00,-1.319941529e+01,0.000000000e+00,1.382949399e+01,-8.610260810e-02
193,8.701896646e+00,-1.090050115e+01,0.000000000e+00,1.394790058e+01,1.230720951e+01
194,8.749810964e+00,-1.094872939e+01,0.000000000e+00,1.401548669e+01,1.230720951e+01
195,2.354992849e-01,-7.393381769e+00,0.000000000e+00,7.397131464e+00,-8.610260810e-02
196,2.755961231e-01,-7.179169399e+00,0.000000000e+00,7.184457285e+00,-8.610260810e-02
197,2.150363375e-01,-7.902646015e+00,0.000000000e+00,7.905571116e+00,-8.610260810e-02
198,2.720918910e-01,-7.629993874e+00,0.000000000e+00,7.634843844e+00,-8.610260810e-02
199,2.653295543e-01,-8.596811910e+00,0.000000000e+00,8.600905464e+00,-8.610260810e-02
200,2.670259962e-01,-8.404167531e+00,0.000000000e+00,8.408408575e+00,-8.610260810e-02
201,3.182051294e-01,-9.566284183e+00,0.000000000e+00,9.571574979e+00,-8.610260810e-02
202,3.062557609e-01,-9.426816846e+00,0.000000000e+00,9.431790309e+00,-8.610260810e-02
203,3.646982786e+00,-1.363556207e+01,0.000000000e+00,1.411485163e+01,-8.610260810e-02
204,3.354720822e+00,-1.382989701e+01,0.000000000e+00,1.423095932e+01,-8.610260810e-02
205,3.327001566e+00,-1.386212846e+01,0.000000000e+00,1.425578987e+01,-8.610260810e-02
206,1.072744722e+01,1.001375278e+01,0.000000000e+00,1.467492313e+01,1.230720951e+01
207,1.037109271e+01,9.799965858e+00,0.000000000e+00,1.426880846e+01,1.230720951e+01
208,9.105204624e+00,-2.466762936e+00,0.000000000e+00,9.433433661e+00,1.230720951e+01
209,8.936492777e+00,-2.621792183e+00,0.000000000e+00,9.313146482e+00,1.230720951e+01
210,8.018375028e+00,-3.434913262e+00,0.000000000e+00,8.723128292e+00,1.230720951e+01
211,7.916097832e+00,-3.530710728e+00,0.000000000e+00,8.667786518e+00,1.230720951e+01
212,1.008286012e+01,-1.230214474e+01,0.000000000e+00,1.590618853e+01,1.230720951e+01
213,1.015072960e+01,-1.236252343e+01,0.000000000e+00,1.599591501e+01,1.230720951e+01
214,1.179290150e+01,1.067507942e+01,0.000000000e+00,1.590691191e+01,1.230720951e+01
215,1.150635002e+01,1.049094221e+01,0.000000000e+00,1.557099738e+01,1.230720951e+01
216,1.128452144e+01,1.035820025e+01,0.000000000e+00,1.531772622e+01,1.230720951e+01
217,1.186818467e+01,1.071955457e+01,0.000000000e+00,1.599258133e+01,1.230720951e+01
218,3.421653064e-01,-1.004111661e+01,0.000000000e+00,1.004694481e+01,-8.610260810e-02
219,3.386719375e-01,-9.938346573e+00,0.000000000e+00,9.944115410e+00,-8.610260810e-02
220,2.791965923e+00,-1.416247136e+01,0.000000000e+00,1.443505001e+01,-8.610260810e-02
221,2.723972071e+00,-1.421317828e+01,0.000000000e+00,1.447185063e+01,-8.610260810e-02
222,9.399093844e+00,3.112123023e+00,0.000000000e+00,9.900922927e+00,1.230720951e+01
223,9.544562721e+00,2.735499556e+00,0.000000000e+00,9.928828499e+00,1.230720951e+01
224,9.546021149e+00,2.731689109e+00,0.000000000e+00,9.929181495e+00,1.230720951e+01
225,9.078514555e+00,9.026677350e+00,0.000000000e+00,1.280235644e+01,1.230720951e+01
226,8.998963065e+00,8.975880544e+00,0.000000000e+00,1.271014429e+01,1.230720951e+01
227,8.614475526e+00,8.715680538e+00,0.000000000e+00,1.225447983e+01,1.230720951e+01
228,8.507986301e+00,8.647242482e+00,0.000000000e+00,1.213097826e+01,1.230720951e+01
229,2.961239821e-01,-9.079032739e+00,0.000000000e+00,9.083860682e+00,-8.610260810e-02
230,2.922449455e-01,-8.918727698e+00,0.000000000e+00,8.923514490e+00,-8.610260810e-02
231,9.712009512e+00,-1.194203471e+01,0.000000000e+00,1.539270352e+01,1.230720951e+01
232,9.834187072e+00,-1.206215454e+01,0.000000000e+00,1.556299481e+01,1.230720951e+01
233,9.957938172e+00,-1.218471246e+01,0.000000000e+00,1.573619237e+01,1.230720951e+01
234,9.648908151e+00,-1.188420725e+01,0.000000000e+00,1.530803092e+01,1.230720951e+01
235,9.678557865e+00,-1.191164406e+01,0.000000000e+00,1.534802093e+01,1.230720951e+01
236,8.887184548e-01,-1.293993016e+01,0.000000000e+00,1.297041298e+01,-8.610260810e-02
237,9.477788524e-01,-1.304442916e+01,0.000000000e+00,1.307881557e+01,-8.610260810e-02
238,2.055569613e+00,-1.440013305e+01,0.000000000e+00,1.454610595e+01,-8.610260810e-02
239,2.352760296e+00,-1.434313199e+01,0.000000000e+00,1.453481739e+01,-8.610260810e-02
240,2.625852040e+00,-1.428331328e+01,0.000000000e+00,1.452267666e+01,-8.610260810e-02
241,1.076162648e+01,1.003535838e+01,0.000000000e+00,1.471465332e+01,1.230720951e+01
242,1.075229521e+01,1.002910994e+01,0.000000000e+00,1.470356755e+01,1.230720951e+01
243,1.113748506e+01,1.026192867e+01,0.000000000e+00,1.514433074e+01,1.230720951e+01
244,2.418769823e-01,-6.588956945e+00,0.000000000e+00,6.593395036e+00,-8.610260810e-02
245,2.408738388e-01,-6.399902055e+00,0.000000000e+00,6.404433349e+00,-8.610260810e-02
246,2.793086077e-01,-7.122756826e+00,0.000000000e+00,7.128231064e+00,-8.610260810e-02
247,2.791170332e-01,-7.113227714e+00,0.000000000e+00,7.118701766e+00,-8.610260810e-02
248,1.026446379e+01,9.743465910e+00,0.000000000e+00,1.415253846e+01,1.230720951e+01
249,9.956430138e+00,9.548603458e+00,0.000000000e+00,1.379515600e+01,1.230720951e+01
250,9.676238887e+00,9.395326595e+00,0.000000000e+00,1.348709609e+01,1.230720951e+01
251,9.571923858e+00,9.328012727e+00,0.000000000e+00,1.336538618e+01,1.230720951e+01
252,1.010297050e+01,1.151858904e+00,0.000000000e+00,1.016842131e+01,1.230720951e+01
253,1.016934000e+01,9.100765881e-01,0.000000000e+00,1.020998117e+01,1.230720951e+01
254,1.018068001e+01,8.571124327e-01,0.000000000e+00,1.021669649e+01,1.230720951e+01
255,1.022737034e+01,6.497401639e-01,0.000000000e+00,1.024798840e+01,1.230720951e+01
256,3.030434090e+00,-1.405026586e+01,0.000000000e+00,1.437336082e+01,-8.610260810e-02
257,3.238728113e+00,-1.393192779e+01,0.000000000e+00,1.430342517e+01,-8.610260810e-02
258,5.522013134e+00,-4.849726206e+00,0.000000000e+00,7.349317882e+00,-8.610260810e-02
259,5.571957250e+00,-4.978549017e+00,0.000000000e+00,7.472125394e+00,-8.610260810e-02
260,5.500085494e+00,-4.803987936e+00,0.000000000e+00,7.302687213e+00,-8.610260810e-02
261,5.509321775e+00,-4.822245039e+00,0.000000000e+00,7.321657848e+00,-8.610260810e-02
262,5.444173109e+00,-4.660462071e+00,0.000000000e+00,7.166514324e+00,-8.610260810e-02
263,5.453773021e+00,-4.687542227e+00,0.000000000e+00,7.191431867e+00,-8.610260810e-02
264,9.495404627e+00,9.278281755e+00,0.000000000e+00,1.327588872e+01,1.230720951e+01
265,9.371842253e+00,9.210680923e+00,0.000000000e+00,1.314032230e+01,1.230720951e+01
266,1.028220865e+01,2.905223056e-01,0.000000000e+00,1.028631217e+01,1.230720951e+01
267,1.029253066e+01,1.586490813e-01,0.000000000e+00,1.029375330e+01,1.230720951e+01
268,6.683881388e+00,-5.740688233e+00,0.000000000e+00,8.810775890e+00,1.230720951e+01
269,6.678411211e+00,-5.796848775e+00,0.000000000e+00,8.843338285e+00,1.230720951e+01
270,6.659371844e+00,-6.388345393e+00,0.000000000e+00,9.228119538e+00,1.230720951e+01
271,6.659658509e+00,-6.402638983e+00,0.000000000e+00,9.238226962e+00,1.230720951e+01
272,3.019960971e+00,-4.104557863e+00,0.000000000e+00,5.095837470e+00,-8.610260810e-02
273,3.147776841e+00,-4.090563444e+00,0.000000000e+00,5.161512213e+00,-8.610260810e-02
274,3.375101283e+00,-4.051939897e+00,0.000000000e+00,5.273473769e+00,-8.610260810e-02
275,3.434765050e+00,-4.040902573e+00,0.000000000e+00,5.303442708e+00,-8.610260810e-02
276,3.605519688e+00,-3.998048200e+00,0.000000000e+00,5.383694050e+00,-8.610260810e-02
277,3.624744202e+00,-3.993687361e+00,0.000000000e+00,5.393357884e+00,-8.610260810e-02
278,5.612676760e+00,-5.084645597e+00,0.000000000e+00,7.573358651e+00,-8.610260810e-02
279,5.660777842e+00,-5.219440382e+00,0.000000000e+00,7.699802834e+00,-8.610260810e-02
280,5.751046850e+00,-5.465695056e+00,0.000000000e+00,7.934000398e+00,-8.610260810e-02
281,5.777232872e+00,-5.541111947e+00,0.000000000e+00,8.005019754e+00,-8.610260810e-02
282,9.775627638e+00,-1.690243075e+00,0.000000000e+00,9.920676255e+00,1.230720951e+01
283,9.671214115e+00,-1.836756449e+00,0.000000000e+00,9.844087398e+00,1.230720951e+01
284,2.176082107e+00,-4.045113767e+00,0.000000000e+00,4.593286266e+00,-8.610260810e-02
285,2.250046794e+00,-4.048584378e+00,0.000000000e+00,4.631818869e+00,-8.610260810e-02
286,2.381842812e+00,-2.907714594e+00,0.000000000e+00,3.758720439e+00,1.230720951e+01
287,2.399125000e+00,-2.886296761e+00,0.000000000e+00,3.753199936e+00,1.230720951e+01
288,6.309784049e+00,-8.840707022e+00,0.000000000e+00,1.086146746e+01,-8.610260810e-02
289,6.307701761e+00,-8.872143110e+00,0.000000000e+00,1.088586353e+01,-8.610260810e-02
290,2.561462234e+00,-2.446853739e+00,0.000000000e+00,3.542341316e+00,1.230720951e+01
291,2.564024600e+00,-2.421858876e+00,0.000000000e+00,3.526984912e+00,1.230720951e+01
292,2.211625000e+00,-1.668374332e+00,0.000000000e+00,2.770335368e+00,1.230720951e+01
293,2.180098429e+00,-1.666778208e+00,0.000000000e+00,2.744262880e+00,1.230720951e+01
294,1.508500000e+00,-4.050224169e+00,0.000000000e+00,4.322023608e+00,-8.610260810e-02
295,1.515658185e+00,-4.050145569e+00,0.000000000e+00,4.324453592e+00,-8.610260810e-02
296,6.637406767e+00,3.535360938e+00,0.000000000e+00,7.520235737e+00,-8.610260810e-02
297,6.653441723e+00,3.523853640e+00,0.000000000e+00,7.528999352e+00,-8.610260810e-02
298,6.175513525e+00,3.819598763e+00,0.000000000e+00,7.261287903e+00,-8.610260810e-02
299,6.218534610e+00,3.798461708e+00,0.000000000e+00,7.286870662e+00,-8.610260810e-02
300,5.778720297e+00,3.976320410e+00,0.000000000e+00,7.014608491e+00,-8.610260810e-02
301,5.779741057e+00,3.975997136e+00,0.000000000e+00,7.015266204e+00,-8.610260810e-02
302,6.044336729e+00,3.879787166e+00,0.000000000e+00,7.182392007e+00,-8.610260810e-02
303,6.055076921e+00,3.875527530e+00,0.000000000e+00,7.189135564e+00,-8.610260810e-02
304,4.241238661e+00,1.995803743e+00,0.000000000e+00,4.687359380e+00,-8.610260810e-02
305,4.242569350e+00,2.009056452e+00,0.000000000e+00,4.694220118e+00,-8.610260810e-02
306,4.388981497e+00,2.925596937e+00,0.000000000e+00,5.274682552e+00,-8.610260810e-02
307,4.397465012e+00,2.963440187e+00,0.000000000e+00,5.302798909e+00,-8.610260810e-02
308,4.436646294e+00,3.113311651e+00,0.000000000e+00,5.420012894e+00,-8.610260810e-02
309,4.440146792e+00,3.126676426e+00,0.000000000e+00,5.430562495e+00,-8.610260810e-02
310,7.134302217e+00,3.103610837e+00,0.000000000e+00,7.780145780e+00,-8.610260810e-02
311,7.608914740e+00,-1.283666694e+00,0.000000000e+00,7.716435946e+00,-8.610260810e-02
312,7.562884772e+00,-1.348802802e+00,0.000000000e+00,7.682219411e+00,-8.610260810e-02
313,7.081052830e+00,-1.914855790e+00,0.000000000e+00,7.335392415e+00,-8.610260810e-02
314,7.065853480e+00,-1.929942501e+00,0.000000000e+00,7.324681800e+00,-8.610260810e-02
315,6.904530887e+00,-2.087234866e+00,0.000000000e+00,7.213119724e+00,-8.610260810e-02
316,6.889987175e+00,-2.101046601e+00,0.000000000e+00,7.203215954e+00,-8.610260810e-02
317,4.729937402e+00,3.717914140e+00,0.000000000e+00,6.016244126e+00,-8.610260810e-02
318,4.764204350e+00,3.758798557e+00,0.000000000e+00,6.068460239e+00,-8.610260810e-02
319,8.206213974e+00,6.530517857e-01,0.000000000e+00,8.232157945e+00,-8.610260810e-02
320,8.206600028e+00,6.426032327e-01,0.000000000e+00,8.231720533e+00,-8.610260810e-02
321,6.682077863e+00,-2.285374357e+00,0.000000000e+00,7.062088963e+00,-8.610260810e-02
322,6.657602763e+00,-2.307180965e+00,0.000000000e+00,7.046045597e+00,-8.610260810e-02
323,6.436262080e+00,-2.492579169e+00,0.000000000e+00,6.902059148e+00,-8.610260810e-02
324,6.407579283e+00,-2.516667040e+00,0.000000000e+00,6.884089283e+00,-8.610260810e-02
325,1.977250000e+00,-3.029181742e+00,0.000000000e+00,3.617382975e+00,1.230720951e+01
326,2.032389697e+00,-3.041575000e+00,0.000000000e+00,3.658112404e+00,1.230720951e+01
327,2.062622315e+00,-1.685281250e+00,0.000000000e+00,2.663565975e+00,1.230720951e+01
328,1.977250000e+00,-1.718242138e+00,0.000000000e+00,2.619517820e+00,1.230720951e+01
329,7.556313366e+00,-9.286635988e+00,0.000000000e+00,1.197244669e+01,1.230720951e+01
330,7.571891493e+00,-9.316140175e+00,0.000000000e+00,1.200516591e+01,1.230720951e+01
331,7.612139355e+00,7.836301134e+00,0.000000000e+00,1.092484696e+01,1.230720951e+01
332,7.551129030e+00,7.756319959e+00,0.000000000e+00,1.082497339e+01,1.230720951e+01
333,6.782379117e+00,-7.324778987e+00,0.000000000e+00,9.982637612e+00,1.230720951e+01
334,6.786501941e+00,-7.345526164e+00,0.000000000e+00,1.000066814e+01,1.230720951e+01
335,7.849491964e+00,-9.776685311e+00,0.000000000e+00,1.253786663e+01,1.230720951e+01
336,7.885896637e+00,-9.828090037e+00,0.000000000e+00,1.260074282e+01,1.230720951e+01
337,7.644130574e+00,-9.440233835e+00,0.000000000e+00,1.214704685e+01,1.230720951e+01
338,7.707219017e+00,-9.549127822e+00,0.000000000e+00,1.227139222e+01,1.230720951e+01
339,7.972174488e+00,-9.960859873e+00,0.000000000e+00,1.275830300e+01,1.230720951e+01
340,7.998379969e+00,-9.998463098e+00,0.000000000e+00,1.280403633e+01,1.230720951e+01
341,2.514446564e+00,-1.942712710e+00,0.000000000e+00,3.177510692e+00,1.230720951e+01
342,2.505012300e+00,-1.920844718e+00,0.000000000e+00,3.156696224e+00,1.230720951e+01
343,2.564024600e+00,-2.140628530e+00,0.000000000e+00,3.340136622e+00,1.230720951e+01
344,2.560698325e+00,-2.110412138e+00,0.000000000e+00,3.318284995e+00,1.230720951e+01
345,6.125614788e+00,-9.992401411e+00,0.000000000e+00,1.172054788e+01,-8.610260810e-02
346,6.090605634e+00,-1.011696130e+01,0.000000000e+00,1.180882649e+01,-8.610260810e-02
347,7.180274042e+00,7.080461758e+00,0.000000000e+00,1.008410998e+01,1.230720951e+01
348,7.160273742e+00,6.988456240e+00,0.000000000e+00,1.000540058e+01,1.230720951e+01
349,7.145441744e+00,6.398969097e+00,0.000000000e+00,9.591879024e+00,1.230720951e+01
350,7.149298379e+00,6.379414164e+00,0.000000000e+00,9.581721786e+00,1.230720951e+01
351,5.826887042e+00,-5.686496035e+00,0.000000000e+00,8.141796470e+00,-8.610260810e-02
352,5.865659989e+00,-5.805538911e+00,0.000000000e+00,8.252893381e+00,-8.610260810e-02
353,6.089910871e+00,-6.594060509e+00,0.000000000e+00,8.976004033e+00,-8.610260810e-02
354,6.095117196e+00,-6.613543927e+00,0.000000000e+00,8.993854396e+00,-8.610260810e-02
355,5.957414658e+00,-6.101695748e+00,0.000000000e+00,8.527689042e+00,-8.610260810e-02
356,5.969320653e+00,-6.141361588e+00,0.000000000e+00,8.564409566e+00,-8.610260810e-02
357,6.689230394e+00,-6.775591949e+00,0.000000000e+00,9.521263021e+00,1.230720951e+01
358,6.694660523e+00,-6.820650000e+00,0.000000000e+00,9.557182950e+00,1.230720951e+01
359,6.898679386e+00,-4.913468775e+00,0.000000000e+00,8.469589876e+00,1.230720951e+01
360,6.889547857e+00,-4.933851306e+00,0.000000000e+00,8.474004861e+00,1.230720951e+01
361,6.788245307e+00,-5.234014209e+00,0.000000000e+00,8.571766392e+00,1.230720951e+01
362,6.768762054e+00,-5.298929917e+00,0.000000000e+00,8.596208351e+00,1.230720951e+01
363,6.656740818e+00,-6.109272463e+00,0.000000000e+00,9.035231505e+00,1.230720951e+01
364,6.656134484e+00,-6.169178830e+00,0.000000000e+00,9.075400470e+00,1.230720951e+01
365,3.228062555e+00,-4.081193936e+00,0.000000000e+00,5.203511488e+00,-8.610260810e-02
366,6.747199436e+00,-5.390073724e+00,0.000000000e+00,8.635832037e+00,1.230720951e+01
367,6.746029691e+00,-5.394291079e+00,0.000000000e+00,8.637551322e+00,1.230720951e+01
368,6.720805246e+00,-5.511814415e+00,0.000000000e+00,8.691911257e+00,1.230720951e+01
369,6.717515515e+00,-5.534361254e+00,0.000000000e+00,8.703687103e+00,1.230720951e+01
370,4.377094835e-01,-4.280717065e+00,0.000000000e+00,4.303037088e+00,-8.610260810e-02
371,4.730000000e-01,-4.273142035e+00,0.000000000e+00,4.299240846e+00,-8.610260810e-02
372,2.117875000e+00,-4.044634351e+00,0.000000000e+00,4.565573518e+00,-8.610260810e-02
373,2.152680591e+00,-4.044224925e+00,0.000000000e+00,4.581461444e+00,-8.610260810e-02
374,2.431536553e+00,-2.832962131e+00,0.000000000e+00,3.733369048e+00,1.230720951e+01
375,2.443409014e+00,-2.812401308e+00,0.000000000e+00,3.725566900e+00,1.230720951e+01
376,2.305375000e+00,-2.983355616e+00,0.000000000e+00,3.770300335e+00,1.230720951e+01
377,2.310505947e+00,-2.978876630e+00,0.000000000e+00,3.769899695e+00,1.230720951e+01
378,2.211625000e+00,-3.030179463e+00,0.000000000e+00,3.751436087e+00,1.230720951e+01
379,2.240989115e+00,-3.020463877e+00,0.000000000e+00,3.761015055e+00,1.230720951e+01
380,2.077186786e+00,-3.049033790e+00,0.000000000e+00,3.689351162e+00,1.230720951e+01
381,2.117875000e+00,-3.046996300e+00,0.000000000e+00,3.710738601e+00,1.230720951e+01
382,1.855755790e+00,-1.798300000e+00,0.000000000e+00,2.584127017e+00,1.230720951e+01
383,1.789750000e+00,-1.859100880e+00,0.000000000e+00,2.580593177e+00,1.230720951e+01
384,6.311626501e+00,-8.055128827e+00,0.000000000e+00,1.023336355e+01,-8.610260810e-02
385,6.314660992e+00,-8.129388478e+00,0.000000000e+00,1.029377970e+01,-8.610260810e-02
386,6.320520103e+00,-8.265987756e+00,0.000000000e+00,1.040555275e+01,-8.610260810e-02
387,6.322071152e+00,-8.359412834e+00,0.000000000e+00,1.048085715e+01,-8.610260810e-02
388,2.505012300e+00,-2.665527727e+00,0.000000000e+00,3.657885275e+00,1.230720951e+01
389,2.515294677e+00,-2.639544770e+00,0.000000000e+00,3.646080622e+00,1.230720951e+01
390,2.672397159e+00,-4.106668810e+00,0.000000000e+00,4.899636241e+00,-8.610260810e-02
391,2.716151683e+00,-4.111741501e+00,0.000000000e+00,4.927869533e+00,-8.610260810e-02
392,2.512215602e+00,-4.086635896e+00,0.000000000e+00,4.797063704e+00,-8.610260810e-02
393,2.536050561e+00,-4.092006466e+00,0.000000000e+00,4.814153027e+00,-8.610260810e-02
394,1.963615628e+00,-4.042338310e+00,0.000000000e+00,4.494027743e+00,-8.610260810e-02
395,1.977250000e+00,-4.042594391e+00,0.000000000e+00,4.500231880e+00,-8.610260810e-02
396,1.777857516e+00,-4.044438214e+00,0.000000000e+00,4.417947240e+00,-8.610260810e-02
397,1.789750000e+00,-4.044863559e+00,0.000000000e+00,4.423135345e+00,-8.610260810e-02
398,2.322045539e+00,-1.705378141e+00,0.000000000e+00,2.881008520e+00,1.230720951e+01
399,2.305375000e+00,-1.695662566e+00,0.000000000e+00,2.861822047e+00,1.230720951e+01
400,1.608723736e+00,-2.484254736e+00,0.000000000e+00,2.959647555e+00,1.230720951e+01
401,1.626467906e+00,-2.589475000e+00,0.000000000e+00,3.057904287e+00,1.230720951e+01
402,1.613486467e+00,-2.263946684e+00,0.000000000e+00,2.780070712e+00,1.230720951e+01
403,1.604042042e+00,-2.363425000e+00,0.000000000e+00,2.856348824e+00,1.230720951e+01
404,1.715198176e+00,-2.815525000e+00,0.000000000e+00,3.296829660e+00,1.230720951e+01
405,1.789750000e+00,-2.910496916e+00,0.000000000e+00,3.416752458e+00,1.230720951e+01
406,6.811291359e+00,-7.451356807e+00,0.000000000e+00,1.009536568e+01,1.230720951e+01
407,6.813148021e+00,-7.459467342e+00,0.000000000e+00,1.010260555e+01,1.230720951e+01
408,6.039314897e+00,-6.392764796e+00,0.000000000e+00,8.794359906e+00,-8.610260810e-02
409,6.041339119e+00,-6.400073846e+00,0.000000000e+00,8.801063776e+00,-8.610260810e-02
410,6.674558379e+00,-6.633150000e+00,0.000000000e+00,9.410016391e+00,1.230720951e+01
411,6.678119321e+00,-6.672219779e+00,0.000000000e+00,9.440116231e+00,1.230720951e+01
412,5.912500000e-01,-4.230101655e+00,0.000000000e+00,4.271221907e+00,-8.610260810e-02
413,6.017876339e-01,-4.226686075e+00,0.000000000e+00,4.269311834e+00,-8.610260810e-02
414,1.324815343e+00,-4.054175477e+00,0.000000000e+00,4.265146479e+00,-8.610260810e-02
415,1.414750000e+00,-4.052611624e+00,0.000000000e+00,4.292456003e+00,-8.610260810e-02
416,1.593649391e+00,-4.048406679e+00,0.000000000e+00,4.350783266e+00,-8.610260810e-02
417,1.610661020e+00,-4.048635235e+00,0.000000000e+00,4.357255580e+00,-8.610260810e-02
418,6.241919622e+00,-2.649255827e+00,0.000000000e+00,6.780864031e+00,-8.610260810e-02
419,6.227387449e+00,-2.661106451e+00,0.000000000e+00,6.772137180e+00,-8.610260810e-02
420,4.609593098e+00,-1.800800183e+00,0.000000000e+00,4.948861468e+00,-8.610260810e-02
421,4.589357581e+00,-1.715233595e+00,0.000000000e+00,4.899411116e+00,-8.610260810e-02
422,7.990618914e+00,-5.746015124e-01,0.000000000e+00,8.011251932e+00,-8.610260810e-02
423,7.984548633e+00,-5.901075299e-01,0.000000000e+00,8.006325235e+00,-8.610260810e-02
424,4.932752030e+00,3.898404465e+00,0.000000000e+00,6.287256951e+00,-8.610260810e-02
425,4.938917199e+00,3.902531878e+00,0.000000000e+00,6.294653140e+00,-8.610260810e-02
426,7.774590363e+00,-1.020339275e+00,0.000000000e+00,7.841259308e+00,-8.610260810e-02
427,7.753697642e+00,-1.056064310e+00,0.000000000e+00,7.825285870e+00,-8.610260810e-02
428,1.133500000e+00,-4.068029709e+00,0.000000000e+00,4.222995141e+00,-8.610260810e-02
429,1.139841182e+00,-4.066419507e+00,0.000000000e+00,4.223151137e+00,-8.610260810e-02
430,7.866072225e+00,8.110411551e+00,0.000000000e+00,1.129840112e+01,1.230720951e+01
431,7.811023696e+00,8.050892877e+00,0.000000000e+00,1.121735117e+01,1.230720951e+01
432,2.573775798e+00,-2.333387933e+00,0.000000000e+00,3.474049670e+00,1.230720951e+01
433,2.573431947e+00,-2.229452611e+00,0.000000000e+00,3.404851088e+00,1.230720951e+01
434,5.901326992e+00,-1.067976384e+01,0.000000000e+00,1.220176283e+01,-8.610260810e-02
435,5.857364893e+00,-1.078814483e+01,0.000000000e+00,1.227569926e+01,-8.610260810e-02
436,6.269859848e+00,-9.243372125e+00,0.000000000e+00,1.116920189e+01,-8.610260810e-02
437,6.264375436e+00,-9.281570471e+00,0.000000000e+00,1.119776540e+01,-8.610260810e-02
438,6.119819672e+00,-6.723363357e+00,0.000000000e+00,9.091523945e+00,-8.610260810e-02
439,6.143681904e+00,-6.828604972e+00,0.000000000e+00,9.185568747e+00,-8.610260810e-02
440,6.000226783e+00,-6.249589569e+00,0.000000000e+00,8.663722712e+00,-8.610260810e-02
441,6.006369557e+00,-6.270726797e+00,0.000000000e+00,8.683230379e+00,-8.610260810e-02
442,6.824246429e+00,-5.114140559e+00,0.000000000e+00,8.527882092e+00,1.230720951e+01
443,6.808632726e+00,-5.163779786e+00,0.000000000e+00,8.545297027e+00,1.230720951e+01
444,6.660051131e+00,-6.025948089e+00,0.000000000e+00,8.981555067e+00,1.230720951e+01
445,6.659390645e+00,-6.034024322e+00,0.000000000e+00,8.986486148e+00,1.230720951e+01
446,2.905667831e+00,-4.112095527e+00,0.000000000e+00,5.035100314e+00,-8.610260810e-02
447,2.977777910e+00,-4.105938539e+00,0.000000000e+00,5.072069850e+00,-8.610260810e-02
448,7.828359479e+00,5.280121500e+00,0.000000000e+00,9.442610613e+00,1.230720951e+01
449,7.968778659e+00,5.151892739e+00,0.000000000e+00,9.489121777e+00,1.230720951e+01
450,3.700792703e-01,-4.454935045e+00,0.000000000e+00,4.470280184e+00,-8.610260810e-02
451,4.042922971e-01,-4.331915264e+00,0.000000000e+00,4.350740410e+00,-8.610260810e-02
452,2.680004883e-01,-4.665493925e+00,0.000000000e+00,4.673184976e+00,-8.610260810e-02
453,2.846688847e-01,-4.626768224e+00,0.000000000e+00,4.635517293e+00,-8.610260810e-02
454,6.322144350e+00,-8.373255960e+00,0.000000000e+00,1.049194570e+01,-8.610260810e-02
455,6.322369429e+00,-8.454915315e+00,0.000000000e+00,1.055736464e+01,-8.610260810e-02
456,6.313242242e+00,-8.758844214e+00,0.000000000e+00,1.079696159e+01,-8.610260810e-02
457,6.312484184e+00,-8.788986587e+00,0.000000000e+00,1.082098617e+01,-8.610260810e-02
458,6.163053023e+00,-2.710753158e+00,0.000000000e+00,6.732860109e+00,-8.610260810e-02
459,6.100824388e+00,-2.760292673e+00,0.000000000e+00,6.696213397e+00,-8.610260810e-02
460,6.960205428e+00,3.270800977e+00,0.000000000e+00,7.690422526e+00,-8.610260810e-02
461,7.040699788e+00,3.195262164e+00,0.000000000e+00,7.731827326e+00,-8.610260810e-02
462,4.270504137e+00,2.234637705e+00,0.000000000e+00,4.819835190e+00,-8.610260810e-02
463,4.281301549e+00,2.308570192e+00,0.000000000e+00,4.864055847e+00,-8.610260810e-02
464,4.234596781e+00,1.932192393e+00,0.000000000e+00,4.654586700e+00,-8.610260810e-02
465,4.236078242e+00,1.948371238e+00,0.000000000e+00,4.662671911e+00,-8.610260810e-02
466,7.311458223e+00,2.910672467e+00,0.000000000e+00,7.869525751e+00,-8.610260810e-02
467,7.322039465e+00,2.898037395e+00,0.000000000e+00,7.874698894e+00,-8.610260810e-02
468,7.248693167e+00,-1.735264061e+00,0.000000000e+00,7.453502129e+00,-8.610260810e-02
469,7.174986167e+00,-1.815218392e+00,0.000000000e+00,7.401043460e+00,-8.610260810e-02
470,1.039750000e+00,-4.081483078e+00,0.000000000e+00,4.211838575e+00,-8.610260810e-02
471,1.055040334e+00,-4.077208008e+00,0.000000000e+00,4.211500355e+00,-8.610260810e-02
472,1.696000000e+00,-1.990393452e+00,0.000000000e+00,2.614972676e+00,1.230720951e+01
473,1.684834377e+00,-2.010888725e+00,0.000000000e+00,2.623421495e+00,1.230720951e+01
474,8.117058395e+00,8.336275804e+00,0.000000000e+00,1.163529678e+01,1.230720951e+01
475,8.096824790e+00,8.316296287e+00,0.000000000e+00,1.160686674e+01,1.230720951e+01
476,6.319894864e+00,-8.622336781e+00,0.000000000e+00,1.069045194e+01,-8.610260810e-02
477,6.318468670e+00,-8.682548547e+00,0.000000000e+00,1.073823522e+01,-8.610260810e-02
478,6.880971077e+00,-4.956041135e+00,0.000000000e+00,8.479982705e+00,1.230720951e+01
479,6.855082478e+00,-5.023164096e+00,0.000000000e+00,8.498490060e+00,1.230720951e+01
480,1.766927721e+00,-1.883810461e+00,0.000000000e+00,2.582784432e+00,1.230720951e+01
481,1.744885308e+00,-1.911325000e+00,0.000000000e+00,2.588008500e+00,1.230720951e+01
482,6.081022260e+00,-2.776180922e+00,0.000000000e+00,6.684759699e+00,-8.610260810e-02
483,6.004386054e+00,-2.832990428e+00,0.000000000e+00,6.639163099e+00,-8.610260810e-02
484,4.507770890e+00,-1.352586274e+00,0.000000000e+00,4.706324258e+00,-8.610260810e-02
485,4.482091121e+00,-1.243753263e+00,0.000000000e+00,4.651458158e+00,-8.610260810e-02
486,4.559617382e+00,-1.585705604e+00,0.000000000e+00,4.827481013e+00,-8.610260810e-02
487,4.632512077e+00,-1.909483102e+00,0.000000000e+00,5.010618111e+00,-8.610260810e-02
488,4.630253149e+00,-1.897930570e+00,0.000000000e+00,5.004136756e+00,-8.610260810e-02
489,4.464605161e+00,-1.169979869e+00,0.000000000e+00,4.615360456e+00,-8.610260810e-02
490,4.463145420e+00,-1.163564563e+00,0.000000000e+00,4.612325827e+00,-8.610260810e-02
491,4.436090992e+00,-1.043802328e+00,0.000000000e+00,4.557238921e+00,-8.610260810e-02
492,4.430585755e+00,-1.018883701e+00,0.000000000e+00,4.546230761e+00,-8.610260810e-02
493,4.185050846e+00,9.773368701e-01,0.000000000e+00,4.297654935e+00,-8.610260810e-02
494,4.185356456e+00,1.023389890e+00,0.000000000e+00,4.308658206e+00,-8.610260810e-02
495,4.201359187e+00,1.485583477e+00,0.000000000e+00,4.456273924e+00,-8.610260810e-02
496,4.203251250e+00,1.520058197e+00,0.000000000e+00,4.469664192e+00,-8.610260810e-02
497,4.197942918e+00,4.653763932e-01,0.000000000e+00,4.223659542e+00,-8.610260810e-02
498,4.195494066e+00,5.064393596e-01,0.000000000e+00,4.225949749e+00,-8.610260810e-02
499,5.477134478e+00,4.025034130e+00,0.000000000e+00,6.797050966e+00,-8.610260810e-02
500,5.504367321e+00,4.023520142e+00,0.000000000e+00,6.818120997e+00,-8.610260810e-02
501,5.395499152e+00,4.026361653e+00,0.000000000e+00,6.732235830e+00,-8.610260810e-02
502,5.433599101e+00,4.027251160e+00,0.000000000e+00,6.763338754e+00,-8.610260810e-02
503,4.282289599e+00,2.313940848e+00,0.000000000e+00,4.867476395e+00,-8.610260810e-02
504,4.283107015e+00,2.320219198e+00,0.000000000e+00,4.871182898e+00,-8.610260810e-02
505,4.239449153e+00,-5.377294897e-04,0.000000000e+00,4.239449188e+00,-8.610260810e-02
506,4.234532337e+00,4.066598296e-02,0.000000000e+00,4.234727599e+00,-8.610260810e-02
507,5.475936583e+00,-3.216211205e+00,0.000000000e+00,6.350582334e+00,-8.610260810e-02
508,5.455103798e+00,-3.229852265e+00,0.000000000e+00,6.339566475e+00,-8.610260810e-02
509,7.963315883e+00,1.803423410e+00,0.000000000e+00,8.164970045e+00,-8.610260810e-02
510,7.977690857e+00,1.765984696e+00,0.000000000e+00,8.170817178e+00,-8.610260810e-02
511,7.787607785e+00,2.194237395e+00,0.000000000e+00,8.090828929e+00,-8.610260810e-02
512,7.801641363e+00,2.166836971e+00,0.000000000e+00,8.096961801e+00,-8.610260810e-02
513,5.001015707e+00,3.935756055e+00,0.000000000e+00,6.363987258e+00,-8.610260810e-02
514,5.012479189e+00,3.940826571e+00,0.000000000e+00,6.376132188e+00,-8.610260810e-02
515,5.131841875e+00,3.987264542e+00,0.000000000e+00,6.498775235e+00,-8.610260810e-02
516,5.176112892e+00,3.998265157e+00,0.000000000e+00,6.540509837e+00,-8.610260810e-02
517,4.762578330e+00,-2.492657257e+00,0.000000000e+00,5.375452776e+00,-8.610260810e-02
518,4.739954791e+00,-2.384990663e+00,0.000000000e+00,5.306161690e+00,-8.610260810e-02
519,8.085070188e+00,1.433698487e+00,0.000000000e+00,8.211202792e+00,-8.610260810e-02
520,8.101803932e+00,1.368195490e+00,0.000000000e+00,8.216519083e+00,-8.610260810e-02
521,7.587163301e+00,2.541168494e+00,0.000000000e+00,8.001411393e+00,-8.610260810e-02
522,7.629997093e+00,2.474522079e+00,0.000000000e+00,8.021229030e+00,-8.610260810e-02
523,7.472851780e+00,-1.470639901e+00,0.000000000e+00,7.616186411e+00,-8.610260810e-02
524,7.461599496e+00,-1.484900208e+00,0.000000000e+00,7.607916645e+00,-8.610260810e-02
525,7.386179300e+00,-1.578503155e+00,0.000000000e+00,7.552967421e+00,-8.610260810e-02
526,7.381023254e+00,-1.584648210e+00,0.000000000e+00,7.549212822e+00,-8.610260810e-02
527,4.521161450e+00,3.358421893e+00,0.000000000e+00,5.632042122e+00,-8.610260810e-02
528,4.525409133e+00,3.367755676e+00,0.000000000e+00,5.641019953e+00,-8.610260810e-02
529,4.699156107e+00,-2.194176779e+00,0.000000000e+00,5.186181626e+00,-8.610260810e-02
530,4.687232388e+00,-2.141811966e+00,0.000000000e+00,5.153397516e+00,-8.610260810e-02
531,4.731465956e+00,-2.343010561e+00,0.000000000e+00,5.279817098e+00,-8.610260810e-02
532,4.718262597e+00,-2.279812389e+00,0.000000000e+00,5.240185728e+00,-8.610260810e-02
533,5.842540492e+00,-2.952372952e+00,0.000000000e+00,6.546127516e+00,-8.610260810e-02
534,5.818982660e+00,-2.968225225e+00,0.000000000e+00,6.532298231e+00,-8.610260810e-02
535,5.768262539e+00,-3.006625482e+00,0.000000000e+00,6.504817408e+00,-8.610260810e-02
536,4.634968681e+00,-1.922020093e+00,0.000000000e+00,5.017678339e+00,-8.610260810e-02
537,4.674687023e+00,-2.089603974e+00,0.000000000e+00,5.120463215e+00,-8.610260810e-02
538,4.215934746e+00,-3.817645761e+00,0.000000000e+00,5.687576368e+00,-8.610260810e-02
539,4.239776672e+00,-3.808817463e+00,0.000000000e+00,5.699368096e+00,-8.610260810e-02
540,4.289898230e+00,-3.793137952e+00,0.000000000e+00,5.726353320e+00,-8.610260810e-02
541,4.296097717e+00,-3.790633608e+00,0.000000000e+00,5.729341912e+00,-8.610260810e-02
542,5.274614360e+00,-4.261248785e+00,0.000000000e+00,6.780840497e+00,-8.610260810e-02
543,1.631147263e+00,-2.172213541e+00,0.000000000e+00,2.716459655e+00,1.230720951e+01
544,1.678361871e+00,-2.024350000e+00,0.000000000e+00,2.629618127e+00,1.230720951e+01
545,1.922861880e+00,-1.750847942e+00,0.000000000e+00,2.600551158e+00,1.230720951e+01
546,1.883500000e+00,-1.774456805e+00,0.000000000e+00,2.587715055e+00,1.230720951e+01
547,1.023869247e+01,-6.404462641e-01,0.000000000e+00,1.025870338e+01,1.230720951e+01
548,1.029350130e+01,-1.478607982e-01,0.000000000e+00,1.029456322e+01,1.230720951e+01
549,9.835260791e+00,1.943660615e+00,0.000000000e+00,1.002547612e+01,1.230720951e+01
550,9.879832736e+00,1.828857699e+00,0.000000000e+00,1.004767711e+01,1.230720951e+01
551,9.546368176e+00,2.730712945e+00,0.000000000e+00,9.929246625e+00,1.230720951e+01
552,1.021371815e+01,-7.410417206e-01,0.000000000e+00,1.024056547e+01,1.230720951e+01
553,9.956558504e+00,-1.390856741e+00,0.000000000e+00,1.005323529e+01,1.230720951e+01
554,9.947142561e+00,-1.408724677e+00,0.000000000e+00,1.004639987e+01,1.230720951e+01
555,9.929393936e+00,-1.436028375e+00,0.000000000e+00,1.003269861e+01,1.230720951e+01
556,7.359725971e+00,-8.912375793e+00,0.000000000e+00,1.155837396e+01,1.230720951e+01
557,7.390799898e+00,-8.972784070e+00,0.000000000e+00,1.162474847e+01,1.230720951e+01
558,7.436832830e+00,-9.063415000e+00,0.000000000e+00,1.172399139e+01,1.230720951e+01
559,7.437938301e+00,-9.065536983e+00,0.000000000e+00,1.172633306e+01,1.230720951e+01
560,7.305186331e+00,-8.801628689e+00,0.000000000e+00,1.143828724e+01,1.230720951e+01
561,6.763460895e+00,-7.239442471e+00,0.000000000e+00,9.907266554e+00,1.230720951e+01
562,6.724567490e+00,-7.026234626e+00,0.000000000e+00,9.725624964e+00,1.230720951e+01
563,6.948949247e+00,-7.923816311e+00,0.000000000e+00,1.053920114e+01,1.230720951e+01
564,6.955959837e+00,-7.943562596e+00,0.000000000e+00,1.055867245e+01,1.230720951e+01
565,6.914853371e+00,-7.819332642e+00,0.000000000e+00,1.043825465e+01,1.230720951e+01
566,6.916312495e+00,-7.824154039e+00,0.000000000e+00,1.044283319e+01,1.230720951e+01
567,7.085441610e+00,-8.294569124e+00,0.000000000e+00,1.090886611e+01,1.230720951e+01
568,7.088194873e+00,-8.301796462e+00,0.000000000e+00,1.091615001e+01,1.230720951e+01
569,7.133944130e+00,-8.415086992e+00,0.000000000e+00,1.103208266e+01,1.230720951e+01
570,7.149821519e+00,-8.451072419e+00,0.000000000e+00,1.106980455e+01,1.230720951e+01
571,2.559715735e+00,-2.106516783e+00,0.000000000e+00,3.315050166e+00,1.230720951e+01
572,2.536216301e+00,-2.003142283e+00,0.000000000e+00,3.231868210e+00,1.230720951e+01
573,8.739216190e+00,4.353247325e+00,0.000000000e+00,9.763434943e+00,1.230720951e+01
574,8.783164211e+00,4.296087543e+00,0.000000000e+00,9.777542725e+00,1.230720951e+01
575,8.578350061e+00,4.550797618e+00,0.000000000e+00,9.710707942e+00,1.230720951e+01
576,8.637359308e+00,4.480287773e+00,0.000000000e+00,9.730208340e+00,1.230720951e+01
577,9.393216932e+00,-2.169976051e+00,0.000000000e+00,9.640607885e+00,1.230720951e+01
578,9.585531457e+00,-1.947434785e+00,0.000000000e+00,9.781355507e+00,1.230720951e+01
579,7.889324560e+00,-3.557404171e+00,0.000000000e+00,8.654280239e+00,1.230720951e+01
580,7.581698850e+00,-3.866124092e+00,0.000000000e+00,8.510527184e+00,1.230720951e+01
581,7.526659114e+00,-3.926342984e+00,0.000000000e+00,8.489214725e+00,1.230720951e+01
582,7.481125176e+00,-3.978991656e+00,0.000000000e+00,8.473464964e+00,1.230720951e+01
583,7.337663798e+00,-4.156774867e+00,0.000000000e+00,8.433272634e+00,1.230720951e+01
584,7.250294347e+00,-4.274882162e+00,0.000000000e+00,8.416732479e+00,1.230720951e+01
585,7.210535099e+00,-4.330674913e+00,0.000000000e+00,8.411097528e+00,1.230720951e+01
586,7.186587241e+00,-4.368492648e+00,0.000000000e+00,8.410158392e+00,1.230720951e+01
587,6.005480963e+00,-1.038992033e+01,0.000000000e+00,1.200067690e+01,-8.610260810e-02
588,5.954997539e+00,-1.053495480e+01,0.000000000e+00,1.210153992e+01,-8.610260810e-02
589,5.940691601e+00,-1.058014653e+01,0.000000000e+00,1.213389127e+01,-8.610260810e-02
590,2.222546109e-01,-5.597500701e+00,0.000000000e+00,5.601911389e+00,-8.610260810e-02
591,5.568152058e+00,-1.139717108e+01,0.000000000e+00,1.268462951e+01,-8.610260810e-02
592,5.520924870e+00,-1.147832402e+01,0.000000000e+00,1.273705357e+01,-8.610260810e-02
593,5.838984353e+00,-1.083644197e+01,0.000000000e+00,1.230943592e+01,-8.610260810e-02
594,5.780390919e+00,-1.096790708e+01,0.000000000e+00,1.239789922e+01,-8.610260810e-02
595,9.156073106e+00,3.666969839e+00,0.000000000e+00,9.863079769e+00,1.230720951e+01
596,2.525357985e-01,-5.863729495e+00,0.000000000e+00,5.869165010e+00,-8.610260810e-02
597,2.506223783e-01,-5.845016817e+00,0.000000000e+00,5.850387437e+00,-8.610260810e-02
598,8.520349811e+00,-1.068226339e+01,0.000000000e+00,1.366408109e+01,1.230720951e+01
599,8.541878210e+00,-1.071191871e+01,0.000000000e+00,1.370068924e+01,1.230720951e+01
600,8.577024088e+00,-1.075504278e+01,0.000000000e+00,1.375631809e+01,1.230720951e+01
601,8.872280672e+00,4.168562230e+00,0.000000000e+00,9.802768761e+00,1.230720951e+01
602,8.937228746e+00,4.058893523e+00,0.000000000e+00,9.815736054e+00,1.230720951e+01
603,8.693335915e+00,-2.840651400e+00,0.000000000e+00,9.145676011e+00,1.230720951e+01
604,8.605904012e+00,-2.918943274e+00,0.000000000e+00,9.087453642e+00,1.230720951e+01
605,2.720918910e-01,-7.623636324e+00,0.000000000e+00,7.628490336e+00,-8.610260810e-02
606,7.191541932e+00,6.173223384e+00,0.000000000e+00,9.477708706e+00,1.230720951e+01
607,7.209870347e+00,6.113449630e+00,0.000000000e+00,9.452856541e+00,1.230720951e+01
608,8.781038635e+00,-2.766698994e+00,0.000000000e+00,9.206588012e+00,1.230720951e+01
609,9.175704355e+00,-2.394141879e+00,0.000000000e+00,9.482903866e+00,1.230720951e+01
610,5.909523359e+00,-5.944475628e+00,0.000000000e+00,8.382079505e+00,-8.610260810e-02
611,5.910263381e+00,-5.947113381e+00,0.000000000e+00,8.384472005e+00,-8.610260810e-02
612,1.023486995e+01,6.163042767e-01,0.000000000e+00,1.025340889e+01,1.230720951e+01
613,1.026833842e+01,4.039806553e-01,0.000000000e+00,1.027628212e+01,1.230720951e+01
614,6.073979939e+00,-6.527329131e+00,0.000000000e+00,8.916235635e+00,-8.610260810e-02
615,6.074310281e+00,-6.528693568e+00,0.000000000e+00,8.917459566e+00,-8.610260810e-02
616,2.790867017e-01,-7.126814709e+00,0.000000000e+00,7.132277146e+00,-8.610260810e-02
617,1.008654110e+01,1.212734064e+00,0.000000000e+00,1.015918477e+01,1.230720951e+01
618,1.017081024e+01,9.032113217e-01,0.000000000e+00,1.021083599e+01,1.230720951e+01
619,1.029809834e+01,-7.757119713e-02,0.000000000e+00,1.029839049e+01,1.230720951e+01
620,1.029770339e+01,-9.358589475e-02,0.000000000e+00,1.029812863e+01,1.230720951e+01
621,7.096945766e+00,-4.511675509e+00,0.000000000e+00,8.409628713e+00,1.230720951e+01
622,7.085273447e+00,-4.531992453e+00,0.000000000e+00,8.410710755e+00,1.230720951e+01
623,6.670507755e+00,-5.873518751e+00,0.000000000e+00,8.887851047e+00,1.230720951e+01
624,6.668928613e+00,-5.885864050e+00,0.000000000e+00,8.894830210e+00,1.230720951e+01
625,6.687304093e+00,-5.720010399e+00,0.000000000e+00,8.799917897e+00,1.230720951e+01
626,6.663232827e+00,-6.477355451e+00,0.000000000e+00,9.292728627e+00,1.230720951e+01
627,6.664199668e+00,-6.496926695e+00,0.000000000e+00,9.307073315e+00,1.230720951e+01
628,6.741465227e+00,-5.415483846e+00,0.000000000e+00,8.647243415e+00,1.230720951e+01
629,5.600253368e+00,-5.058349756e+00,0.000000000e+00,7.546505154e+00,-8.610260810e-02
630,5.607056185e+00,-5.072555289e+00,0.000000000e+00,7.561077716e+00,-8.610260810e-02
631,5.665378144e+00,-5.229362717e+00,0.000000000e+00,7.709912058e+00,-8.610260810e-02
632,5.669258777e+00,-5.237918388e+00,0.000000000e+00,7.718567491e+00,-8.610260810e-02
633,5.719621409e+00,-5.380344514e+00,0.000000000e+00,7.852526737e+00,-8.610260810e-02
634,5.725114301e+00,-5.392521329e+00,0.000000000e+00,7.864872538e+00,-8.610260810e-02
635,5.780340258e+00,-5.548276958e+00,0.000000000e+00,8.012222581e+00,-8.610260810e-02
636,8.554815966e-01,-4.135584115e+00,0.000000000e+00,4.223139204e+00,-8.610260810e-02
637,8.868750000e-01,-4.123133679e+00,0.000000000e+00,4.217437444e+00,-8.610260810e-02
638,2.123185869e-01,-5.093141875e+00,0.000000000e+00,5.097565433e+00,-8.610260810e-02
639,2.365000000e-01,-4.926270792e+00,0.000000000e+00,4.931944461e+00,-8.610260810e-02
640,2.393659722e-01,-4.878969771e+00,0.000000000e+00,4.884837981e+00,-8.610260810e-02
641,2.395900818e-01,-4.876114706e+00,0.000000000e+00,4.881997340e+00,-8.610260810e-02
642,9.617013627e+00,-1.909638671e+00,0.000000000e+00,9.804777966e+00,1.230720951e+01
643,2.164750000e+00,-3.044289327e+00,0.000000000e+00,3.735483913e+00,1.230720951e+01
644,2.166731085e+00,-3.043963397e+00,0.000000000e+00,3.736366786e+00,1.230720951e+01
645,7.031117026e+00,-8.153461066e+00,0.000000000e+00,1.076640766e+01,1.230720951e+01
646,7.046011291e+00,-8.194763821e+00,0.000000000e+00,1.080742473e+01,1.230720951e+01
647,9.460000000e-01,-4.106785554e+00,0.000000000e+00,4.214333113e+00,-8.610260810e-02
648,9.752009534e-01,-4.093977723e+00,0.000000000e+00,4.208523553e+00,-8.610260810e-02
649,1.870511574e+00,-4.043117019e+00,0.000000000e+00,4.454841050e+00,-8.610260810e-02
650,1.883500000e+00,-4.043452162e+00,0.000000000e+00,4.460614043e+00,-8.610260810e-02
651,2.572898061e+00,-2.342091844e+00,0.000000000e+00,3.479252597e+00,1.230720951e+01
652,2.561161569e+00,-2.449378240e+00,0.000000000e+00,3.543868274e+00,1.230720951e+01
653,2.164750000e+00,-1.665955286e+00,0.000000000e+00,2.731583713e+00,1.230720951e+01
654,2.150966130e+00,-1.668664335e+00,0.000000000e+00,2.722332815e+00,1.230720951e+01
655,1.604127093e+00,-2.365688023e+00,0.000000000e+00,2.858269328e+00,1.230720951e+01
656,1.607397584e+00,-2.476450000e+00,0.000000000e+00,2.952377279e+00,1.230720951e+01
657,1.808566950e+00,-2.928550000e+00,0.000000000e+00,3.441993538e+00,1.230720951e+01
658,1.883500000e+00,-2.983794119e+00,0.000000000e+00,3.528540718e+00,1.230720951e+01
659,6.201073608e+00,-7.131809158e+00,0.000000000e+00,9.450715092e+00,-8.610260810e-02
660,6.230362441e+00,-7.309284775e+00,0.000000000e+00,9.604325071e+00,-8.610260810e-02
661,6.246356558e+00,-7.416519425e+00,0.000000000e+00,9.696480322e+00,-8.610260810e-02
662,6.250620821e+00,-7.449718219e+00,0.000000000e+00,9.724636867e+00,-8.610260810e-02
663,6.973844760e+00,-7.997196301e+00,0.000000000e+00,1.061082746e+01,1.230720951e+01
664,6.984946691e+00,-8.028024757e+00,0.000000000e+00,1.064136560e+01,1.230720951e+01
665,8.105869424e+00,-2.336448812e-01,0.000000000e+00,8.109236034e+00,-8.610260810e-02
666,8.035072941e+00,-4.559775070e-01,0.000000000e+00,8.048000538e+00,-8.610260810e-02
667,8.027587342e+00,-4.765459436e-01,0.000000000e+00,8.041719628e+00,-8.610260810e-02
668,8.191953063e+00,2.378885078e-01,0.000000000e+00,8.195406392e+00,-8.610260810e-02
669,8.186690832e+00,1.882698956e-01,0.000000000e+00,8.188855374e+00,-8.610260810e-02
670,8.172738105e+00,8.101049120e-02,0.000000000e+00,8.173139594e+00,-8.610260810e-02
671,8.166067749e+00,3.681309004e-02,0.000000000e+00,8.166150727e+00,-8.610260810e-02
672,4.820594395e+00,3.815562439e+00,0.000000000e+00,6.147897775e+00,-8.610260810e-02
673,4.839934543e+00,3.831597902e+00,0.000000000e+00,6.173014569e+00,-8.610260810e-02
674,6.732991084e+00,3.462583128e+00,0.000000000e+00,7.571172356e+00,-8.610260810e-02
675,6.745195961e+00,3.453240895e+00,0.000000000e+00,7.577766242e+00,-8.610260810e-02
676,6.943269856e+00,3.285827473e+00,0.000000000e+00,7.681514074e+00,-8.610260810e-02
677,6.951749276e+00,3.278378736e+00,0.000000000e+00,7.685999293e+00,-8.610260810e-02
678,5.775618264e+00,3.977151097e+00,0.000000000e+00,7.012524309e+00,-8.610260810e-02
679,5.778081645e+00,3.976535152e+00,0.000000000e+00,7.014204111e+00,-8.610260810e-02
680,5.833948344e+00,3.959143655e+00,0.000000000e+00,7.050515709e+00,-8.610260810e-02
681,5.867670058e+00,3.947507737e+00,0.000000000e+00,7.071942395e+00,-8.610260810e-02
682,5.950030130e+00,3.917247430e+00,0.000000000e+00,7.123741010e+00,-8.610260810e-02
683,6.000151684e+00,3.898576183e+00,0.000000000e+00,7.155467594e+00,-8.610260810e-02
684,5.664811075e+00,4.002081433e+00,0.000000000e+00,6.935902271e+00,-8.610260810e-02
685,6.273513728e+00,3.769302317e+00,0.000000000e+00,7.318785039e+00,-8.610260810e-02
686,6.290939132e+00,3.759443371e+00,0.000000000e+00,7.328664928e+00,-8.610260810e-02
687,6.501450305e+00,3.631427479e+00,0.000000000e+00,7.446886705e+00,-8.610260810e-02
688,6.526381725e+00,3.614121807e+00,0.000000000e+00,7.460263726e+00,-8.610260810e-02
689,4.403868139e+00,2.988241369e+00,0.000000000e+00,5.321995966e+00,-8.610260810e-02
690,7.259918215e+00,2.969046474e+00,0.000000000e+00,7.843573768e+00,-8.610260810e-02
691,7.142067380e+00,-1.850413689e+00,0.000000000e+00,7.377882981e+00,-8.610260810e-02
692,6.994251146e+00,-2.002293345e+00,0.000000000e+00,7.275213243e+00,-8.610260810e-02
693,6.818970548e+00,-2.164908785e+00,0.000000000e+00,7.154382530e+00,-8.610260810e-02
694,6.986118559e+00,-2.010399319e+00,0.000000000e+00,7.269632586e+00,-8.610260810e-02
695,8.200071049e+00,7.555205504e-01,0.000000000e+00,8.234802761e+00,-8.610260810e-02
696,8.201049943e+00,7.419865262e-01,0.000000000e+00,8.234546992e+00,-8.610260810e-02
697,6.761931159e+00,-2.215503457e+00,0.000000000e+00,7.115628473e+00,-8.610260810e-02
698,6.721241742e+00,-2.251457832e+00,0.000000000e+00,7.088311006e+00,-8.610260810e-02
699,6.621173539e+00,-2.337844089e+00,0.000000000e+00,7.021784248e+00,-8.610260810e-02
700,6.528758594e+00,-2.416886867e+00,0.000000000e+00,6.961754873e+00,-8.610260810e-02
701,6.499826988e+00,-2.440911622e+00,0.000000000e+00,6.943039710e+00,-8.610260810e-02
702,1.231248896e+00,-4.058775000e+00,0.000000000e+00,4.241418200e+00,-8.610260810e-02
703,1.316768977e+00,-4.053674361e+00,0.000000000e+00,4.262177421e+00,-8.610260810e-02
704,2.071000000e+00,-4.042590948e+00,0.000000000e+00,4.542200190e+00,-8.610260810e-02
705,2.084658275e+00,-4.042309494e+00,0.000000000e+00,4.548193726e+00,-8.610260810e-02
706,1.959749547e+00,-3.020476454e+00,0.000000000e+00,3.600541112e+00,1.230720951e+01
707,2.071000000e+00,-3.048806165e+00,0.000000000e+00,3.685683116e+00,1.230720951e+01
708,1.639318332e+00,-2.634164581e+00,0.000000000e+00,3.102609810e+00,1.230720951e+01
709,1.659102648e+00,-2.702500000e+00,0.000000000e+00,3.171139834e+00,1.230720951e+01
710,1.671321699e+00,-2.732252160e+00,0.000000000e+00,3.202892144e+00,1.230720951e+01
711,1.696000000e+00,-2.782734990e+00,0.000000000e+00,3.258838754e+00,1.230720951e+01
712,2.071000000e+00,-1.681555677e+00,0.000000000e+00,2.667708848e+00,1.230720951e+01
713,7.298638079e+00,5.893703559e+00,0.000000000e+00,9.381143824e+00,1.230720951e+01
714,7.318970375e+00,5.858147219e+00,0.000000000e+00,9.374711525e+00,1.230720951e+01
715,7.484733359e+00,-9.153653844e+00,0.000000000e+00,1.182415376e+01,1.230720951e+01
716,7.515758026e+00,-9.212865492e+00,0.000000000e+00,1.188963874e+01,1.230720951e+01
717,7.637130147e+00,-9.427335674e+00,0.000000000e+00,1.213261780e+01,1.230720951e+01
718,7.639612207e+00,-9.432265144e+00,0.000000000e+00,1.213801056e+01,1.230720951e+01
719,2.756619340e+00,-4.111371997e+00,0.000000000e+00,4.949982817e+00,-8.610260810e-02
720,2.806202244e+00,-4.115313204e+00,0.000000000e+00,4.981021361e+00,-8.610260810e-02
721,2.860743512e+00,-4.114366092e+00,0.000000000e+00,5.011173693e+00,-8.610260810e-02
722,7.757066222e+00,-9.626415710e+00,0.000000000e+00,1.236284578e+01,1.230720951e+01
723,2.488967723e+00,-1.885859387e+00,0.000000000e+00,3.122727327e+00,1.230720951e+01
724,2.470430622e+00,-1.849069439e+00,0.000000000e+00,3.085787622e+00,1.230720951e+01
725,2.522589030e+00,-1.966665400e+00,0.000000000e+00,3.198629114e+00,1.230720951e+01
726,2.573395287e+00,-2.220452383e+00,0.000000000e+00,3.398936905e+00,1.230720951e+01
727,6.196206362e+00,-9.685442712e+00,0.000000000e+00,1.149785953e+01,-8.610260810e-02
728,6.183932241e+00,-9.749649047e+00,0.000000000e+00,1.154541790e+01,-8.610260810e-02
729,7.269965670e+00,7.327828484e+00,0.000000000e+00,1.032228033e+01,1.230720951e+01
730,7.254299178e+00,7.295440703e+00,0.000000000e+00,1.028826086e+01,1.230720951e+01
731,7.222619809e+00,7.216928781e+00,0.000000000e+00,1.021030352e+01,1.230720951e+01
732,7.209870347e+00,7.178238746e+00,0.000000000e+00,1.017395409e+01,1.230720951e+01
733,5.880301366e+00,-5.847650096e+00,0.000000000e+00,8.292946147e+00,-8.610260810e-02
734,5.820235615e+00,-5.664129318e+00,0.000000000e+00,8.121422507e+00,-8.610260810e-02
735,5.910825069e+00,-5.949015606e+00,0.000000000e+00,8.386217245e+00,-8.610260810e-02
736,6.104129045e+00,-6.650998921e+00,0.000000000e+00,9.027523362e+00,-8.610260810e-02
737,6.074981539e+00,-6.531604768e+00,0.000000000e+00,8.920048293e+00,-8.610260810e-02
738,5.930333299e+00,-6.011979447e+00,0.000000000e+00,8.444687675e+00,-8.610260810e-02
739,5.944597829e+00,-6.057062663e+00,0.000000000e+00,8.486828115e+00,-8.610260810e-02
740,6.704214870e+00,-5.598478075e+00,0.000000000e+00,8.734383423e+00,1.230720951e+01
741,6.691882362e+00,-5.694281007e+00,0.000000000e+00,8.786701641e+00,1.230720951e+01
742,6.664684268e+00,-5.949834718e+00,0.000000000e+00,8.934122764e+00,1.230720951e+01
743,6.656083116e+00,-6.243213351e+00,0.000000000e+00,9.125850941e+00,1.230720951e+01
744,6.655929870e+00,-6.252623966e+00,0.000000000e+00,9.132179855e+00,1.230720951e+01
745,6.672378811e+00,-6.599051493e+00,0.000000000e+00,9.384461605e+00,1.230720951e+01
746,4.945978007e-01,-4.271540047e+00,0.000000000e+00,4.300079227e+00,-8.610260810e-02
747,2.258500000e+00,-4.049242647e+00,0.000000000e+00,4.636506041e+00,-8.610260810e-02
748,2.164750000e+00,-4.045067343e+00,0.000000000e+00,4.587887572e+00,-8.610260810e-02
749,2.258500000e+00,-3.011973959e+00,0.000000000e+00,3.764679187e+00,1.230720951e+01
750,2.162166060e+00,-3.044690198e+00,0.000000000e+00,3.734313923e+00,1.230720951e+01
751,2.440881108e+00,-1.804471336e+00,0.000000000e+00,3.035459996e+00,1.230720951e+01
752,2.435072707e+00,-1.798300000e+00,0.000000000e+00,3.027121071e+00,1.230720951e+01
753,2.626101122e+00,-4.104263437e+00,0.000000000e+00,4.872513259e+00,-8.610260810e-02
754,2.590974640e+00,-4.098365063e+00,0.000000000e+00,4.848684953e+00,-8.610260810e-02
755,2.446000000e+00,-4.073965444e+00,0.000000000e+00,4.751853369e+00,-8.610260810e-02
756,2.057392448e+00,-4.042370643e+00,0.000000000e+00,4.535815704e+00,-8.610260810e-02
757,1.696000000e+00,-4.046791542e+00,0.000000000e+00,4.387816972e+00,-8.610260810e-02
758,2.399125000e+00,-1.759154608e+00,0.000000000e+00,2.974966504e+00,1.230720951e+01
759,2.377190867e+00,-1.741790625e+00,0.000000000e+00,2.947010519e+00,1.230720951e+01
760,2.276458686e+00,-1.685281250e+00,0.000000000e+00,2.832390693e+00,1.230720951e+01
761,2.262945217e+00,-1.679922393e+00,0.000000000e+00,2.818343538e+00,1.230720951e+01
762,1.614738804e+00,-2.250400000e+00,0.000000000e+00,2.769780057e+00,1.230720951e+01
763,6.790526342e+00,-7.363341197e+00,0.000000000e+00,1.001648849e+01,1.230720951e+01
764,6.829865157e+00,-7.524689094e+00,0.000000000e+00,1.016208660e+01,1.230720951e+01
765,6.990977655e-01,-4.176499152e+00,0.000000000e+00,4.234605395e+00,-8.610260810e-02
766,7.095000000e-01,-4.174059913e+00,0.000000000e+00,4.233930373e+00,-8.610260810e-02
767,4.617425346e+00,-1.838415258e+00,0.000000000e+00,4.969948440e+00,-8.610260810e-02
768,4.586439032e+00,-1.702637226e+00,0.000000000e+00,4.892279276e+00,-8.610260810e-02
769,4.207086028e+00,1.583273560e+00,0.000000000e+00,4.495144938e+00,-8.610260810e-02
770,4.209086898e+00,1.613881038e+00,0.000000000e+00,4.507884706e+00,-8.610260810e-02
771,4.193241645e+00,5.533100316e-01,0.000000000e+00,4.229589517e+00,-8.610260810e-02
772,4.191400869e+00,5.957845711e-01,0.000000000e+00,4.233532863e+00,-8.610260810e-02
773,4.263389844e+00,2.183178988e+00,0.000000000e+00,4.789860484e+00,-8.610260810e-02
774,4.264166737e+00,2.189788136e+00,0.000000000e+00,4.793567569e+00,-8.610260810e-02
775,7.340327645e+00,-1.632855566e+00,0.000000000e+00,7.519749147e+00,-8.610260810e-02
776,7.330610554e+00,-1.643839326e+00,0.000000000e+00,7.512659904e+00,-8.610260810e-02
777,2.357358136e+00,-4.058775000e+00,0.000000000e+00,4.693697038e+00,-8.610260810e-02
778,2.435388137e+00,-4.071567955e+00,0.000000000e+00,4.744341997e+00,-8.610260810e-02
779,7.392791853e+00,5.747130134e+00,0.000000000e+00,9.363913506e+00,1.230720951e+01
780,7.445488641e+00,5.683482123e+00,0.000000000e+00,9.366817504e+00,1.230720951e+01
781,7.562266048e+00,5.548609441e+00,0.000000000e+00,9.379495430e+00,1.230720951e+01
782,7.596197358e+00,5.512250448e+00,0.000000000e+00,9.385473845e+00,1.230720951e+01
783,6.284733612e+00,-9.119088740e+00,0.000000000e+00,1.107500140e+01,-8.610260810e-02
784,6.278092098e+00,-9.170515529e+00,0.000000000e+00,1.111363107e+01,-8.610260810e-02
785,3.251252860e+00,-4.076339414e+00,0.000000000e+00,5.214133502e+00,-8.610260810e-02
786,4.391230304e+00,-8.385664884e-01,0.000000000e+00,4.470581320e+00,-8.610260810e-02
787,4.381027627e+00,-7.913819854e-01,0.000000000e+00,4.451930875e+00,-8.610260810e-02
788,4.415605938e+00,-9.510087722e-01,0.000000000e+00,4.516856593e+00,-8.610260810e-02
789,4.408465591e+00,-9.175952692e-01,0.000000000e+00,4.502949027e+00,-8.610260810e-02
790,4.185839819e+00,1.058563332e+00,0.000000000e+00,4.317616393e+00,-8.610260810e-02
791,4.186687773e+00,1.104334950e+00,0.000000000e+00,4.329885702e+00,-8.610260810e-02
792,5.929291184e+00,-2.888901527e+00,0.000000000e+00,6.595623244e+00,-8.610260810e-02
793,5.916917184e+00,-2.898701338e+00,0.000000000e+00,6.588807055e+00,-8.610260810e-02
794,4.578324021e+00,-1.669060985e+00,0.000000000e+00,4.873070429e+00,-8.610260810e-02
795,4.563171053e+00,-1.602650616e+00,0.000000000e+00,4.836426269e+00,-8.610260810e-02
796,8.067964138e+00,-3.580003831e-01,0.000000000e+00,8.075903021e+00,-8.610260810e-02
797,8.203626113e+00,3.856629315e-01,0.000000000e+00,8.212686363e+00,-8.610260810e-02
798,8.201438406e+00,3.538141593e-01,0.000000000e+00,8.209066719e+00,-8.610260810e-02
799,4.187334444e+00,7.233341911e-01,0.000000000e+00,4.249350786e+00,-8.610260810e-02
800,4.186414489e+00,7.413964605e-01,0.000000000e+00,4.251556772e+00,-8.610260810e-02
801,7.050718725e+00,3.185878281e+00,0.000000000e+00,7.737083104e+00,-8.610260810e-02
802,7.061146093e+00,3.175964808e+00,0.000000000e+00,7.742514876e+00,-8.610260810e-02
803,6.756328477e+00,3.444547746e+00,0.000000000e+00,7.583724920e+00,-8.610260810e-02
804,6.840602553e+00,3.374906730e+00,0.000000000e+00,7.627833160e+00,-8.610260810e-02
805,4.381615523e+00,-3.763648263e+00,0.000000000e+00,5.776123513e+00,-8.610260810e-02
806,4.402781099e+00,-3.755729039e+00,0.000000000e+00,5.787052965e+00,-8.610260810e-02
807,5.432836270e+00,-3.244843032e+00,0.000000000e+00,6.328089462e+00,-8.610260810e-02
808,5.403964115e+00,-3.268108193e+00,0.000000000e+00,6.315327333e+00,-8.610260810e-02
809,5.565053068e+00,-3.151477276e+00,0.000000000e+00,6.395437801e+00,-8.610260810e-02
810,5.544323303e+00,-3.164973613e+00,0.000000000e+00,6.384087943e+00,-8.610260810e-02
811,5.124230925e+00,-3.925476044e+00,0.000000000e+00,6.455006177e+00,-8.610260810e-02
812,5.127219351e+00,-3.935090096e+00,0.000000000e+00,6.463227702e+00,-8.610260810e-02
813,6.351369218e+00,3.724936551e+00,0.000000000e+00,7.363086531e+00,-8.610260810e-02
814,6.376617680e+00,3.709414895e+00,0.000000000e+00,7.377059841e+00,-8.610260810e-02
815,6.440782137e+00,3.670977094e+00,0.000000000e+00,7.413484158e+00,-8.610260810e-02
816,6.495069162e+00,3.635769148e+00,0.000000000e+00,7.443436083e+00,-8.610260810e-02
817,4.347967553e+00,2.735230425e+00,0.000000000e+00,5.136760391e+00,-8.610260810e-02
818,4.348622302e+00,2.739189052e+00,0.000000000e+00,5.139423371e+00,-8.610260810e-02
819,4.810433968e+00,3.805415385e+00,0.000000000e+00,6.133633606e+00,-8.610260810e-02
820,8.188868390e+00,8.768358090e-01,0.000000000e+00,8.235678875e+00,-8.610260810e-02
821,8.189737106e+00,8.693496566e-01,0.000000000e+00,8.235749067e+00,-8.610260810e-02
822,8.173156749e+00,9.994047799e-01,0.000000000e+00,8.234033104e+00,-8.610260810e-02
823,8.188145569e+00,8.841952557e-01,0.000000000e+00,8.235747028e+00,-8.610260810e-02
824,4.907653990e+00,-3.312494996e+00,0.000000000e+00,5.920953537e+00,-8.610260810e-02
825,4.894279809e+00,-3.248266384e+00,0.000000000e+00,5.874113495e+00,-8.610260810e-02
826,6.987476015e+00,-2.009041932e+00,0.000000000e+00,7.270561914e+00,-8.610260810e-02
827,4.681980559e+00,3.655331452e+00,0.000000000e+00,5.939898145e+00,-8.610260810e-02
828,4.714039740e+00,3.699974370e+00,0.000000000e+00,5.992660595e+00,-8.610260810e-02
829,5.327617204e+00,-4.381261021e+00,0.000000000e+00,6.897749865e+00,-8.610260810e-02
830,5.341164271e+00,-4.417243695e+00,0.000000000e+00,6.931094981e+00,-8.610260810e-02
831,9.715181233e+00,2.278754872e+00,0.000000000e+00,9.978851144e+00,1.230720951e+01
832,9.940678435e+00,1.650652582e+00,0.000000000e+00,1.007679223e+01,1.230720951e+01
833,5.187560920e+00,-1.202732219e+01,0.000000000e+00,1.309836888e+01,-8.610260810e-02
834,5.085398547e+00,-1.216214544e+01,0.000000000e+00,1.318252859e+01,-8.610260810e-02
835,7.777716560e+00,-9.663464811e+00,0.000000000e+00,1.240465344e+01,1.230720951e+01
836,8.157227488e+00,-3.312249787e+00,0.000000000e+00,8.804053552e+00,1.230720951e+01
837,8.122090068e+00,-3.341646389e+00,0.000000000e+00,8.782650377e+00,1.230720951e+01
838,6.052698468e+00,-1.024465486e+01,0.000000000e+00,1.189908030e+01,-8.610260810e-02
839,6.034566988e+00,-1.029781390e+01,0.000000000e+00,1.193570148e+01,-8.610260810e-02
840,2.365000000e-01,-5.665458095e+00,0.000000000e+00,5.670392198e+00,-8.610260810e-02
841,2.447576411e-01,-5.348643531e+00,0.000000000e+00,5.354240742e+00,-8.610260810e-02
842,2.365000000e-01,-5.234684579e+00,0.000000000e+00,5.240024322e+00,-8.610260810e-02
843,5.210317638e+00,-4.121190739e+00,0.000000000e+00,6.643163628e+00,-8.610260810e-02
844,5.233082554e+00,-4.165449708e+00,0.000000000e+00,6.688506880e+00,-8.610260810e-02
845,6.138658748e+00,-9.931558587e+00,0.000000000e+00,1.167557224e+01,-8.610260810e-02
846,6.131493660e+00,-9.965378937e+00,0.000000000e+00,1.170059793e+01,-8.610260810e-02
847,9.025930401e+00,3.917028995e+00,0.000000000e+00,9.839234511e+00,1.230720951e+01
848,8.842865883e+00,-1.105410821e+01,0.000000000e+00,1.415590284e+01,1.230720951e+01
849,8.869151727e+00,-1.108558274e+01,0.000000000e+00,1.419690097e+01,1.230720951e+01
850,3.293546794e+00,-4.067299300e+00,0.000000000e+00,5.233581382e+00,-8.610260810e-02
851,7.142317171e+00,6.878329529e+00,0.000000000e+00,9.915851535e+00,1.230720951e+01
852,7.140985842e+00,6.869208109e+00,0.000000000e+00,9.908566942e+00,1.230720951e+01
853,1.895883748e-01,-8.109458899e+00,0.000000000e+00,8.111674759e+00,-8.610260810e-02
854,6.957394778e+00,-4.777413563e+00,0.000000000e+00,8.439728814e+00,1.230720951e+01
855,6.951892940e+00,-4.789410616e+00,0.000000000e+00,8.441994403e+00,1.230720951e+01
856,6.723596200e+00,-5.495543454e+00,0.000000000e+00,8.683763223e+00,1.230720951e+01
857,5.793291081e+00,-5.585442352e+00,0.000000000e+00,8.047321779e+00,-8.610260810e-02
858,5.817255641e+00,-5.654106427e+00,0.000000000e+00,8.112298237e+00,-8.610260810e-02
859,7.649466967e+00,5.455423167e+00,0.000000000e+00,9.395530151e+00,1.230720951e+01
860,7.691837051e+00,5.414637378e+00,0.000000000e+00,9.406521948e+00,1.230720951e+01
861,2.352250000e+00,-2.942111434e+00,0.000000000e+00,3.766842146e+00,1.230720951e+01
862,2.358411175e+00,-2.935977912e+00,0.000000000e+00,3.765908864e+00,1.230720951e+01
863,7.210306889e+00,-8.592602506e+00,0.000000000e+00,1.121701133e+01,1.230720951e+01
864,7.220387112e+00,-8.614653540e+00,0.000000000e+00,1.124038459e+01,1.230720951e+01
865,2.560455318e+00,-2.452962348e+00,0.000000000e+00,3.545836392e+00,1.230720951e+01
866,6.195533500e+00,-7.099024642e+00,0.000000000e+00,9.422355662e+00,-8.610260810e-02
867,1.500891971e+00,-4.049603267e+00,0.000000000e+00,4.318791883e+00,-8.610260810e-02
868,8.114775448e+00,-1.990966888e-01,0.000000000e+00,8.117217507e+00,-8.610260810e-02
869,4.879707055e+00,3.863105436e+00,0.000000000e+00,6.223754860e+00,-8.610260810e-02
870,6.549936752e+00,3.598225998e+00,0.000000000e+00,7.473212281e+00,-8.610260810e-02
871,6.619000788e+00,3.548449595e+00,0.000000000e+00,7.510170834e+00,-8.610260810e-02
872,5.612735857e+00,4.010960324e+00,0.000000000e+00,6.898594533e+00,-8.610260810e-02
873,4.248965022e+00,2.069801152e+00,0.000000000e+00,4.726286129e+00,-8.610260810e-02
874,6.345961165e+00,-2.566353018e+00,0.000000000e+00,6.845245863e+00,-8.610260810e-02
875,6.339717202e+00,-2.571528140e+00,0.000000000e+00,6.841401258e+00,-8.610260810e-02
876,1.227250000e+00,-4.059068530e+00,0.000000000e+00,4.240540048e+00,-8.610260810e-02
877,1.227460798e+00,-4.059029124e+00,0.000000000e+00,4.240563340e+00,-8.610260810e-02
878,7.215566625e+00,6.094285718e+00,0.000000000e+00,9.444825045e+00,1.230720951e+01
879,7.238441375e+00,6.028496507e+00,0.000000000e+00,9.420074504e+00,1.230720951e+01
880,7.322127498e+00,7.424803682e+00,0.000000000e+00,1.042790779e+01,1.230720951e+01
881,7.294454952e+00,7.374521147e+00,0.000000000e+00,1.037268698e+01,1.230720951e+01
882,7.396619672e+00,7.541792745e+00,0.000000000e+00,1.056355150e+01,1.230720951e+01
883,7.377082834e+00,7.514759550e+00,0.000000000e+00,1.053057274e+01,1.230720951e+01
884,6.212631105e+00,-9.600486598e+00,0.000000000e+00,1.143530184e+01,-8.610260810e-02
885,6.212010342e+00,-9.603446438e+00,0.000000000e+00,1.143744972e+01,-8.610260810e-02
886,7.129494658e+00,6.585385169e+00,0.000000000e+00,9.705513480e+00,1.230720951e+01
887,7.133146464e+00,6.496827766e+00,0.000000000e+00,9.648344392e+00,1.230720951e+01
888,6.159501257e+00,-6.911209936e+00,0.000000000e+00,9.257660531e+00,-8.610260810e-02
889,6.173234900e+00,-6.979134796e+00,0.000000000e+00,9.317572196e+00,-8.610260810e-02
890,7.257969056e+00,-1.725313687e+00,0.000000000e+00,7.460215957e+00,-8.610260810e-02
891,8.159729780e+00,2.626293867e-04,0.000000000e+00,8.159729784e+00,-8.610260810e-02
892,8.139291221e+00,-1.008083392e-01,0.000000000e+00,8.139915472e+00,-8.610260810e-02
893,4.190138792e+00,1.231330901e+00,0.000000000e+00,4.367314837e+00,-8.610260810e-02
894,4.190249179e+00,1.251619381e+00,0.000000000e+00,4.373184110e+00,-8.610260810e-02
895,4.218440502e+00,1.741396972e+00,0.000000000e+00,4.563737907e+00,-8.610260810e-02
896,4.220115549e+00,1.764127369e+00,0.000000000e+00,4.574004878e+00,-8.610260810e-02
897,4.412609861e+00,3.021675710e+00,0.000000000e+00,5.348051036e+00,-8.610260810e-02
898,4.419564954e+00,3.050826867e+00,0.000000000e+00,5.370297846e+00,-8.610260810e-02
899,4.732841514e+00,-2.348731466e+00,0.000000000e+00,5.283590474e+00,-8.610260810e-02
900,7.350776131e+00,2.862256654e+00,0.000000000e+00,7.888372638e+00,-8.610260810e-02
901,7.377481873e+00,2.830460695e+00,0.000000000e+00,7.901819191e+00,-8.610260810e-02
902,4.575812821e+00,3.479063603e+00,0.000000000e+00,5.748212464e+00,-8.610260810e-02
903,4.587560526e+00,3.503844290e+00,0.000000000e+00,5.772576235e+00,-8.610260810e-02
904,4.476332251e+00,3.237879444e+00,0.000000000e+00,5.524618875e+00,-8.610260810e-02
905,4.479931415e+00,3.248232658e+00,0.000000000e+00,5.533606499e+00,-8.610260810e-02
906,6.587135237e+00,-2.366557586e+00,0.000000000e+00,6.999353216e+00,-8.610260810e-02
907,6.559999700e+00,-2.389985998e+00,0.000000000e+00,6.981807011e+00,-8.610260810e-02
908,5.300866580e+00,-4.320692087e+00,0.000000000e+00,6.838681643e+00,-8.610260810e-02
909,5.308704264e+00,-4.340250905e+00,0.000000000e+00,6.857121764e+00,-8.610260810e-02
910,6.264870609e+00,-7.558522562e+00,0.000000000e+00,9.817324843e+00,-8.610260810e-02
911,6.282195691e+00,-7.698398107e+00,0.000000000e+00,9.936363325e+00,-8.610260810e-02
912,7.322250097e+00,-8.835914709e+00,0.000000000e+00,1.147557124e+01,1.230720951e+01
913,6.708054350e+00,-6.919206114e+00,0.000000000e+00,9.637084954e+00,1.230720951e+01
914,6.714018186e+00,-6.956985328e+00,0.000000000e+00,9.668385856e+00,1.230720951e+01
915,5.917119826e+00,-1.064303392e+01,0.000000000e+00,1.217729355e+01,-8.610260810e-02
916,7.126774790e+00,6.686456966e+00,0.000000000e+00,9.772390990e+00,1.230720951e+01
917,7.129184171e+00,6.598701663e+00,0.000000000e+00,9.714326049e+00,1.230720951e+01
918,7.172647505e+00,6.249741332e+00,0.000000000e+00,9.513471446e+00,1.230720951e+01
919,7.184823125e+00,6.198309163e+00,0.000000000e+00,9.488978860e+00,1.230720951e+01
920,2.460868786e-01,-6.836153972e+00,0.000000000e+00,6.840581838e+00,-8.610260810e-02
921,2.433440580e-01,-6.776439336e+00,0.000000000e+00,6.780807209e+00,-8.610260810e-02
922,1.321000000e+00,-4.053903278e+00,0.000000000e+00,4.263704115e+00,-8.610260810e-02
923,6.305495330e+00,-8.893259499e+00,0.000000000e+00,1.090180425e+01,-8.610260810e-02
924,6.300957104e+00,-8.954992879e+00,0.000000000e+00,1.094960994e+01,-8.610260810e-02
925,6.837127867e+00,-7.553470399e+00,0.000000000e+00,1.018828899e+01,1.230720951e+01
926,6.109757132e+00,3.851006537e+00,0.000000000e+00,7.222145357e+00,-8.610260810e-02
927,6.126200243e+00,3.843346638e+00,0.000000000e+00,7.231987472e+00,-8.610260810e-02
928,6.803034953e+00,-2.179399110e+00,0.000000000e+00,7.143603086e+00,-8.610260810e-02
929,4.732701509e+00,-3.645385011e+00,0.000000000e+00,5.973884452e+00,-8.610260810e-02
930,4.759884449e+00,-3.640010828e+00,0.000000000e+00,5.992176465e+00,-8.610260810e-02
931,4.814604103e+00,-3.623784844e+00,0.000000000e+00,6.025962933e+00,-8.610260810e-02
932,4.909996395e+00,-3.593924753e+00,0.000000000e+00,6.084764558e+00,-8.610260810e-02
933,4.192501214e+00,1.294828130e+00,0.000000000e+00,4.387897710e+00,-8.610260810e-02
934,4.195857500e+00,1.381870452e+00,0.000000000e+00,4.417554313e+00,-8.610260810e-02
935,4.186204277e+00,7.868355169e-01,0.000000000e+00,4.259508937e+00,-8.610260810e-02
936,4.184786026e+00,8.674524615e-01,0.000000000e+00,4.273746349e+00,-8.610260810e-02
937,4.333234557e+00,-5.651226852e-01,0.000000000e+00,4.369929676e+00,-8.610260810e-02
938,4.297553193e+00,-3.745707442e-01,0.000000000e+00,4.313845928e+00,-8.610260810e-02
939,4.327142565e+00,-3.780776796e+00,0.000000000e+00,5.746167067e+00,-8.610260810e-02
940,4.339603419e+00,-3.777197190e+00,0.000000000e+00,5.753205754e+00,-8.610260810e-02
941,5.521286070e+00,4.022541989e+00,0.000000000e+00,6.831211014e+00,-8.610260810e-02
942,5.558166617e+00,4.018285005e+00,0.000000000e+00,6.858558925e+00,-8.610260810e-02
943,4.820035650e+00,-2.801861627e+00,0.000000000e+00,5.575228448e+00,-8.610260810e-02
944,4.797653189e+00,-2.686917528e+00,0.000000000e+00,5.498818230e+00,-8.610260810e-02
945,4.784869293e+00,-2.623121202e+00,0.000000000e+00,5.456715036e+00,-8.610260810e-02
946,4.770851489e+00,-2.542472618e+00,0.000000000e+00,5.406032828e+00,-8.610260810e-02
947,5.029571498e+00,-3.735487751e+00,0.000000000e+00,6.265018610e+00,-8.610260810e-02
948,4.209849643e+00,3.014815371e-01,0.000000000e+00,4.220630893e+00,-8.610260810e-02
949,4.225937102e+00,1.204237624e-01,0.000000000e+00,4.227652572e+00,-8.610260810e-02
950,4.277595937e+00,-2.629445006e-01,0.000000000e+00,4.285669938e+00,-8.610260810e-02
951,4.255267822e+00,-1.201933719e-01,0.000000000e+00,4.256964961e+00,-8.610260810e-02
952,7.935447480e+00,-7.048786307e-01,0.000000000e+00,7.966691948e+00,-8.610260810e-02
953,7.833043501e+00,-9.141435022e-01,0.000000000e+00,7.886204970e+00,-8.610260810e-02
954,5.331833987e+00,-3.318979191e+00,0.000000000e+00,6.280451937e+00,-8.610260810e-02
955,5.381671470e+00,-3.281958966e+00,0.000000000e+00,6.303462736e+00,-8.610260810e-02
956,7.924041427e+00,1.900689197e+00,0.000000000e+00,8.148806782e+00,-8.610260810e-02
957,7.848547138e+00,2.070517127e+00,0.000000000e+00,8.117064331e+00,-8.610260810e-02
958,4.330435001e+00,2.635831823e+00,0.000000000e+00,5.069544033e+00,-8.610260810e-02
959,4.303327776e+00,2.457606085e+00,0.000000000e+00,4.955649061e+00,-8.610260810e-02
960,4.424960766e+00,3.073049158e+00,0.000000000e+00,5.387384236e+00,-8.610260810e-02
961,5.326071115e+00,4.022267755e+00,0.000000000e+00,6.674254371e+00,-8.610260810e-02
962,5.201812039e+00,4.004695633e+00,0.000000000e+00,6.564787552e+00,-8.610260810e-02
963,8.170776780e+00,1.016291296e+00,0.000000000e+00,8.233737984e+00,-8.610260810e-02
964,8.129104854e+00,1.248743324e+00,0.000000000e+00,8.224457770e+00,-8.610260810e-02
965,4.894120257e+00,-3.239286989e+00,0.000000000e+00,5.869019789e+00,-8.610260810e-02
966,4.924403516e+00,-3.427123185e+00,0.000000000e+00,5.999576928e+00,-8.610260810e-02
967,4.923187382e+00,-3.386327374e+00,0.000000000e+00,5.975365017e+00,-8.610260810e-02
968,5.282519491e+00,-3.351951046e+00,0.000000000e+00,6.256243920e+00,-8.610260810e-02
969,4.643792466e+00,-3.676387239e+00,0.000000000e+00,5.922890477e+00,-8.610260810e-02
970,4.829636412e+00,-2.861450168e+00,0.000000000e+00,5.613669472e+00,-8.610260810e-02
971,4.824408779e+00,-2.826840408e+00,0.000000000e+00,5.591596084e+00,-8.610260810e-02
972,5.616238463e+00,-3.115873598e+00,0.000000000e+00,6.422678783e+00,-8.610260810e-02
973,5.582213180e+00,-3.138564890e+00,0.000000000e+00,6.404037286e+00,-8.610260810e-02
974,4.954808916e+00,-3.567738889e+00,0.000000000e+00,6.105644289e+00,-8.610260810e-02
975,4.955279980e+00,-3.566815054e+00,0.000000000e+00,6.105486820e+00,-8.610260810e-02
976,4.952966621e+00,-3.510193869e+00,0.000000000e+00,6.070695129e+00,-8.610260810e-02
977,4.998875663e+00,-3.538801626e+00,0.000000000e+00,6.124693858e+00,-8.610260810e-02
978,4.975725764e+00,-3.625807129e+00,0.000000000e+00,6.156648781e+00,-8.610260810e-02
979,5.018325440e+00,-3.701930599e+00,0.000000000e+00,6.236014784e+00,-8.610260810e-02
980,5.039569018e+00,-3.516391085e+00,0.000000000e+00,6.145100662e+00,-8.610260810e-02
981,4.563278826e+00,-3.702674609e+00,0.000000000e+00,5.876505161e+00,-8.610260810e-02
982,5.099762916e+00,-3.480538129e+00,0.000000000e+00,6.174279510e+00,-8.610260810e-02
983,4.850183327e+00,-2.973542506e+00,0.000000000e+00,5.689132916e+00,-8.610260810e-02
984,4.871640479e+00,-3.096800262e+00,0.000000000e+00,5.772612304e+00,-8.610260810e-02
985,4.873475697e+00,-3.110277241e+00,0.000000000e+00,5.781400340e+00,-8.610260810e-02
986,5.675244718e+00,-3.074559938e+00,0.000000000e+00,6.454558190e+00,-8.610260810e-02
987,4.873952955e+00,-3.117577423e+00,0.000000000e+00,5.785733005e+00,-8.610260810e-02
988,5.213809556e+00,-3.401938562e+00,0.000000000e+00,6.225511711e+00,-8.610260810e-02
989,5.170017798e+00,-3.429433076e+00,0.000000000e+00,6.204038625e+00,-8.610260810e-02
990,4.252910720e+00,-3.805058082e+00,0.000000000e+00,5.706637942e+00,-8.610260810e-02
991,4.268142363e+00,-3.799293473e+00,0.000000000e+00,5.714163992e+00,-8.610260810e-02
992,6.301336965e+00,-7.898973823e+00,0.000000000e+00,1.010448589e+01,-8.610260810e-02
993,6.286010048e+00,-7.736921326e+00,0.000000000e+00,9.968644538e+00,-8.610260810e-02
994,7.397916245e+00,-8.988212692e+00,0.000000000e+00,1.164118259e+01,1.230720951e+01
995,7.436632589e+00,-9.062984469e+00,0.000000000e+00,1.172353154e+01,1.230720951e+01
996,7.491522373e+00,7.683291464e+00,0.000000000e+00,1.073107055e+01,1.230720951e+01
997,7.438713744e+00,7.605541536e+00,0.000000000e+00,1.063854897e+01,1.230720951e+01
998,3.926405774e+00,-3.908233114e+00,0.000000000e+00,5.539941189e+00,-8.610260810e-02
999,3.996050270e+00,-3.884196199e+00,0.000000000e+00,5.572737019e+00,-8.610260810e-02
1000,4.160678494e+00,-3.836274697e+00,0.000000000e+00,5.659350588e+00,-8.610260810e-02
1001,5.082317182e+00,-1.216745014e+01,0.000000000e+00,1.318623490e+01,-8.610260810e-02
1002,4.906549060e+00,-1.238799608e+01,0.000000000e+00,1.332428874e+01,-8.610260810e-02
1003,4.650282858e+00,-1.270159684e+01,0.000000000e+00,1.352611152e+01,-8.610260810e-02
1004,6.839479777e+00,-7.561613262e+00,0.000000000e+00,1.019590500e+01,1.230720951e+01
1005,6.898394547e+00,-7.767005541e+00,0.000000000e+00,1.038817705e+01,1.230720951e+01
1006,6.931539468e+00,-7.871626848e+00,0.000000000e+00,1.048850555e+01,1.230720951e+01
1007,6.944608502e+00,-7.911410070e+00,0.000000000e+00,1.052701271e+01,1.230720951e+01
1008,6.185790860e+00,-7.046951546e+00,0.000000000e+00,9.376755018e+00,-8.610260810e-02
1009,7.089570108e+00,-8.305562571e+00,0.000000000e+00,1.091990723e+01,1.230720951e+01
1010,7.118707998e+00,-8.376372368e+00,0.000000000e+00,1.099270747e+01,1.230720951e+01
1011,8.188958713e+00,4.946246233e+00,0.000000000e+00,9.566838380e+00,1.230720951e+01
1012,8.427684642e+00,4.713377990e+00,0.000000000e+00,9.656179395e+00,1.230720951e+01
1013,7.433383741e+00,-4.036885393e+00,0.000000000e+00,8.458820102e+00,1.230720951e+01
1014,7.340621184e+00,-4.152784563e+00,0.000000000e+00,8.433880423e+00,1.230720951e+01
1015,9.290077056e+00,-1.153185051e+01,0.000000000e+00,1.480841341e+01,1.230720951e+01
1016,9.522108662e+00,-1.176186383e+01,0.000000000e+00,1.513314224e+01,1.230720951e+01
1017,9.188134793e+00,-1.142703398e+01,0.000000000e+00,1.466284169e+01,1.230720951e+01
1018,9.124243145e+00,-1.135621846e+01,0.000000000e+00,1.456761857e+01,1.230720951e+01
1019,5.615747936e+00,-1.131450856e+01,0.000000000e+00,1.263149749e+01,-8.610260810e-02
1020,5.713538456e+00,-1.111127050e+01,0.000000000e+00,1.249419280e+01,-8.610260810e-02
1021,8.290499259e+00,8.479146565e+00,0.000000000e+00,1.185868055e+01,1.230720951e+01
1022,8.273992773e+00,8.467954071e+00,0.000000000e+00,1.183913859e+01,1.230720951e+01
1023,8.105713813e+00,-1.015508275e+01,0.000000000e+00,1.299339456e+01,1.230720951e+01
1024,8.196083961e+00,-1.027602743e+01,0.000000000e+00,1.314429656e+01,1.230720951e+01
1025,5.405369687e+00,-4.571298206e+00,0.000000000e+00,7.079179948e+00,-8.610260810e-02
1026,6.321005853e+00,-8.499533175e+00,0.000000000e+00,1.059231699e+01,-8.610260810e-02
1027,6.321757410e+00,-8.559019168e+00,0.000000000e+00,1.064055571e+01,-8.610260810e-02
1028,8.313704892e+00,-3.171125957e+00,0.000000000e+00,8.897962062e+00,1.230720951e+01
1029,2.690889237e-01,-8.344641437e+00,0.000000000e+00,8.348978954e+00,-8.610260810e-02
1030,2.694109601e-01,-8.655544490e+00,0.000000000e+00,8.659736294e+00,-8.610260810e-02
1031,3.311949800e-01,-9.691215511e+00,0.000000000e+00,9.696873114e+00,-8.610260810e-02
1032,2.962711990e-01,-9.328947744e+00,0.000000000e+00,9.333651088e+00,-8.610260810e-02
1033,7.133406619e+00,6.779528714e+00,0.000000000e+00,9.841112721e+00,1.230720951e+01
1034,7.133188077e+00,6.776253633e+00,0.000000000e+00,9.838698361e+00,1.230720951e+01
1035,3.251946769e-01,-9.812248766e+00,0.000000000e+00,9.817636040e+00,-8.610260810e-02
1036,3.630599010e-01,-1.018825760e+01,0.000000000e+00,1.019472439e+01,-8.610260810e-02
1037,8.964412726e+00,8.951112479e+00,0.000000000e+00,1.266819285e+01,1.230720951e+01
1038,9.247289364e+00,9.131936404e+00,0.000000000e+00,1.299633114e+01,1.230720951e+01
1039,8.751706537e+00,8.816709828e+00,0.000000000e+00,1.242283138e+01,1.230720951e+01
1040,2.844886921e-01,-8.835750377e+00,0.000000000e+00,8.840329097e+00,-8.610260810e-02
1041,3.037980136e-01,-9.175397865e+00,0.000000000e+00,9.180425873e+00,-8.610260810e-02
1042,2.427499025e-01,-6.651069578e+00,0.000000000e+00,6.655498031e+00,-8.610260810e-02
1043,2.389601588e-01,-6.340898982e+00,0.000000000e+00,6.345400055e+00,-8.610260810e-02
1044,5.467125454e+00,-4.723042704e+00,0.000000000e+00,7.224720972e+00,-8.610260810e-02
1045,7.017451306e+00,-4.655671893e+00,0.000000000e+00,8.421395585e+00,1.230720951e+01
1046,6.989249032e+00,-4.709588506e+00,0.000000000e+00,8.427919431e+00,1.230720951e+01
1047,7.135748967e+00,-4.447035827e+00,0.000000000e+00,8.408034310e+00,1.230720951e+01
1048,7.112814830e+00,-4.486370059e+00,0.000000000e+00,8.409497674e+00,1.230720951e+01
1049,3.499745161e+00,-4.023676269e+00,0.000000000e+00,5.332746658e+00,-8.610260810e-02
1050,3.637691120e+00,-3.991138482e+00,0.000000000e+00,5.400183615e+00,-8.610260810e-02
1051,8.009869227e+00,5.111272118e+00,0.000000000e+00,9.501742350e+00,1.230720951e+01
1052,8.093567580e+00,5.036308774e+00,0.000000000e+00,9.532588434e+00,1.230720951e+01
1053,2.404488969e+00,-2.878504300e+00,0.000000000e+00,3.750647172e+00,1.230720951e+01
1054,2.364912378e+00,-2.928550000e+00,0.000000000e+00,3.764201862e+00,1.230720951e+01
1055,6.317009267e+00,-8.160704610e+00,0.000000000e+00,1.031996637e+01,-8.610260810e-02
1056,6.319528492e+00,-8.249929866e+00,0.000000000e+00,1.039219819e+01,-8.610260810e-02
1057,7.002999804e+00,-8.077991727e+00,0.000000000e+00,1.069092871e+01,1.230720951e+01
1058,7.003688370e+00,-8.080021448e+00,0.000000000e+00,1.069291342e+01,1.230720951e+01
1059,4.247862064e+00,2.059414903e+00,0.000000000e+00,4.720754374e+00,-8.610260810e-02
1060,7.820301675e+00,-9.378012197e-01,0.000000000e+00,7.876330962e+00,-8.610260810e-02
1061,7.941371110e+00,-6.916438180e-01,0.000000000e+00,7.971433139e+00,-8.610260810e-02
1062,4.455204457e+00,3.175689008e+00,0.000000000e+00,5.471183366e+00,-8.610260810e-02
1063,7.713223716e+00,-1.123102097e+00,0.000000000e+00,7.794560822e+00,-8.610260810e-02
1064,7.614549584e+00,-1.275397737e+00,0.000000000e+00,7.720622045e+00,-8.610260810e-02
1065,7.529068356e+00,-1.396377194e+00,0.000000000e+00,7.657462999e+00,-8.610260810e-02
1066,4.625430719e+00,3.572732254e+00,0.000000000e+00,5.844572276e+00,-8.610260810e-02
1067,4.655072469e+00,3.617383453e+00,0.000000000e+00,5.895350942e+00,-8.610260810e-02
1068,4.789866778e+00,3.784142372e+00,0.000000000e+00,6.104306451e+00,-8.610260810e-02
1069,8.208331327e+00,5.629741308e-01,0.000000000e+00,8.227614663e+00,-8.610260810e-02
1070,8.204000754e+00,6.926621681e-01,0.000000000e+00,8.233189495e+00,-8.610260810e-02
1071,6.311164541e+00,-2.593518213e+00,0.000000000e+00,6.823278873e+00,-8.610260810e-02
1072,6.276186001e+00,-2.622279847e+00,0.000000000e+00,6.801974883e+00,-8.610260810e-02
1073,7.674938579e+00,7.904828918e+00,0.000000000e+00,1.101775850e+01,1.230720951e+01
1074,6.702746278e+00,-6.881046680e+00,0.000000000e+00,9.606019524e+00,1.230720951e+01
1075,6.912861391e+00,-7.812546816e+00,0.000000000e+00,1.043185220e+01,1.230720951e+01
1076,6.838047290e+00,-7.556902826e+00,0.000000000e+00,1.019145088e+01,1.230720951e+01
1077,7.923201786e+00,-9.888215671e+00,0.000000000e+00,1.267098795e+01,1.230720951e+01
1078,7.808611659e+00,-9.712836848e+00,0.000000000e+00,1.246248834e+01,1.230720951e+01
1079,8.024206884e+00,-1.003218749e+01,0.000000000e+00,1.284650466e+01,1.230720951e+01
1080,6.061183118e+00,-1.022103999e+01,0.000000000e+00,1.188308038e+01,-8.610260810e-02
1081,7.255192034e+00,5.987294237e+00,0.000000000e+00,9.406673362e+00,1.230720951e+01
1082,7.285100000e+00,5.922378569e+00,0.000000000e+00,9.388676687e+00,1.230720951e+01
1083,5.978343618e+00,-6.170738391e+00,0.000000000e+00,8.591775410e+00,-8.610260810e-02
1084,5.950172702e+00,-6.076673537e+00,0.000000000e+00,8.504734944e+00,-8.610260810e-02
1085,6.683759721e+00,-6.726900000e+00,0.000000000e+00,9.482817494e+00,1.230720951e+01
1086,6.926171476e+00,-4.845527846e+00,0.000000000e+00,8.452868828e+00,1.230720951e+01
1087,6.795183271e+00,-5.205929709e+00,0.000000000e+00,8.560153025e+00,1.230720951e+01
1088,6.749178234e+00,-5.383174666e+00,0.000000000e+00,8.633074558e+00,1.230720951e+01
1089,7.745769025e+00,5.364528492e+00,0.000000000e+00,9.422054114e+00,1.230720951e+01
1090,8.209658702e+00,8.414898958e+00,0.000000000e+00,1.175623326e+01,1.230720951e+01
1091,2.446000000e+00,-2.806806668e+00,0.000000000e+00,3.723047095e+00,1.230720951e+01
1092,6.304571650e+00,-7.949291648e+00,0.000000000e+00,1.014587904e+01,-8.610260810e-02
1093,6.307875071e+00,-8.011246995e+00,0.000000000e+00,1.019653698e+01,-8.610260810e-02
1094,6.322215456e+00,-8.370987088e+00,0.000000000e+00,1.049017793e+01,-8.610260810e-02
1095,2.524842170e+00,-2.608463708e+00,0.000000000e+00,3.630276973e+00,1.230720951e+01
1096,2.482098168e+00,-2.728583201e+00,0.000000000e+00,3.688628146e+00,1.230720951e+01
1097,2.352250000e+00,-1.721891774e+00,0.000000000e+00,2.915131445e+00,1.230720951e+01
1098,6.293061402e+00,-9.033446710e+00,0.000000000e+00,1.100934972e+01,-8.610260810e-02
1099,6.292794102e+00,-9.037561846e+00,0.000000000e+00,1.101257380e+01,-8.610260810e-02
1100,6.042992805e+00,-6.405987963e+00,0.000000000e+00,8.806500089e+00,-8.610260810e-02
1101,6.023942737e+00,-6.335401094e+00,0.000000000e+00,8.742150371e+00,-8.610260810e-02
1102,1.685745385e+00,-4.046412719e+00,0.000000000e+00,4.383513819e+00,-8.610260810e-02
1103,6.203077079e+00,-2.680265485e+00,0.000000000e+00,6.757365486e+00,-8.610260810e-02
1104,4.211741358e+00,1.651921203e+00,0.000000000e+00,4.524114159e+00,-8.610260810e-02
1105,4.215279417e+00,1.702410584e+00,0.000000000e+00,4.546073291e+00,-8.610260810e-02
1106,4.605915872e+00,3.536209946e+00,0.000000000e+00,5.806827172e+00,-8.610260810e-02
1107,7.476355381e+00,5.644976579e+00,0.000000000e+00,9.368118827e+00,1.230720951e+01
1108,7.537349724e+00,5.577164246e+00,0.000000000e+00,9.376374666e+00,1.230720951e+01
1109,7.737000140e+00,7.978647270e+00,0.000000000e+00,1.111395445e+01,1.230720951e+01
1110,7.959979976e+00,8.194393208e+00,0.000000000e+00,1.142406938e+01,1.230720951e+01
1111,8.077280902e+00,-1.011113087e+01,0.000000000e+00,1.294130729e+01,1.230720951e+01
1112,5.843238758e+00,-1.082426041e+01,0.000000000e+00,1.230073383e+01,-8.610260810e-02
1113,6.259279179e+00,-9.312317650e+00,0.000000000e+00,1.122042048e+01,-8.610260810e-02
1114,6.275116560e+00,-9.200405486e+00,0.000000000e+00,1.113663095e+01,-8.610260810e-02
1115,6.837764132e+00,-5.077662245e+00,0.000000000e+00,8.516905084e+00,1.230720951e+01
1116,2.542215635e+00,-2.545971858e+00,0.000000000e+00,3.597892861e+00,1.230720951e+01
1117,6.261008944e+00,-7.523544322e+00,0.000000000e+00,9.787949333e+00,-8.610260810e-02
1118,6.316643448e+00,-8.705732645e+00,0.000000000e+00,1.075591769e+01,-8.610260810e-02
1119,6.312247721e+00,-8.803560803e+00,0.000000000e+00,1.083268914e+01,-8.610260810e-02
1120,7.514784158e+00,-1.415763160e+00,0.000000000e+00,7.646984129e+00,-8.610260810e-02
1121,4.480140971e+00,-1.235320014e+00,0.000000000e+00,4.647330272e+00,-8.610260810e-02
1122,4.478964632e+00,-1.230406706e+00,0.000000000e+00,4.644892338e+00,-8.610260810e-02
1123,4.624732693e+00,-1.872767940e+00,0.000000000e+00,4.989530262e+00,-8.610260810e-02
1124,4.474375516e+00,-1.211641531e+00,0.000000000e+00,4.635527096e+00,-8.610260810e-02
1125,4.450172106e+00,-1.106896943e+00,0.000000000e+00,4.585766306e+00,-8.610260810e-02
1126,4.446686383e+00,-1.091114152e+00,0.000000000e+00,4.578596934e+00,-8.610260810e-02
1127,4.422173782e+00,-9.807022694e-01,0.000000000e+00,4.529613439e+00,-8.610260810e-02
1128,4.185107323e+00,9.600348942e-01,0.000000000e+00,4.293808368e+00,-8.610260810e-02
1129,4.185498433e+00,1.040836345e+00,0.000000000e+00,4.312973155e+00,-8.610260810e-02
1130,4.200107527e+00,1.459304275e+00,0.000000000e+00,4.446399915e+00,-8.610260810e-02
1131,4.204932752e+00,1.549730922e+00,0.000000000e+00,4.481420018e+00,-8.610260810e-02
1132,4.294184638e+00,-3.553835104e-01,0.000000000e+00,4.308865181e+00,-8.610260810e-02
1133,4.352072085e+00,-6.589524089e-01,0.000000000e+00,4.401675785e+00,-8.610260810e-02
1134,4.199596610e+00,4.386615737e-01,0.000000000e+00,4.222444276e+00,-8.610260810e-02
1135,4.194201598e+00,5.305881358e-01,0.000000000e+00,4.227629455e+00,-8.610260810e-02
1136,5.450238540e+00,4.026775435e+00,0.000000000e+00,6.776431254e+00,-8.610260810e-02
1137,5.610094143e+00,4.011294043e+00,0.000000000e+00,6.896639486e+00,-8.610260810e-02
1138,5.349990168e+00,4.024512117e+00,0.000000000e+00,6.694706310e+00,-8.610260810e-02
1139,4.251800157e+00,-9.545257879e-02,0.000000000e+00,4.252871474e+00,-8.610260810e-02
1140,7.836290704e+00,2.096086469e+00,0.000000000e+00,8.111783434e+00,-8.610260810e-02
1141,7.936696335e+00,1.870258444e+00,0.000000000e+00,8.154079676e+00,-8.610260810e-02
1142,7.999634541e+00,1.706435701e+00,0.000000000e+00,8.179613413e+00,-8.610260810e-02
1143,7.753011937e+00,2.260837550e+00,0.000000000e+00,8.075925985e+00,-8.610260810e-02
1144,4.298710470e+00,2.427181391e+00,0.000000000e+00,4.936610296e+00,-8.610260810e-02
1145,4.962750156e+00,3.915232197e+00,0.000000000e+00,6.321228699e+00,-8.610260810e-02
1146,5.065098264e+00,3.963940402e+00,0.000000000e+00,6.431799432e+00,-8.610260810e-02
1147,5.105692484e+00,3.978054759e+00,0.000000000e+00,6.472481394e+00,-8.610260810e-02
1148,8.120031784e+00,1.290544672e+00,0.000000000e+00,8.221947563e+00,-8.610260810e-02
1149,8.071186106e+00,1.484367139e+00,0.000000000e+00,8.206545617e+00,-8.610260810e-02
1150,7.644232691e+00,2.451508303e+00,0.000000000e+00,8.027713646e+00,-8.610260810e-02
1151,7.568744651e+00,2.569193089e+00,0.000000000e+00,7.992912406e+00,-8.610260810e-02
1152,7.394183690e+00,2.809102123e+00,0.000000000e+00,7.909804497e+00,-8.610260810e-02
1153,7.442358452e+00,2.746772705e+00,0.000000000e+00,7.933061176e+00,-8.610260810e-02
1154,7.526429019e+00,2.630652448e+00,0.000000000e+00,7.972920800e+00,-8.610260810e-02
1155,7.738585853e+00,2.287384467e+00,0.000000000e+00,8.069562486e+00,-8.610260810e-02
1156,7.501488171e+00,-1.433392450e+00,0.000000000e+00,7.637207519e+00,-8.610260810e-02
1157,7.429963778e+00,-1.524873292e+00,0.000000000e+00,7.584826979e+00,-8.610260810e-02
1158,7.421444875e+00,-1.535320227e+00,0.000000000e+00,7.578591705e+00,-8.610260810e-02
1159,7.341487106e+00,-1.631521921e+00,0.000000000e+00,7.520591513e+00,-8.610260810e-02
1160,4.504157711e+00,3.313304585e+00,0.000000000e+00,5.591549335e+00,-8.610260810e-02
1161,4.536984254e+00,3.395137961e+00,0.000000000e+00,5.666673442e+00,-8.610260810e-02
1162,4.491866108e+00,3.282514857e+00,0.000000000e+00,5.563431038e+00,-8.610260810e-02
1163,4.681933995e+00,-2.121493980e+00,0.000000000e+00,5.140159787e+00,-8.610260810e-02
1164,4.703292968e+00,-2.210859450e+00,0.000000000e+00,5.197005316e+00,-8.610260810e-02
1165,4.715470689e+00,-2.268334240e+00,0.000000000e+00,5.232686121e+00,-8.610260810e-02
1166,8.055146684e+00,1.538932513e+00,0.000000000e+00,8.200835408e+00,-8.610260810e-02
1167,5.882250105e+00,-2.923585270e+00,0.000000000e+00,6.568730252e+00,-8.610260810e-02
1168,4.211155459e+00,-3.818879552e+00,0.000000000e+00,5.684863352e+00,-8.610260810e-02
1169,4.315452336e+00,-3.784572643e+00,0.000000000e+00,5.739870987e+00,-8.610260810e-02
1170,5.277561952e+00,-4.268461952e+00,0.000000000e+00,6.787667317e+00,-8.610260810e-02
1171,7.346278613e+00,-8.882854831e+00,0.000000000e+00,1.152705164e+01,1.230720951e+01
1172,7.475940134e+00,-9.138450673e+00,0.000000000e+00,1.180681844e+01,1.230720951e+01
1173,6.966714171e+00,-7.975954373e+00,0.000000000e+00,1.059013477e+01,1.230720951e+01
1174,7.059328077e+00,-8.227560969e+00,0.000000000e+00,1.084098115e+01,1.230720951e+01
1175,7.180126020e+00,-8.521785352e+00,0.000000000e+00,1.114338527e+01,1.230720951e+01
1176,8.838598523e+00,4.217493022e+00,0.000000000e+00,9.793266628e+00,1.230720951e+01
1177,8.696318053e+00,4.409211720e+00,0.000000000e+00,9.750235673e+00,1.230720951e+01
1178,7.719427123e+00,-3.722092632e+00,0.000000000e+00,8.569919992e+00,1.230720951e+01
1179,7.647689987e+00,-3.797130443e+00,0.000000000e+00,8.538463664e+00,1.230720951e+01
1180,7.249085867e+00,-4.276671836e+00,0.000000000e+00,8.416600733e+00,1.230720951e+01
1181,5.767519069e+00,-1.100115616e+01,0.000000000e+00,1.242134103e+01,-8.610260810e-02
1182,2.390358761e-01,-6.148758243e+00,0.000000000e+00,6.153402805e+00,-8.610260810e-02
1183,8.240603692e+00,-1.033620457e+01,0.000000000e+00,1.321910262e+01,1.230720951e+01
1184,8.264531961e+00,-1.036524944e+01,0.000000000e+00,1.325672978e+01,1.230720951e+01
1185,7.213716656e+00,6.099697125e+00,0.000000000e+00,9.446904944e+00,1.230720951e+01
1186,2.471558756e-01,-6.894898198e+00,0.000000000e+00,6.899326575e+00,-8.610260810e-02
1187,6.963342274e+00,-4.765670104e+00,0.000000000e+00,8.437994262e+00,1.230720951e+01
1188,7.059468562e+00,-4.576923024e+00,0.000000000e+00,8.413341830e+00,1.230720951e+01
1189,7.154957172e+00,-4.416585128e+00,0.000000000e+00,8.408307578e+00,1.230720951e+01
1190,6.657066917e+00,-6.316351418e+00,0.000000000e+00,9.176755155e+00,1.230720951e+01
1191,6.657336739e+00,-6.339726818e+00,0.000000000e+00,9.193055454e+00,1.230720951e+01
1192,9.041939937e-01,-4.120348265e+00,0.000000000e+00,4.218392656e+00,-8.610260810e-02
1193,8.277500000e-01,-4.140935851e+00,0.000000000e+00,4.222856827e+00,-8.610260810e-02
1194,7.004134483e+00,-8.081335753e+00,0.000000000e+00,1.069419877e+01,1.230720951e+01
1195,6.235173061e+00,-7.342412515e+00,0.000000000e+00,9.632673805e+00,-8.610260810e-02
1196,7.146010388e-01,-4.173549522e+00,0.000000000e+00,4.234285094e+00,-8.610260810e-02
1197,8.193462850e+00,2.530125877e-01,0.000000000e+00,8.197368410e+00,-8.610260810e-02
1198,8.184834327e+00,1.714297099e-01,0.000000000e+00,8.186629411e+00,-8.610260810e-02
1199,5.889597604e+00,3.940445584e+00,0.000000000e+00,7.086216998e+00,-8.610260810e-02
1200,6.104295047e+00,3.853402075e+00,0.000000000e+00,7.218803611e+00,-8.610260810e-02
1201,4.372260116e+00,2.851955999e+00,0.000000000e+00,5.220183094e+00,-8.610260810e-02
1202,4.377928202e+00,2.876984255e+00,0.000000000e+00,5.238634721e+00,-8.610260810e-02
1203,6.784880633e+00,-2.195738756e+00,0.000000000e+00,7.131330443e+00,-8.610260810e-02
1204,6.704475463e+00,-2.266015509e+00,0.000000000e+00,7.077062775e+00,-8.610260810e-02
1205,6.530390989e+00,-2.415574407e+00,0.000000000e+00,6.962830329e+00,-8.610260810e-02
1206,6.468528949e+00,-2.466848401e+00,0.000000000e+00,6.922947912e+00,-8.610260810e-02
1207,6.403259882e+00,-2.520246956e+00,0.000000000e+00,6.881379355e+00,-8.610260810e-02
1208,7.336032948e+00,5.827999711e+00,0.000000000e+00,9.369256110e+00,1.230720951e+01
1209,7.534300181e+00,-9.244626356e+00,0.000000000e+00,1.192597148e+01,1.230720951e+01
1210,2.446000000e+00,-1.812087745e+00,0.000000000e+00,3.044105451e+00,1.230720951e+01
1211,2.496393294e+00,-1.899478729e+00,0.000000000e+00,3.136877256e+00,1.230720951e+01
1212,6.292216685e+00,-9.044357744e+00,0.000000000e+00,1.101782183e+01,-8.610260810e-02
1213,7.234278251e+00,7.243449664e+00,0.000000000e+00,1.023730164e+01,1.230720951e+01
1214,7.194284599e+00,7.132647456e+00,0.000000000e+00,1.013076456e+01,1.230720951e+01
1215,7.153719227e+00,6.958703040e+00,0.000000000e+00,9.979942223e+00,1.230720951e+01
1216,6.058029300e+00,-6.464740431e+00,0.000000000e+00,8.859604271e+00,-8.610260810e-02
1217,5.988064153e+00,-6.206046106e+00,0.000000000e+00,8.623915617e+00,-8.610260810e-02
1218,7.356844107e-01,-4.167523277e+00,0.000000000e+00,4.231959572e+00,-8.610260810e-02
1219,4.190764848e+00,6.169183076e-01,0.000000000e+00,4.235929439e+00,-8.610260810e-02
1220,7.362713777e+00,5.789800000e+00,0.000000000e+00,9.366500852e+00,1.230720951e+01
1221,4.379017708e+00,-7.823628356e-01,0.000000000e+00,4.448357865e+00,-8.610260810e-02
1222,4.394671279e+00,-8.544911291e-01,0.000000000e+00,4.476973390e+00,-8.610260810e-02
1223,4.403401003e+00,-8.947997124e-01,0.000000000e+00,4.493395923e+00,-8.610260810e-02
1224,4.187252177e+00,1.122882057e+00,0.000000000e+00,4.335198370e+00,-8.610260810e-02
1225,8.208264445e+00,5.234855192e-01,0.000000000e+00,8.224940261e+00,-8.610260810e-02
1226,4.189097123e+00,1.211712697e+00,0.000000000e+00,4.360823589e+00,-8.610260810e-02
1227,4.187491014e+00,7.046475066e-01,0.000000000e+00,4.246364221e+00,-8.610260810e-02
1228,6.439975739e+00,3.671510086e+00,0.000000000e+00,7.413047540e+00,-8.610260810e-02
1229,4.552760862e+00,3.432442898e+00,0.000000000e+00,5.701692355e+00,-8.610260810e-02
1230,5.245336594e+00,-1.193346530e+01,0.000000000e+00,1.303538070e+01,-8.610260810e-02
1231,8.571244166e+00,-2.948602715e+00,0.000000000e+00,9.064242082e+00,1.230720951e+01
1232,7.134640693e+00,6.793404415e+00,0.000000000e+00,9.851570503e+00,1.230720951e+01
1233,7.182102793e+00,-8.526013929e+00,0.000000000e+00,1.114789281e+01,1.230720951e+01
1234,7.241515322e+00,-8.663587354e+00,0.000000000e+00,1.129146979e+01,1.230720951e+01
1235,1.124633939e+00,-4.069463332e+00,0.000000000e+00,4.222005839e+00,-8.610260810e-02
1236,7.947198364e+00,-6.783112892e-01,0.000000000e+00,7.976093533e+00,-8.610260810e-02
1237,6.243928238e+00,3.784903859e+00,0.000000000e+00,7.301516080e+00,-8.610260810e-02
1238,4.462672974e+00,3.198398735e+00,0.000000000e+00,5.490464874e+00,-8.610260810e-02
1239,7.338902899e+00,7.452252609e+00,0.000000000e+00,1.045923347e+01,1.230720951e+01
1240,6.210635857e+00,-9.609489602e+00,0.000000000e+00,1.144177819e+01,-8.610260810e-02
1241,6.232402424e+00,-9.494337452e+00,0.000000000e+00,1.135716882e+01,-8.610260810e-02
1242,7.129037030e+00,6.591951001e+00,0.000000000e+00,9.709633720e+00,1.230720951e+01
1243,7.144160575e+00,6.411260746e+00,0.000000000e+00,9.599129891e+00,1.230720951e+01
1244,6.655716106e+00,-6.185416312e+00,0.000000000e+00,9.086139546e+00,1.230720951e+01
1245,4.223462818e+00,1.804991725e+00,0.000000000e+00,4.592998291e+00,-8.610260810e-02
1246,8.135157316e+00,-1.188983340e-01,0.000000000e+00,8.136026141e+00,-8.610260810e-02
1247,4.367708117e+00,-7.282620764e-01,0.000000000e+00,4.428006306e+00,-8.610260810e-02
1248,4.354368691e+00,-6.701135072e-01,0.000000000e+00,4.405630353e+00,-8.610260810e-02
1249,5.914229885e+00,3.931031856e+00,0.000000000e+00,7.101487632e+00,-8.610260810e-02
1250,4.915911764e+00,-3.362922757e+00,0.000000000e+00,5.956126085e+00,-8.610260810e-02
1251,7.462377083e+00,2.719976863e+00,0.000000000e+00,7.942628398e+00,-8.610260810e-02
1252,8.043344122e+00,1.576780973e+00,0.000000000e+00,8.196439648e+00,-8.610260810e-02
1253,5.878125769e+00,-2.926412267e+00,0.000000000e+00,6.566296621e+00,-8.610260810e-02
1254,8.511367595e+00,4.628340748e+00,0.000000000e+00,9.688390807e+00,1.230720951e+01
1255,8.389807925e+00,-1.052546748e+01,0.000000000e+00,1.346010188e+01,1.230720951e+01
1256,2.319055750e-01,-6.244958417e+00,0.000000000e+00,6.249262823e+00,-8.610260810e-02
1257,2.364968119e-01,-6.217539093e+00,0.000000000e+00,6.222035287e+00,-8.610260810e-02
1258,7.032134760e+00,-4.628993979e+00,0.000000000e+00,8.418937257e+00,1.230720951e+01
1259,6.662723073e+00,-6.459433271e+00,0.000000000e+00,9.279879144e+00,1.230720951e+01
1260,1.722717283e+00,-1.943535356e+00,0.000000000e+00,2.597130054e+00,1.230720951e+01
1261,8.179079449e+00,1.243129868e-01,0.000000000e+00,8.180024105e+00,-8.610260810e-02
1262,6.329186834e+00,3.738187392e+00,0.000000000e+00,7.350690509e+00,-8.610260810e-02
1263,4.384602231e+00,2.907911192e+00,0.000000000e+00,5.261243601e+00,-8.610260810e-02
1264,6.466816884e+00,-2.468305141e+00,0.000000000e+00,6.921867586e+00,-8.610260810e-02
1265,7.597436512e+00,-9.359910382e+00,0.000000000e+00,1.205524632e+01,1.230720951e+01
1266,2.258500000e+00,-1.678251383e+00,0.000000000e+00,2.813778590e+00,1.230720951e+01
1267,6.008204130e+00,-6.276547409e+00,0.000000000e+00,8.688703254e+00,-8.610260810e-02
1268,6.011153398e+00,-6.287014993e+00,0.000000000e+00,8.698305737e+00,-8.610260810e-02
1269,5.971281639e+00,-1.049504138e+01,0.000000000e+00,1.207485395e+01,-8.610260810e-02
1270,6.660933297e+00,-6.017042992e+00,0.000000000e+00,8.976237450e+00,1.230720951e+01
1271,4.352011935e+00,2.755965448e+00,0.000000000e+00,5.151247754e+00,-8.610260810e-02
1272,4.361173347e+00,2.800165126e+00,0.000000000e+00,5.182736506e+00,-8.610260810e-02
1273,5.284301781e+00,-1.188524144e+01,0.000000000e+00,1.300702923e+01,-8.610260810e-02
1274,7.622588886e+00,-3.822720058e+00,0.000000000e+00,8.527429271e+00,1.230720951e+01
1275,5.454306899e+00,-1.161027688e+01,0.000000000e+00,1.282762616e+01,-8.610260810e-02
1276,6.672517609e+00,-5.859030924e+00,0.000000000e+00,8.879793613e+00,1.230720951e+01
1277,6.655939095e+00,-6.262247850e+00,0.000000000e+00,9.138778550e+00,1.230720951e+01
1278,7.686250000e-01,-4.158344547e+00,0.000000000e+00,4.228783958e+00,-8.610260810e-02
1279,8.079204187e-01,-4.149124411e+00,0.000000000e+00,4.227052020e+00,-8.610260810e-02
1280,6.169195052e+00,3.822756359e+00,0.000000000e+00,7.257577679e+00,-8.610260810e-02
1281,6.410659026e+00,3.689104812e+00,0.000000000e+00,7.396353390e+00,-8.610260810e-02
1282,4.362343747e+00,2.805731423e+00,0.000000000e+00,5.186730356e+00,-8.610260810e-02
1283,6.657028074e+00,-6.101787425e+00,0.000000000e+00,9.030383854e+00,1.230720951e+01
1284,5.117144002e+00,-3.907161360e+00,0.000000000e+00,6.438250743e+00,-8.610260810e-02
1285,5.943018919e+00,-2.878848949e+00,0.000000000e+00,6.603578207e+00,-8.610260810e-02
1286,2.370610096e-01,-6.744846339e+00,0.000000000e+00,6.749011043e+00,-8.610260810e-02
1287,2.251742380e+00,-1.677134713e+00,0.000000000e+00,2.807690259e+00,1.230720951e+01
1288,2.304486666e+00,-2.983991525e+00,0.000000000e+00,3.770260497e+00,1.230720951e+01
1289,7.249382157e+00,-8.681171877e+00,0.000000000e+00,1.131000826e+01,1.230720951e+01
